user,stratum,history_length,lp_current,lp_equal_fine_norm,lp_zero_all_position,norm_only_gain,zero_position_delta
AIB5B9WTNVEKC,tail_hit,5,-0.7961300015449524,-1.0413434505462646,-0.9946277141571045,-0.24521344900131226,-0.1984977126121521
A08409921GVN7C8RD97CV,tail_hit,3,-0.5785069465637207,-3.343808889389038,-0.6063836216926575,-2.7653019428253174,-0.027876675128936768
A17S9Q2RZW4NVJ,tail_hit,3,-0.6913447976112366,-0.4535067677497864,-0.8117157220840454,0.2378380298614502,-0.12037092447280884
A1CBCTJ0VF4RI1,tail_hit,3,-0.765282154083252,-1.4314087629318237,-0.7202312350273132,-0.6661266088485718,0.04505091905593872
A2A5DGNAJRHSH,tail_hit,5,-0.28772348165512085,-0.389125794172287,-0.4122040271759033,-0.10140231251716614,-0.12448054552078247
A23RZIU0N8K2KR,tail_hit,20,-0.7567293643951416,-0.9812040328979492,-0.7965167164802551,-0.22447466850280762,-0.039787352085113525
A2UXV0M5RRYT0L,tail_hit,3,-0.8186981081962585,-1.7234374284744263,-0.8914405107498169,-0.9047393202781677,-0.07274240255355835
A2900PFIZYAJ0H,tail_hit,3,-0.11720112711191177,-0.06356237083673477,-0.22173187136650085,0.053638756275177,-0.10453074425458908
A1RLP0R1N8H8C4,tail_hit,11,-0.8494237065315247,-0.7935025095939636,-0.8548455238342285,0.055921196937561035,-0.005421817302703857
A3G3UIABN8BEFH,tail_hit,3,-0.074092797935009,-0.052360765635967255,-0.8081012964248657,0.021732032299041748,-0.7340084984898567
AZKN9KO2ECFFZ,tail_hit,5,-0.1315697431564331,-0.034817565232515335,-0.3024918735027313,0.09675217792391777,-0.17092213034629822
AQNNNYLDZEY2H,tail_hit,4,-0.7904810905456543,-1.6118566989898682,-0.7055245637893677,-0.8213756084442139,0.08495652675628662
ASYVI9TLV4WPI,tail_hit,3,-0.5753403306007385,-0.6168347597122192,-0.547117292881012,-0.04149442911148071,0.028223037719726562
A3AHOSISKNBLZ6,tail_hit,14,-0.033861346542835236,-0.012133990414440632,-0.2542394697666168,0.021727356128394604,-0.22037812322378159
A1R75AU7A2K4VR,tail_hit,3,-0.7474482655525208,-1.7789418697357178,-0.9656475782394409,-1.031493604183197,-0.21819931268692017
A1HFSY6W8LJNJM,tail_hit,9,-0.30396077036857605,-0.050205498933792114,-0.5501100420951843,0.25375527143478394,-0.24614927172660828
ADJGWYUDUXXB7,tail_hit,3,-0.20495903491973877,-0.13985933363437653,-0.2595372498035431,0.06509970128536224,-0.05457821488380432
AEDW02H5TT0LJ,tail_hit,5,-0.9015401601791382,-1.4161068201065063,-1.1821491718292236,-0.5145666599273682,-0.28060901165008545
A4R79I9TIZDPR,tail_hit,4,-0.4767313003540039,-0.9605182409286499,-0.6331959962844849,-0.483786940574646,-0.15646469593048096
A2JO2R4FX91KD2,tail_hit,6,-0.6039398908615112,-0.561837375164032,-1.0176243782043457,0.04210251569747925,-0.4136844873428345
A25FX5SH169PWQ,tail_hit,3,-0.8885330557823181,-1.8247274160385132,-0.30619996786117554,-0.9361943602561951,0.5823330879211426
A3FNDWADUT516X,tail_hit,4,-0.8790567517280579,-1.1443554162979126,-0.8868411779403687,-0.26529866456985474,-0.007784426212310791
A2K4HN6EECBNR3,tail_hit,20,-0.8269520401954651,-0.8668063879013062,-1.960595965385437,-0.039854347705841064,-1.133643925189972
A3BE0FXM74OHSK,tail_hit,4,-0.41551724076271057,-0.4938826560974121,-0.9775853753089905,-0.07836541533470154,-0.5620681345462799
A3VEY6S5325K20,tail_hit,4,-0.8713321089744568,-1.0106422901153564,-0.8639948964118958,-0.13931018114089966,0.007337212562561035
A3B8498BJESEGB,tail_hit,3,-0.06709475070238113,-0.1289471536874771,-0.12509311735630035,-0.06185240298509598,-0.05799836665391922
A2KZ88FJPSBU8E,tail_hit,5,-0.8030425906181335,-2.7331795692443848,-0.538398027420044,-1.9301369786262512,0.2646445631980896
AVELT2UOALKEM,tail_hit,4,-0.46584048867225647,-0.5100212097167969,-0.39190563559532166,-0.044180721044540405,0.07393485307693481
A6LD1EKWZB49M,tail_hit,3,-0.16049699485301971,-0.20919832587242126,-0.21983031928539276,-0.04870133101940155,-0.05933332443237305
A3NQHL0D2ODQQL,tail_hit,6,-0.001393940532580018,-0.0005256857839412987,-0.06967546790838242,0.0008682547486387193,-0.0682815273758024
A2LBR5V8W5JCHD,tail_hit,9,-0.8731130361557007,-1.3164392709732056,-0.6987005472183228,-0.4433262348175049,0.17441248893737793
A1I1PLTN223ERB,tail_hit,3,-0.34258177876472473,-1.8710566759109497,-0.3745301067829132,-1.528474897146225,-0.03194832801818848
A2CQCK7SRD2J02,tail_hit,4,-0.5862621665000916,-2.9350383281707764,-0.3447495400905609,-2.348776161670685,0.24151262640953064
A1BVALMLWA8IW3,tail_hit,3,-0.5849550366401672,-0.49823063611984253,-0.7764269709587097,0.08672440052032471,-0.19147193431854248
A2RWR4QOMFFO63,tail_hit,4,-0.9157703518867493,-1.7814669609069824,-0.8022798299789429,-0.8656966090202332,0.1134905219078064
A13NR8NV9C8VVZ,tail_hit,8,-0.33597785234451294,-0.31121161580085754,-0.588771402835846,0.024766236543655396,-0.252793550491333
A32TCWAILP09A2,tail_hit,6,-0.6088709235191345,-1.1337554454803467,-0.7849334478378296,-0.5248845219612122,-0.17606252431869507
A2T7QV5SLJXBN8,tail_hit,3,-0.6896587014198303,-0.4426134526729584,-0.6462971568107605,0.24704524874687195,0.043361544609069824
AOAOARIH72UWI,tail_hit,20,-0.7076719999313354,-0.43981119990348816,-1.1338642835617065,0.2678608000278473,-0.4261922836303711
A6JSPMY3YH1K,tail_hit,14,-0.07176058739423752,-0.03036895953118801,-1.0745704174041748,0.04139162786304951,-1.0028098300099373
AEZD6FM4V0BZL,tail_hit,3,-0.689867377281189,-1.4570382833480835,-0.7310875654220581,-0.7671709060668945,-0.04122018814086914
AZ2UU2UYXECYX,tail_hit,6,-0.7553308606147766,-0.5799462199211121,-0.6693835258483887,0.17538464069366455,0.08594733476638794
A2DQQUEPK53ORW,tail_hit,7,-0.5325320959091187,-0.45202726125717163,-0.6620116233825684,0.08050483465194702,-0.1294795274734497
A2C0SBRSJNEDPW,tail_hit,4,-0.5726613402366638,-0.8354770541191101,-0.4434923827648163,-0.2628157138824463,0.12916895747184753
A2ZY49IDE6TY5I,tail_hit,20,-0.1550038903951645,-0.06555189192295074,-1.2960176467895508,0.08945199847221375,-1.1410137563943863
A2GAR1ZPZFO28,tail_hit,8,-0.3945653438568115,-0.4736235737800598,-0.5441614985466003,-0.07905822992324829,-0.14959615468978882
A4ZGDN3SEMB7T,tail_hit,7,-0.3931385576725006,-0.6764606237411499,-0.5172876715660095,-0.2833220660686493,-0.12414911389350891
A2RJTIE73NPN3C,tail_hit,3,-0.6285828948020935,-0.8891276121139526,-0.6077942252159119,-0.26054471731185913,0.02078866958618164
A1BZHQ8C4F0M3T,tail_hit,5,-1.1275880336761475,-2.546997547149658,-1.1175016164779663,-1.4194095134735107,0.010086417198181152
A1UXNOX03UE9F4,tail_hit,5,-0.36913731694221497,-0.4771418273448944,-0.3045356571674347,-0.10800451040267944,0.06460165977478027
AU1QS79HSMNFV,tail_hit,3,-0.5306318998336792,-3.7223892211914062,-0.5991260409355164,-3.191757321357727,-0.06849414110183716
A1SAHMB8L5XG2D,tail_hit,15,-0.8137955665588379,-0.6763134598731995,-0.8260745406150818,0.13748210668563843,-0.012278974056243896
A33H01BTWQ1H7X,tail_hit,4,-0.37062835693359375,-0.18784679472446442,-0.7055023908615112,0.18278156220912933,-0.3348740339279175
A1KQJNUMPXAQWQ,tail_hit,5,-0.4932219386100769,-0.33435583114624023,-1.0080602169036865,0.15886610746383667,-0.5148382782936096
A8BI1AL5ITVDO,tail_hit,3,-0.4782586097717285,-1.1507527828216553,-0.7002262473106384,-0.6724941730499268,-0.2219676375389099
A265KF0CQ058RZ,tail_hit,5,-0.8502799272537231,-5.120177268981934,-0.6899819374084473,-4.2698973417282104,0.16029798984527588
A1S4J5EF987DZV,tail_hit,3,-0.03115011379122734,-0.022761093452572823,-0.375449001789093,0.008389020338654518,-0.3442988879978657
A2AIRFEAWEQC91,tail_hit,13,-0.6683789491653442,-0.7487881183624268,-0.7142972946166992,-0.08040916919708252,-0.04591834545135498
A3LOGP4VA9DX46,tail_hit,20,-0.6434138417243958,-0.9895684123039246,-1.1991519927978516,-0.3461545705795288,-0.5557381510734558
A3IAU6ZPVF2R5K,tail_hit,18,-0.7587742209434509,-2.468118667602539,-1.0719211101531982,-1.7093444466590881,-0.3131468892097473
A3RYJDTXDFBN7Q,tail_hit,3,-0.8192577958106995,-1.6656954288482666,-0.6577243804931641,-0.8464376330375671,0.1615334153175354
A1MDDJ2XUPZZOE,tail_hit,20,-0.7233412861824036,-0.7903858423233032,-1.668631911277771,-0.06704455614089966,-0.9452906250953674
A1NJARL37C9BEO,tail_hit,3,-0.9205834865570068,-1.1734427213668823,-0.9008205533027649,-0.2528592348098755,0.019762933254241943
A2UF5R4TZ9R4JS,tail_hit,3,-0.460631787776947,-0.873929500579834,-0.46609482169151306,-0.41329771280288696,-0.00546303391456604
A10OTOBL3K2BHE,tail_hit,3,-0.6430314779281616,-0.8011564612388611,-0.8946953415870667,-0.15812498331069946,-0.25166386365890503
A24840XIEH2EE7,tail_hit,3,-0.5893550515174866,-0.5631738901138306,-0.7197097539901733,0.026181161403656006,-0.13035470247268677
AT28RL25Q2OLK,tail_hit,20,-0.723203182220459,-2.307893991470337,-0.8666130304336548,-1.584690809249878,-0.1434098482131958
A3MFD96AMFQ5BX,tail_hit,3,-0.6224800944328308,-0.547746479511261,-0.5691400766372681,0.07473361492156982,0.053340017795562744
AGYFY5SM8YJE0,tail_hit,3,-0.3093118965625763,-0.03455720841884613,-0.5609833002090454,0.27475468814373016,-0.2516714036464691
A1AZDXLH2LSSBK,tail_hit,4,-0.20354561507701874,-0.15820463001728058,-0.5257323980331421,0.04534098505973816,-0.32218678295612335
A1Y98ZI1D2V84X,tail_hit,4,-0.02556370384991169,-0.0036742533557116985,-0.3044145107269287,0.02188945049419999,-0.278850806877017
A9NYG83TEGG4O,tail_hit,4,-0.5838193297386169,-0.5527284741401672,-0.7309563755989075,0.031090855598449707,-0.14713704586029053
AQD0L8H1MIEI9,tail_hit,6,-0.33308449387550354,-0.13657422363758087,-0.4787125289440155,0.19651027023792267,-0.14562803506851196
AAXLAV096NKIL,tail_hit,3,-0.3429289162158966,-0.21356156468391418,-0.5450510382652283,0.12936735153198242,-0.20212212204933167
A25SFE4WC46G4B,tail_hit,4,-0.5717282891273499,-0.7662376165390015,-0.7302784323692322,-0.1945093274116516,-0.15855014324188232
A10L198Q8ZKC0H,tail_hit,7,-0.93048495054245,-2.045973300933838,-1.0191842317581177,-1.115488350391388,-0.08869928121566772
A3A582ZMCKUYBI,tail_hit,6,-0.7391682863235474,-1.9297674894332886,-0.8169884085655212,-1.1905992031097412,-0.07782012224197388
A1ABSMOMA1M0RR,tail_hit,4,-0.06715453416109085,-0.04405403137207031,-0.14096757769584656,0.02310050278902054,-0.0738130435347557
A18IMN843SVCSF,tail_hit,3,-0.6243389248847961,-2.105713129043579,-0.5788895487785339,-1.481374204158783,0.04544937610626221
A3U16LITWT2PQJ,tail_hit,5,-0.8675925135612488,-1.1990740299224854,-1.3148068189620972,-0.3314815163612366,-0.4472143054008484
A2UQGGK8VJPUH5,tail_hit,10,-0.5598913431167603,-0.7437554597854614,-0.7843400239944458,-0.18386411666870117,-0.22444868087768555
A3GU0WUASNFV0W,tail_hit,3,-0.8819533586502075,-2.932738780975342,-0.4647720158100128,-2.0507854223251343,0.4171813428401947
A2Q2J1CF4Y5JWE,tail_hit,3,-0.8847846984863281,-0.9329792857170105,-1.0007469654083252,-0.04819458723068237,-0.11596226692199707
AVVJPCS9YX7PL,tail_hit,3,-0.5410181283950806,-2.263917922973633,-0.4884794354438782,-1.7228997945785522,0.05253869295120239
A3A4G4GWWZU04J,tail_hit,6,-0.1691323071718216,-0.14094248414039612,-0.3101089894771576,0.028189823031425476,-0.140976682305336
A2MHLQ3X4OO6V4,tail_hit,3,-0.20993395149707794,-0.44454875588417053,-0.43377211689949036,-0.2346148043870926,-0.22383816540241241
A1NVH8VWFYT7WJ,tail_hit,4,-0.8240814208984375,-1.5419665575027466,-0.24035075306892395,-0.7178851366043091,0.5837306678295135
AWFGKB5SCJAO2,tail_hit,11,-0.41861477494239807,-0.6184630990028381,-0.5625048279762268,-0.19984832406044006,-0.14389005303382874
ANSVJD1WOPIDH,tail_hit,3,-0.6486842036247253,-1.3006335496902466,-0.5864867568016052,-0.6519493460655212,0.06219744682312012
A1WH5J3AP5JR7H,tail_hit,11,-0.6883173584938049,-0.8518510460853577,-0.9896002411842346,-0.16353368759155273,-0.3012828826904297
A2CWI8C6HJP3B7,tail_hit,5,-0.8564021587371826,-1.2663497924804688,-0.8648297786712646,-0.40994763374328613,-0.008427619934082031
A2D5129GY6KDUP,tail_hit,6,-0.7628785967826843,-0.5680434703826904,-1.2537497282028198,0.1948351263999939,-0.4908711314201355
A18R9VW929LL70,tail_hit,6,-1.1198878288269043,-3.8687362670898438,-1.3514912128448486,-2.7488484382629395,-0.23160338401794434
A3DAMIW77Z4NRT,tail_hit,9,-0.8091838359832764,-0.6358085870742798,-0.8120044469833374,0.17337524890899658,-0.002820611000061035
A3LNS2C7V8IFO4,tail_hit,3,-0.8510831594467163,-3.208204507827759,-1.07676362991333,-2.3571213483810425,-0.22568047046661377
A2L3J6A347GF9P,tail_hit,4,-0.8156537413597107,-7.318567752838135,-0.26876163482666016,-6.502914011478424,0.5468921065330505
A1A1PYS58T6URZ,tail_hit,3,-0.2877015173435211,-0.2533218264579773,-0.4187670648097992,0.03437969088554382,-0.13106554746627808
A2GAH4918ULN,tail_hit,5,-0.4114378094673157,-0.3791472315788269,-0.7255621552467346,0.03229057788848877,-0.31412434577941895
A16JNH4I4FITJL,tail_hit,4,-0.41498661041259766,-0.23916861414909363,-0.6424513459205627,0.17581799626350403,-0.2274647355079651
ARFL1FELT6VKZ,tail_hit,4,-0.07703518122434616,-0.0258807223290205,-0.1600140780210495,0.05115445889532566,-0.08297889679670334
A19XAL6OXGM67A,tail_hit,10,-0.7888651490211487,-1.651431918144226,-0.6693039536476135,-0.8625667691230774,0.11956119537353516
A386QZ3Y4COV95,tail_hit,9,-0.17325688898563385,-0.04500841721892357,-0.6162410974502563,0.12824847176671028,-0.4429842084646225
A336FE20YZZL3A,tail_hit,20,-0.7644059062004089,-1.0802485942840576,-0.9416436553001404,-0.3158426880836487,-0.17723774909973145
A3T0RQ4M0AHQBO,tail_hit,5,-0.9347534775733948,-1.3163485527038574,-0.8966594934463501,-0.38159507513046265,0.03809398412704468
A2W60HPT6ZHA60,tail_hit,4,-0.8953809142112732,-1.2830736637115479,-0.8997054696083069,-0.38769274950027466,-0.004324555397033691
AW1YCQHPVSF6H,tail_hit,4,-0.683319628238678,-1.0355020761489868,-0.6346235871315002,-0.35218244791030884,0.048696041107177734
A1S9UUQZ00LEXB,tail_hit,3,-0.18105283379554749,-0.22289010882377625,-0.2664456069469452,-0.04183727502822876,-0.0853927731513977
A37J1Y5BQ56YKV,tail_hit,4,-0.6045340299606323,-2.8021795749664307,-1.0293980836868286,-2.1976455450057983,-0.4248640537261963
A2D47Q6Y5N3YOQ,tail_hit,20,-0.14979515969753265,-0.41334348917007446,-0.6629763841629028,-0.2635483294725418,-0.5131812244653702
AN42BIYOEOFLB,tail_hit,3,-0.6564427614212036,-1.191375970840454,-0.6809565424919128,-0.5349332094192505,-0.02451378107070923
A308LS0HLN94C8,tail_hit,3,-0.8826281428337097,-1.6475735902786255,-0.9287251830101013,-0.7649454474449158,-0.0460970401763916
A1MY0JMN3D5HVH,tail_hit,3,-0.8663615584373474,-1.9034755229949951,-1.044409990310669,-1.0371139645576477,-0.17804843187332153
A20G85ZDLWFJ87,tail_hit,3,-0.2533373534679413,-0.27408096194267273,-0.2814313769340515,-0.020743608474731445,-0.02809402346611023
A9L0S0USXIU48,tail_hit,3,-0.4928530156612396,-0.6458439826965332,-0.5298813581466675,-0.15299096703529358,-0.037028342485427856
A1YMVVUV1O75F3,tail_hit,12,-0.7438445687294006,-2.2432148456573486,-0.8660691976547241,-1.499370276927948,-0.12222462892532349
A2ZJPDH0YP90SD,tail_hit,18,-0.22485165297985077,-0.37776824831962585,-0.844363272190094,-0.15291659533977509,-0.6195116192102432
A1K6PIEN2A1YZ8,tail_hit,6,-0.08997621387243271,-0.17758627235889435,-0.5302630662918091,-0.08761005848646164,-0.4402868524193764
AT997T4MTH9B7,tail_hit,3,-0.74663907289505,-2.0388967990875244,-0.7482247948646545,-1.2922577261924744,-0.0015857219696044922
A2R1VMGSXJ272L,tail_hit,4,-0.36208826303482056,-0.7378283143043518,-0.7179619669914246,-0.37574005126953125,-0.355873703956604
A38C6SSZR8CY3L,tail_hit,5,-0.7616000771522522,-0.8022470474243164,-0.7619510889053345,-0.04064697027206421,-0.0003510117530822754
A2WY52YD5GAEIB,tail_hit,20,-0.7092940211296082,-0.9442455768585205,-0.8730250000953674,-0.23495155572891235,-0.16373097896575928
AQ5WRR4MS98YZ,tail_hit,3,-0.8365187048912048,-1.858964204788208,-0.6956270933151245,-1.0224454998970032,0.14089161157608032
AS7JA6N006377,tail_hit,3,-0.8143596053123474,-1.1193817853927612,-0.8648310899734497,-0.3050221800804138,-0.050471484661102295
AZBC7QN6MVP84,tail_hit,3,-1.0205442905426025,-1.121961236000061,-1.067312479019165,-0.1014169454574585,-0.0467681884765625
A2QK3YGLR87LJV,tail_hit,3,-0.19232222437858582,-0.09754960983991623,-0.30446866154670715,0.09477261453866959,-0.11214643716812134
A8WHUQSWD0ODM,tail_hit,5,-0.8388473987579346,-0.8895785808563232,-0.9486528635025024,-0.05073118209838867,-0.10980546474456787
A1U7RVXQM7K88X,tail_hit,20,-0.6644923090934753,-2.8271405696868896,-0.8287195563316345,-2.1626482605934143,-0.16422724723815918
AZ1WAVVVM4FGF,tail_hit,3,-0.06585211306810379,-0.039404354989528656,-0.390253484249115,0.026447758078575134,-0.3244013711810112
A236E6Y09LWX2J,tail_hit,8,-0.48997145891189575,-1.2080073356628418,-0.8037036061286926,-0.718035876750946,-0.3137321472167969
AYVBGONQ2AVXB,tail_hit,3,-0.4877016544342041,-6.332756519317627,-0.37343883514404297,-5.845054864883423,0.11426281929016113
A3RG1M07FULK14,tail_hit,3,-0.07370202988386154,-0.01537309680134058,-0.31589269638061523,0.05832893308252096,-0.2421906664967537
A2DT9P6XQW3T39,tail_hit,10,-0.10714199393987656,-0.03328978270292282,-0.46079927682876587,0.07385221123695374,-0.3536572828888893
AIPSUF99BQ17T,tail_hit,13,-0.3337094783782959,-0.20462433993816376,-0.614453911781311,0.12908513844013214,-0.28074443340301514
A2FSPD94H4SYE3,tail_hit,8,-0.578199028968811,-3.557542085647583,-0.5054194331169128,-2.979343056678772,0.0727795958518982
A3CILPIAW45HA2,tail_hit,6,-0.0029065704438835382,-0.00042187501094304025,-0.8796230554580688,0.002484695432940498,-0.8767164850141853
A1V106YS1KRAMV,tail_hit,17,-0.7745702862739563,-1.0209203958511353,-0.8550224304199219,-0.24635010957717896,-0.08045214414596558
A16Q29GKE0WNW4,tail_hit,3,-0.7150991559028625,-0.46761029958724976,-0.9378151297569275,0.2474888563156128,-0.22271597385406494
A3RQIVB0TE5R9J,tail_hit,5,-0.7043014168739319,-3.1444144248962402,-0.7831576466560364,-2.4401130080223083,-0.07885622978210449
A1CMD08Z49PGKQ,tail_hit,9,-0.26981672644615173,-0.31721431016921997,-0.305476576089859,-0.04739758372306824,-0.035659849643707275
A3LRLLBCS4X5C1,tail_hit,4,-0.4566076099872589,-0.41699692606925964,-0.5267449021339417,0.03961068391799927,-0.07013729214668274
A2IIOKKY2VUX4B,tail_hit,7,-0.3654116988182068,-0.3797294795513153,-0.5305747985839844,-0.01431778073310852,-0.1651630997657776
A1CO03HHPZZ75A,tail_hit,3,-1.037831425666809,-2.075129508972168,-0.917684018611908,-1.0372980833053589,0.12014740705490112
APYRXAHZ1VJ9Y,tail_hit,3,-0.42028120160102844,-0.9970261454582214,-0.38027873635292053,-0.576744943857193,0.04000246524810791
A33Y183UFAWA7B,tail_hit,3,-0.8616880774497986,-3.4434192180633545,-1.1539489030838013,-2.581731140613556,-0.2922608256340027
A1FYQL0TKQCHGK,tail_hit,5,-0.41939035058021545,-0.28283342719078064,-1.5579869747161865,0.13655692338943481,-1.138596624135971
A3UMD2J83ORKUF,tail_hit,4,-0.8655356764793396,-0.9397103786468506,-0.9029480218887329,-0.07417470216751099,-0.03741234540939331
A1X0OTJ62S2T22,tail_hit,3,-0.7567605376243591,-1.827194094657898,-0.9065937995910645,-1.0704335570335388,-0.14983326196670532
A32T585IZ0DJX2,tail_hit,5,-0.8418859243392944,-0.8830827474594116,-0.7706427574157715,-0.04119682312011719,0.07124316692352295
A2QM8VVDIFINV7,tail_hit,5,-1.6607989072799683,-3.9867641925811768,-1.6874539852142334,-2.3259652853012085,-0.026655077934265137
AOPE6UAYEZPEG,tail_hit,4,-0.7378931641578674,-1.399245262145996,-0.6425700783729553,-0.6613520979881287,0.09532308578491211
A1LUXL5GEANXL9,tail_hit,13,-1.0836055278778076,-1.7706741094589233,-1.0510883331298828,-0.6870685815811157,0.032517194747924805
A2FYNL3Z5AJB5M,tail_hit,3,-0.28765562176704407,-0.33429524302482605,-0.2581372857093811,-0.04663962125778198,0.029518336057662964
A28BSV6KDF862D,tail_hit,8,-0.355882853269577,-1.5996637344360352,-0.9756558537483215,-1.2437808811664581,-0.6197730004787445
A15XZFMT2VL1DB,tail_hit,9,-0.5968217253684998,-0.4253956973552704,-1.2181779146194458,0.17142602801322937,-0.621356189250946
A3TQOKJKWRWUDG,tail_hit,7,-0.5818853378295898,-0.6096553206443787,-0.7612178921699524,-0.02776998281478882,-0.17933255434036255
AMAEN1XO8STCN,tail_hit,6,-0.5536081790924072,-0.9646793007850647,-0.6006554365158081,-0.41107112169265747,-0.04704725742340088
AFUK43DFWE43J,tail_hit,3,-0.822151243686676,-0.7506428360939026,-0.967751681804657,0.07150840759277344,-0.14560043811798096
A89ZZKNDFQH23,tail_hit,20,-1.014200210571289,-3.0128262042999268,-0.9036678075790405,-1.9986259937286377,0.11053240299224854
A2RYB1FFO62J7V,tail_hit,7,-0.7483668327331543,-1.1946163177490234,-0.8272246718406677,-0.44624948501586914,-0.07885783910751343
AD064CIXDTLPC,tail_hit,4,-0.248663067817688,-0.2891249656677246,-0.3232267200946808,-0.04046189785003662,-0.0745636522769928
A34AGKU14DGF5K,tail_hit,4,-0.8764546513557434,-1.4700196981430054,-0.594201385974884,-0.593565046787262,0.2822532653808594
A1IF2WH3K7I4HY,tail_hit,4,-0.7781888246536255,-1.570824384689331,-0.7144423127174377,-0.7926355600357056,0.06374651193618774
A2G1L1KWIHNQFI,tail_hit,4,-0.16929641366004944,-0.14195632934570312,-0.3512899875640869,0.027340084314346313,-0.18199357390403748
A1Z3AV93ONK5VF,tail_hit,20,-0.43067091703414917,-1.5929757356643677,-0.5311141014099121,-1.1623048186302185,-0.10044318437576294
A337J7BX0GOZIR,tail_hit,5,-0.59027099609375,-1.9548845291137695,-0.6672053933143616,-1.3646135330200195,-0.07693439722061157
A27H9DOUGY9FOS,tail_hit,19,-0.21145644783973694,-0.3175482451915741,-0.4436720013618469,-0.10609179735183716,-0.23221555352210999
A2V4EBL0Q11F91,tail_hit,3,-0.4151756763458252,-0.528812050819397,-0.3451075553894043,-0.11363637447357178,0.0700681209564209
A3BUN5KKKUMUIH,tail_hit,8,-0.8570602536201477,-1.1685420274734497,-1.1886295080184937,-0.311481773853302,-0.33156925439834595
AXJVVX4A2P7B9,tail_hit,5,-0.17668721079826355,-0.1849658489227295,-0.3725239634513855,-0.008278638124465942,-0.19583675265312195
A2ESYF5YSDV4NF,tail_hit,3,-0.2683236598968506,-0.25018852949142456,-0.5023985505104065,0.018135130405426025,-0.2340748906135559
A2Z44TJ81QSHYB,tail_hit,5,-0.9165668487548828,-2.227189064025879,-0.7111660242080688,-1.310622215270996,0.20540082454681396
A1NCCYZ93D52YP,tail_hit,5,-0.6849850416183472,-2.193498373031616,-0.7984927296638489,-1.508513331413269,-0.11350768804550171
A28EZP272508ZZ,tail_hit,4,-0.8635424971580505,-1.2900729179382324,-0.8999513387680054,-0.4265304207801819,-0.036408841609954834
A2L5ZLXX6L6NXZ,tail_hit,4,-0.5251612067222595,-1.319746971130371,-0.5453371405601501,-0.7945857644081116,-0.020175933837890625
AT08ZTZS42UJD,tail_hit,4,-0.8607921004295349,-1.5830949544906616,-1.3291462659835815,-0.7223028540611267,-0.46835416555404663
A1LMH7HFNBZUCX,tail_hit,4,-1.1830469369888306,-2.915576457977295,-0.8727169632911682,-1.7325295209884644,0.31032997369766235
A34SBQ95XEVLSO,tail_hit,6,-1.1403237581253052,-1.4629205465316772,-1.4447120428085327,-0.32259678840637207,-0.30438828468322754
AVN96N0FJSS4M,tail_hit,3,-0.8496261835098267,-2.5541157722473145,-0.5871740579605103,-1.7044895887374878,0.2624521255493164
A2TGPI8IHZ62KM,tail_hit,14,-0.3511555790901184,-0.16840219497680664,-0.640969455242157,0.18275338411331177,-0.2898138761520386
A275QNYIU56MPR,tail_hit,3,-0.31183841824531555,-0.14973148703575134,-0.48247358202934265,0.1621069312095642,-0.1706351637840271
A1L7T1V6YOSKCH,tail_hit,3,-0.3208361268043518,-2.7972607612609863,-0.384171724319458,-2.4764246344566345,-0.0633355975151062
A8HUTERW4EHGR,tail_hit,4,-0.8516092896461487,-2.378004550933838,-0.9778927564620972,-1.5263952612876892,-0.1262834668159485
A3M6TSEV71537G,tail_hit,20,-0.8118845820426941,-2.1843197345733643,-1.174329400062561,-1.3724351525306702,-0.36244481801986694
A1PURKNC4ESE5X,tail_hit,12,-0.8607186079025269,-1.3570927381515503,-0.8142306208610535,-0.49637413024902344,0.04648798704147339
A3FIFD8Z4N1903,tail_hit,6,-0.7964867949485779,-1.5561109781265259,-0.8669747710227966,-0.759624183177948,-0.07048797607421875
A29529NCT9QBEG,tail_hit,5,-0.1843816190958023,-0.25631898641586304,-1.0296701192855835,-0.07193736732006073,-0.8452885001897812
A1FIRS9FM1TWWO,tail_hit,3,-0.21180415153503418,-1.6492578983306885,-0.17197048664093018,-1.4374537467956543,0.039833664894104004
A2I5QH4F5FDKK5,tail_hit,20,-0.9253497123718262,-1.1281471252441406,-1.0413587093353271,-0.20279741287231445,-0.11600899696350098
A31DRB0X8BPPT6,tail_hit,3,-0.29178285598754883,-0.09781676530838013,-0.591338038444519,0.1939660906791687,-0.2995551824569702
A4WOLMK7CJVUD,tail_hit,4,-0.8876532912254333,-1.4335776567459106,-1.0686297416687012,-0.5459243655204773,-0.18097645044326782
ALDV8DDZWWPYE,tail_hit,11,-0.7915738821029663,-1.7614754438400269,-0.9388447403907776,-0.9699015617370605,-0.14727085828781128
A3JKKU9CTOQQ0Q,tail_hit,5,-0.6390765905380249,-0.9315976500511169,-0.2510327994823456,-0.29252105951309204,0.3880437910556793
A3FQSDAMKM98B2,tail_hit,6,-0.3539350628852844,-0.2216813862323761,-0.4857363998889923,0.13225367665290833,-0.13180133700370789
AQDJ79ZSWBMH8,tail_hit,5,-0.9548298716545105,-1.6149152517318726,-1.0902667045593262,-0.6600853800773621,-0.13543683290481567
A96K1ZGW56S2I,tail_hit,10,-0.6508710980415344,-8.657042503356934,-0.6620010137557983,-8.0061714053154,-0.011129915714263916
AUCVLMLAGWBYW,tail_hit,4,-0.894897997379303,-1.7137781381607056,-0.9125143885612488,-0.8188801407814026,-0.0176163911819458
A339BVHLJVG9SO,tail_hit,3,-0.7812552452087402,-3.507936477661133,-0.6565884947776794,-2.7266812324523926,0.12466675043106079
A2EFIUAOF4YRAN,tail_hit,7,-0.8096122145652771,-1.3810436725616455,-0.9282885789871216,-0.5714314579963684,-0.11867636442184448
A63GSML234W5B,tail_hit,11,-0.7406885027885437,-0.9041814208030701,-0.7467379570007324,-0.16349291801452637,-0.006049454212188721
AROVEFKKS82Q7,tail_hit,5,-0.516822338104248,-0.5998777151107788,-0.6540361046791077,-0.08305537700653076,-0.13721376657485962
A3M8MKUDAMEJC6,tail_hit,3,-0.4286719560623169,-0.47413894534111023,-0.6285086274147034,-0.045466989278793335,-0.19983667135238647
AVGRE4ZDZF7TP,tail_hit,3,-0.47654563188552856,-0.36614924669265747,-0.5161463618278503,0.1103963851928711,-0.03960072994232178
A1YAP371XWJC6L,tail_hit,4,-0.7779812812805176,-3.1357359886169434,-0.32078903913497925,-2.357754707336426,0.45719224214553833
A1CXTGEI7QTRJG,tail_hit,5,-0.39935019612312317,-0.30259087681770325,-0.7099797129631042,0.09675931930541992,-0.3106295168399811
A3R2Q5688PY91E,tail_hit,6,-0.5457750558853149,-0.4579443037509918,-1.032503604888916,0.08783075213432312,-0.4867285490036011
AIAKIMATY4MFS,tail_hit,12,-0.16577079892158508,-0.12014348059892654,-0.5038950443267822,0.04562731832265854,-0.33812424540519714
A3V32O3E7X5IPT,tail_hit,4,-0.2864053547382355,-0.19130833446979523,-0.42163923382759094,0.09509702026844025,-0.13523387908935547
ABIVKWC6PBQV5,tail_hit,4,-0.6225835680961609,-0.4287694990634918,-1.1423066854476929,0.19381406903266907,-0.519723117351532
A3GFS8ZNAXWVGO,tail_hit,4,-0.7310807108879089,-0.4122823178768158,-0.9448002576828003,0.31879839301109314,-0.21371954679489136
A1BV7953RLM07E,tail_hit,5,-0.7531023025512695,-0.8355579972267151,-0.7095494866371155,-0.08245569467544556,0.04355281591415405
A265PCQZA1Y1WF,tail_hit,3,-0.24968454241752625,-0.1770443171262741,-0.34883570671081543,0.07264022529125214,-0.09915116429328918
A1GXIQMIF5M000,tail_hit,10,-0.6278213262557983,-0.38359418511390686,-0.7640132308006287,0.24422714114189148,-0.13619190454483032
A3RT748MR44WJE,tail_hit,4,-0.46015337109565735,-0.8763428926467896,-0.6654671430587769,-0.4161895215511322,-0.2053137719631195
A1ARU61JWIFNUS,tail_hit,9,-0.6235036849975586,-1.8106576204299927,-0.5210752487182617,-1.187153935432434,0.10242843627929688
A1TS94WOW62HFO,tail_hit,7,-0.8692914247512817,-1.4979826211929321,-0.4597628116607666,-0.6286911964416504,0.40952861309051514
A22PHKFFVGZ9X6,tail_hit,3,-0.2520872950553894,-0.45985621213912964,-0.26276737451553345,-0.20776891708374023,-0.010680079460144043
AE0EC4IUT7FT,tail_hit,3,-0.22347542643547058,-0.05871949344873428,-0.5860492587089539,0.1647559329867363,-0.3625738322734833
A2T1WPWSG2EIOU,tail_hit,3,-0.25520962476730347,-0.270325630903244,-0.17239561676979065,-0.015116006135940552,0.08281400799751282
AQKZ1VTU69JU6,tail_hit,8,-0.24591925740242004,-0.23385480046272278,-0.6507876515388489,0.012064456939697266,-0.40486839413642883
A06298653TJ91G7R7MD6R,tail_hit,3,-0.7460379004478455,-2.7697932720184326,-0.6385777592658997,-2.023755371570587,0.1074601411819458
A6WS7UHTSNDYP,tail_hit,4,-0.9251042604446411,-3.9471545219421387,-0.47368094325065613,-3.0220502614974976,0.451423317193985
A3NE2N5HL7GLAT,tail_hit,5,-0.9591936469078064,-2.6596827507019043,-0.930814802646637,-1.700489103794098,0.028378844261169434
AI2EU6D7ZN804,tail_hit,3,-0.7531986236572266,-1.909328579902649,-1.0567262172698975,-1.1561299562454224,-0.3035275936126709
AKF4NSDZ13YOW,tail_hit,3,-1.1736271381378174,-2.6970553398132324,-1.1994761228561401,-1.523428201675415,-0.025848984718322754
A26FXE6BXRZCGL,tail_hit,3,-0.427926242351532,-0.5849335789680481,-0.39720481634140015,-0.1570073366165161,0.030721426010131836
A1PQS5AO0JK8DX,tail_hit,6,-0.7855188250541687,-0.7536764740943909,-0.9090229868888855,0.03184235095977783,-0.1235041618347168
A2U6HBHYLCPU1N,tail_hit,14,-0.0454181469976902,-0.015212866477668285,-0.3491552472114563,0.030205280520021915,-0.3037371002137661
A37FFWZUGO8L7W,tail_hit,7,-0.1465536504983902,-0.269403874874115,-0.21128927171230316,-0.12285022437572479,-0.06473562121391296
A2ZHH7AK83JB5G,tail_hit,20,-0.6079948544502258,-2.86568284034729,-0.5835134387016296,-2.257687985897064,0.02448141574859619
A1F6T228BA5Y7,tail_hit,20,-0.2570492923259735,-0.2884778380393982,-0.8771197199821472,-0.03142854571342468,-0.6200704276561737
A00700212KB3K0MVESPIY,tail_hit,7,-0.9073828458786011,-0.9369726777076721,-1.2773290872573853,-0.029589831829071045,-0.3699462413787842
AWEQO5NLV4C7T,tail_hit,4,-0.7501404881477356,-2.0921356678009033,-0.8557665944099426,-1.3419951796531677,-0.10562610626220703
A3N6Z2MZ1IX9H7,tail_hit,3,-0.4883642792701721,-0.4814792275428772,-0.5196728706359863,0.006885051727294922,-0.03130859136581421
A3PLEHMIWZET7V,tail_hit,15,-0.684694766998291,-0.9366963505744934,-0.7165552973747253,-0.2520015835762024,-0.031860530376434326
A15G5ITZKKI5WZ,tail_hit,4,-0.886079728603363,-1.2925628423690796,-1.205559492111206,-0.40648311376571655,-0.319479763507843
A1PTJYFWTK2JED,tail_hit,3,-0.5465654730796814,-0.7370488047599792,-0.7115286588668823,-0.19048333168029785,-0.16496318578720093
A2GANVALZAYLV,tail_hit,3,-1.275203824043274,-6.732844352722168,-0.7471945881843567,-5.457640528678894,0.5280092358589172
A3851PGBIQN5MY,tail_hit,5,-0.6228618621826172,-1.1452140808105469,-0.8890571594238281,-0.5223522186279297,-0.26619529724121094
A3D92U8D1UHR5T,tail_hit,3,-0.6722622513771057,-0.8802691698074341,-0.9739876389503479,-0.20800691843032837,-0.3017253875732422
A1ZQLDSYS2L338,tail_hit,5,-0.8770982027053833,-0.9665054678916931,-1.1224361658096313,-0.08940726518630981,-0.24533796310424805
A3VESTZBZCRCMT,tail_hit,4,-0.5327257513999939,-0.8019643425941467,-0.5931258201599121,-0.26923859119415283,-0.06040006875991821
A51H4EP53ZG13,tail_hit,3,-0.6498916745185852,-1.2409814596176147,-0.5779236555099487,-0.5910897850990295,0.07196801900863647
A1R6M9GR5G4DE0,tail_hit,3,-0.831680417060852,-1.5396839380264282,-2.1663312911987305,-0.7080035209655762,-1.3346508741378784
A1NN7223INNJJ4,tail_hit,3,-0.9557158350944519,-1.3042221069335938,-1.1601464748382568,-0.34850627183914185,-0.20443063974380493
ALN2JUWSF86Z9,tail_hit,3,-0.9497939944267273,-0.9116507172584534,-0.9332836270332336,0.038143277168273926,0.016510367393493652
A3MYY7DV4TDL6W,tail_hit,6,-0.6337670087814331,-0.5120829343795776,-0.9683179259300232,0.12168407440185547,-0.3345509171485901
A3K2G4IIQF54B5,tail_hit,3,-0.7579469084739685,-4.193318843841553,-0.4280741512775421,-3.4353719353675842,0.3298727571964264
A2PE8UK10V5H2U,tail_hit,5,-0.21550653874874115,-0.15024232864379883,-0.2623758912086487,0.06526421010494232,-0.04686935245990753
A1PGPH3OVITWWL,tail_hit,5,-0.7399547696113586,-1.7241566181182861,-0.8485528826713562,-0.9842018485069275,-0.10859811305999756
A30HRMFW4JUEOP,tail_hit,6,-0.7848828434944153,-0.7963292598724365,-1.0267550945281982,-0.01144641637802124,-0.24187225103378296
A3HV142F6GV43X,tail_hit,4,-0.9971395134925842,-1.4720932245254517,-0.9563731551170349,-0.47495371103286743,0.040766358375549316
A2HYMHX9P8MXB,tail_hit,5,-0.6334465742111206,-1.3764687776565552,-0.640711784362793,-0.7430222034454346,-0.007265210151672363
AXI04L6E7J3RJ,tail_hit,6,-0.5923819541931152,-0.39252302050590515,-1.292291522026062,0.19985893368721008,-0.6999095678329468
A3O81KPH4EWXQE,tail_hit,3,-0.27130237221717834,-0.14864683151245117,-0.2931452691555023,0.12265554070472717,-0.021842896938323975
A1I5YAUPX34AOR,tail_hit,7,-0.5282576680183411,-0.6460431814193726,-0.5649709105491638,-0.1177855134010315,-0.036713242530822754
A2NP3DKQS2P9H1,tail_hit,8,-0.967206597328186,-2.293393850326538,-0.8657613396644592,-1.326187252998352,0.1014452576637268
A1B87CS0IU0HZM,tail_miss,5,-1.3662919998168945,-1.6134847402572632,-1.399199366569519,-0.24719274044036865,-0.03290736675262451
A3ITB98X1U0GGC,tail_miss,7,-1.6831287145614624,-2.34834623336792,-1.7550792694091797,-0.6652175188064575,-0.07195055484771729
A1UKF1CY5T8B4L,tail_miss,6,-1.792081594467163,-2.910999059677124,-1.7091706991195679,-1.118917465209961,0.08291089534759521
A2XNIVXQTV98SE,tail_miss,4,-1.3365215063095093,-2.1914985179901123,-0.8598470687866211,-0.854977011680603,0.4766744375228882
AE4PE48Q2794I,tail_miss,16,-1.8812530040740967,-1.7234606742858887,-1.8083600997924805,0.157792329788208,0.07289290428161621
A19NLO9JN7ZFY1,tail_miss,3,-11.615854263305664,-10.785998344421387,-11.204218864440918,0.8298559188842773,0.4116353988647461
APLD1V1LAAG54,tail_miss,4,-2.3674352169036865,-2.999018430709839,-1.515234351158142,-0.6315832138061523,0.8522008657455444
A1ZMZ7HSXQWA9O,tail_miss,4,-1.334443211555481,-2.2151951789855957,-1.3506618738174438,-0.8807519674301147,-0.01621866226196289
A2U77F29KNJT30,tail_miss,3,-1.9901769161224365,-3.4748282432556152,-2.0083231925964355,-1.4846513271331787,-0.018146276473999023
A2GFXRRTMS3DT6,tail_miss,4,-1.5948245525360107,-3.1049842834472656,-1.6567310094833374,-1.5101597309112549,-0.06190645694732666
AEL4ZNRAIPD9Z,tail_miss,4,-1.5762296915054321,-1.5510214567184448,-1.5395584106445312,0.025208234786987305,0.03667128086090088
AADC82PF2CBK,tail_miss,12,-1.789367914199829,-3.2594292163848877,-1.9179071187973022,-1.4700613021850586,-0.12853920459747314
AYGJ96W5KQMUJ,tail_miss,7,-1.1454144716262817,-2.2176806926727295,-1.277502417564392,-1.0722662210464478,-0.13208794593811035
A1NJZKONE2R5QY,tail_miss,3,-2.6464972496032715,-3.6757686138153076,-4.414718151092529,-1.0292713642120361,-1.7682209014892578
A2YT4P9UGV0Q72,tail_miss,3,-1.3677825927734375,-1.8118860721588135,-1.3978933095932007,-0.444103479385376,-0.030110716819763184
A1D2ABQ2X9N5TP,tail_miss,3,-1.761222243309021,-3.5951550006866455,-1.703619122505188,-1.8339327573776245,0.05760312080383301
A1QI6PI0HH4H0P,tail_miss,5,-2.111372232437134,-3.259302854537964,-1.929775595664978,-1.14793062210083,0.18159663677215576
A240YCM012LJSO,tail_miss,12,-2.495971918106079,-5.935612201690674,-2.9457590579986572,-3.4396402835845947,-0.4497871398925781
A22QBPOG0A08AB,tail_miss,4,-1.7981150150299072,-2.742896556854248,-1.9051238298416138,-0.9447815418243408,-0.10700881481170654
A1FFST9J45QD1M,tail_miss,9,-12.745707511901855,-14.423026084899902,-12.840497970581055,-1.6773185729980469,-0.09479045867919922
A380LZ7JU1E6HK,tail_miss,8,-6.993037700653076,-7.78356409072876,-7.445641040802002,-0.7905263900756836,-0.4526033401489258
A2AUYTFM48PS47,tail_miss,3,-1.379088282585144,-1.8158514499664307,-1.3092416524887085,-0.4367631673812866,0.06984663009643555
A2SY8Y5A0UFM1C,tail_miss,6,-3.934387683868408,-4.056663990020752,-3.655075788497925,-0.12227630615234375,0.2793118953704834
A23IU0GXPBOFDC,tail_miss,4,-1.3241995573043823,-2.094520092010498,-1.3578059673309326,-0.7703205347061157,-0.03360641002655029
A6FCCZY1UD4HL,tail_miss,11,-1.6361624002456665,-1.4843053817749023,-1.663753628730774,0.15185701847076416,-0.027591228485107422
ASWMDJ9610PD8,tail_miss,3,-1.5118337869644165,-1.604853630065918,-1.4794305562973022,-0.09301984310150146,0.03240323066711426
A2FH74VT6ARZSQ,tail_miss,3,-2.5666663646698,-6.74314022064209,-2.716249465942383,-4.17647385597229,-0.149583101272583
A2IGIN41AGTLY7,tail_miss,3,-2.0338618755340576,-5.720776081085205,-2.081138849258423,-3.6869142055511475,-0.047276973724365234
A19VWP4PZXIJWP,tail_miss,7,-2.0682833194732666,-3.6087710857391357,-1.9612337350845337,-1.5404877662658691,0.10704958438873291
AL1GULFMX7JIL,tail_miss,3,-1.7611550092697144,-2.2621874809265137,-1.731959581375122,-0.5010324716567993,0.029195427894592285
A22BY7QD5OMJET,tail_miss,5,-3.3345143795013428,-7.568205833435059,-3.2315945625305176,-4.233691453933716,0.1029198169708252
ADTH0DVZ8NBO6,tail_miss,7,-2.4522545337677,-3.4837429523468018,-2.3604607582092285,-1.0314884185791016,0.09179377555847168
A17AHTCKJ4SUT0,tail_miss,20,-2.93937087059021,-1.1485289335250854,-9.502898216247559,1.7908419370651245,-6.563527345657349
A3DXBLP5Q1KRQA,tail_miss,6,-1.3750898838043213,-1.9390318393707275,-1.1976544857025146,-0.5639419555664062,0.17743539810180664
A1BZVJF5WSQMEQ,tail_miss,20,-1.9755306243896484,-2.7952561378479004,-1.3642101287841797,-0.819725513458252,0.6113204956054688
A19XI52BIMQZQ6,tail_miss,4,-15.679059028625488,-13.157587051391602,-15.572168350219727,2.5214719772338867,0.10689067840576172
A33ZR4OWTGUHMU,tail_miss,4,-1.8143455982208252,-3.818122625350952,-1.9496357440948486,-2.003777027130127,-0.13529014587402344
A2G2VIXTAWWHNW,tail_miss,3,-1.759637713432312,-3.207374095916748,-1.6555883884429932,-1.447736382484436,0.10404932498931885
AXQNEMI9N0Z2D,tail_miss,3,-1.3508869409561157,-2.261949062347412,-1.3780509233474731,-0.9110621213912964,-0.027163982391357422
A23598RZR42B7Z,tail_miss,6,-1.2981071472167969,-1.8831950426101685,-1.3236147165298462,-0.5850878953933716,-0.025507569313049316
A71SA1E3M8PE3,tail_miss,6,-1.726378083229065,-2.45086669921875,-1.626538634300232,-0.7244886159896851,0.09983944892883301
A2ZINXHB3R5QSL,tail_miss,11,-0.9878324270248413,-1.3371816873550415,-1.1234380006790161,-0.3493492603302002,-0.1356055736541748
A3VMIQ2I1OMBUI,tail_miss,6,-1.5903533697128296,-2.271965980529785,-1.639151930809021,-0.6816126108169556,-0.048798561096191406
A17RN0P9J4B11T,tail_miss,4,-1.2462962865829468,-1.5822678804397583,-1.275748372077942,-0.3359715938568115,-0.029452085494995117
A2LAAGNIU91MXO,tail_miss,5,-2.777104616165161,-4.269610404968262,-2.147188901901245,-1.4925057888031006,0.629915714263916
AU7SVOGF0Z2TK,tail_miss,3,-1.4553571939468384,-1.178741455078125,-1.9159462451934814,0.2766157388687134,-0.46058905124664307
A2IVDJR1PEYHGB,tail_miss,5,-2.2786757946014404,-3.7606582641601562,-2.163503408432007,-1.4819824695587158,0.1151723861694336
A14YZDOMHMHQNQ,tail_miss,8,-2.540018320083618,-2.806797742843628,-2.498465061187744,-0.26677942276000977,0.04155325889587402
A3ZPMP474RLCA,tail_miss,4,-3.365230083465576,-7.534019470214844,-3.086869716644287,-4.168789386749268,0.27836036682128906
A351KR8AGWUAZK,tail_miss,4,-11.53126335144043,-10.937185287475586,-11.589728355407715,0.5940780639648438,-0.058465003967285156
AMSE91CAK5L3Y,tail_miss,7,-2.472825288772583,-3.3242781162261963,-2.102970600128174,-0.8514528274536133,0.3698546886444092
A3EHSWXXYV2V10,tail_miss,3,-1.0200358629226685,-1.588308572769165,-1.2625986337661743,-0.5682727098464966,-0.24256277084350586
A1RXN97IHWFKHK,tail_miss,5,-2.048250198364258,-1.876702070236206,-1.780532717704773,0.17154812812805176,0.26771748065948486
A1WYXX97JUXVNZ,tail_miss,3,-2.043954849243164,-2.8550169467926025,-1.8502981662750244,-0.8110620975494385,0.19365668296813965
A13SJWLL0O7OYB,tail_miss,3,-5.217799663543701,-6.7588791847229,-3.305655002593994,-1.5410795211791992,1.912144660949707
A36HMAHIIHNUZ1,tail_miss,4,-1.8307212591171265,-1.690412163734436,-1.6291046142578125,0.14030909538269043,0.20161664485931396
A2QM6F4ZMF9G9Y,tail_miss,3,-3.798572301864624,-5.267663478851318,-3.9688985347747803,-1.4690911769866943,-0.17032623291015625
A11IK5T1T7OXZK,tail_miss,4,-8.177556991577148,-5.774714946746826,-7.469552040100098,2.4028420448303223,0.7080049514770508
AK8NF9RMSVBJV,tail_miss,3,-11.070160865783691,-11.825837135314941,-11.443093299865723,-0.75567626953125,-0.37293243408203125
A2TDNA28VM0IDE,tail_miss,3,-2.373079538345337,-4.132386207580566,-2.345082998275757,-1.7593066692352295,0.027996540069580078
A2BO8Q72W06ZDC,tail_miss,3,-1.7001779079437256,-2.2389378547668457,-1.5418027639389038,-0.5387599468231201,0.15837514400482178
A3VFYZCF4J7QUL,tail_miss,6,-7.31549072265625,-7.319227695465088,-7.857829570770264,-0.0037369728088378906,-0.5423388481140137
A33ZYFE8XMKKR1,tail_miss,3,-1.5731217861175537,-3.425476551055908,-1.4077900648117065,-1.8523547649383545,0.16533172130584717
A90JGGI493HNG,tail_miss,4,-1.672408103942871,-3.785315990447998,-1.6195253133773804,-2.112907886505127,0.05288279056549072
A3PZDXGKMJSEHR,tail_miss,3,-1.6582785844802856,-2.4093456268310547,-1.6755645275115967,-0.751067042350769,-0.017285943031311035
A1D4GH1MAN5OHR,tail_miss,3,-2.8979783058166504,-6.499981880187988,-2.4932610988616943,-3.602003574371338,0.40471720695495605
A7OT82DN460H2,tail_miss,4,-2.0984344482421875,-4.557249546051025,-2.1133792400360107,-2.458815097808838,-0.014944791793823242
A193Y7DFK5NS8M,tail_miss,4,-1.5253652334213257,-2.839019298553467,-1.5244323015213013,-1.3136540651321411,0.0009329319000244141
A1QL2U71I6H40K,tail_miss,4,-9.397913932800293,-9.020998001098633,-9.289840698242188,0.37691593170166016,0.10807323455810547
A1HGAP17RKHO65,tail_miss,7,-9.306160926818848,-9.897725105285645,-10.437153816223145,-0.5915641784667969,-1.1309928894042969
A1WLOUDVX4BCPP,tail_miss,4,-1.6664248704910278,-3.0507583618164062,-1.7305433750152588,-1.3843334913253784,-0.06411850452423096
AGDDJBAN2MCGN,tail_miss,3,-1.1558881998062134,-1.2070236206054688,-1.9415168762207031,-0.05113542079925537,-0.7856286764144897
A2UBTMZRMMIVKB,tail_miss,7,-1.8278173208236694,-2.4196207523345947,-1.816429853439331,-0.5918034315109253,0.011387467384338379
A4W8OI7G8OTHE,tail_miss,4,-1.0207386016845703,-1.248214840888977,-1.1554584503173828,-0.22747623920440674,-0.1347198486328125
A28Y26IATYKVSS,tail_miss,3,-3.518857717514038,-5.225919246673584,-2.1773388385772705,-1.707061529159546,1.3415188789367676
A2A7KXM9B4XW90,tail_miss,20,-2.3891170024871826,-4.002957344055176,-2.428189992904663,-1.6138403415679932,-0.03907299041748047
A2DBAJPISZWJDV,tail_miss,3,-1.7727315425872803,-2.389350414276123,-1.6489369869232178,-0.6166188716888428,0.1237945556640625
A2AZFELROH9QVO,tail_miss,10,-1.9401532411575317,-3.361449956893921,-1.730506181716919,-1.4212967157363892,0.2096470594406128
AJZWDY25IYB4O,tail_miss,3,-1.8666150569915771,-3.352588415145874,-1.8491016626358032,-1.4859733581542969,0.017513394355773926
A11HWUM8WCI6EE,tail_miss,4,-1.9584770202636719,-2.18088698387146,-1.925179362297058,-0.22240996360778809,0.03329765796661377
A20XGPIJW6UE4S,tail_miss,4,-1.8493040800094604,-2.527571201324463,-1.8253334760665894,-0.6782671213150024,0.023970603942871094
A3PD8KD87AXNLD,tail_miss,5,-10.61021614074707,-10.292694091796875,-11.071599006652832,0.3175220489501953,-0.4613828659057617
AYLXPESIOI8IH,tail_miss,3,-1.5331227779388428,-2.021833896636963,-1.6080381870269775,-0.4887111186981201,-0.07491540908813477
A2DDMVNC3HVM17,tail_miss,3,-2.146092176437378,-4.355731010437012,-2.5855376720428467,-2.209638833999634,-0.43944549560546875
A3TI04NQIVGUPQ,tail_miss,10,-1.99923837184906,-2.537767171859741,-1.7661429643630981,-0.5385288000106812,0.23309540748596191
AYEV0B24NG14H,tail_miss,5,-1.8105717897415161,-2.3889260292053223,-1.6889837980270386,-0.5783542394638062,0.12158799171447754
A1QGJUZJ7S9E4U,tail_miss,5,-1.8018733263015747,-3.1383118629455566,-1.7586406469345093,-1.336438536643982,0.04323267936706543
A215ZZFPVG5CX5,tail_miss,4,-1.3430348634719849,-1.7087795734405518,-1.4624950885772705,-0.3657447099685669,-0.11946022510528564
A2NGLQZKRHT4J3,tail_miss,15,-1.2731783390045166,-1.5701448917388916,-1.3514271974563599,-0.296966552734375,-0.07824885845184326
A1ZO7HDRWKAKEG,tail_miss,5,-1.9709476232528687,-2.211862325668335,-1.9208974838256836,-0.2409147024154663,0.05005013942718506
A1Y7P7UU6XH1Z5,tail_miss,20,-1.3480700254440308,-2.4055233001708984,-1.33664870262146,-1.0574532747268677,0.0114213228225708
A1V1MGZQI9RUIH,tail_miss,4,-1.8523790836334229,-2.383140802383423,-1.6545506715774536,-0.53076171875,0.19782841205596924
A3C72395D2XX52,tail_miss,3,-2.012478828430176,-2.1395480632781982,-2.076953411102295,-0.12706923484802246,-0.06447458267211914
A2NOBI4U8Q3LF7,tail_miss,20,-6.2976789474487305,-12.521323204040527,-2.855091094970703,-6.223644256591797,3.4425878524780273
A3CJTRKTVC6ND5,tail_miss,3,-1.7316787242889404,-2.248760938644409,-1.8368425369262695,-0.5170822143554688,-0.1051638126373291
A261FB2KY3MZY7,tail_miss,6,-4.2716145515441895,-5.8628716468811035,-1.8105356693267822,-1.591257095336914,2.4610788822174072
AVSBFMITPYO8D,tail_miss,3,-1.3473279476165771,-1.661965250968933,-1.2201166152954102,-0.31463730335235596,0.127211332321167
A1SJJH1YNC8KQP,tail_miss,4,-2.307293176651001,-5.027093410491943,-2.282382011413574,-2.7198002338409424,0.024911165237426758
A3MMN98E54QQM4,tail_miss,9,-2.688232660293579,-4.892588138580322,-2.3402798175811768,-2.204355478286743,0.34795284271240234
A2YG3QW3SQNRP5,tail_miss,4,-1.3979114294052124,-2.2905023097991943,-1.4582806825637817,-0.8925908803939819,-0.060369253158569336
A1PD2IY2BKCMSA,tail_miss,12,-4.185365200042725,-6.6187334060668945,-4.636637210845947,-2.43336820602417,-0.45127201080322266
AP3MSIGG6YFO5,tail_miss,3,-5.195962429046631,-7.288885593414307,-3.9462013244628906,-2.092923164367676,1.2497611045837402
A1REYI6T6VJHKK,tail_miss,7,-2.042851209640503,-2.2941935062408447,-2.0531890392303467,-0.2513422966003418,-0.01033782958984375
A39LRXD7THXB4B,tail_miss,20,-8.441084861755371,-11.53928279876709,-7.71260404586792,-3.0981979370117188,0.7284808158874512
A1433NBG6QPR1D,tail_miss,3,-2.004552125930786,-1.9364749193191528,-2.113476037979126,0.0680772066116333,-0.10892391204833984
A11J1FHCK5U06J,tail_miss,20,-1.2163587808609009,-1.5686477422714233,-0.8863087892532349,-0.35228896141052246,0.330049991607666
A1HWZL74JMO03H,tail_miss,4,-11.074200630187988,-9.786346435546875,-11.534242630004883,1.2878541946411133,-0.46004199981689453
A11DLWWD0138XT,tail_miss,4,-1.6882636547088623,-1.9533745050430298,-1.6431446075439453,-0.2651108503341675,0.04511904716491699
A3ROAFKCJHT6B4,tail_miss,3,-1.6739517450332642,-1.989688515663147,-1.5811243057250977,-0.3157367706298828,0.0928274393081665
A2QDG70KTXGPV2,tail_miss,4,-1.454937219619751,-2.1243793964385986,-1.4524387121200562,-0.6694421768188477,0.0024985074996948242
A35Z7AJ6UUHMLB,tail_miss,4,-2.6570894718170166,-5.46216344833374,-2.147481679916382,-2.8050739765167236,0.5096077919006348
A1CAEHWZ843SES,tail_miss,6,-2.069554567337036,-3.1213605403900146,-1.856507420539856,-1.0518059730529785,0.21304714679718018
A3D90BUGWSRZ9P,tail_miss,5,-1.361310362815857,-1.5849969387054443,-1.4246203899383545,-0.2236865758895874,-0.06331002712249756
AJRE2ZD7YS0AC,tail_miss,4,-2.201869249343872,-2.6878437995910645,-2.1181728839874268,-0.4859745502471924,0.08369636535644531
A2WC1FB5DDBY1S,tail_miss,3,-1.0935323238372803,-1.8868045806884766,-1.0285365581512451,-0.7932722568511963,0.06499576568603516
A3M3APKOCAYDQN,tail_miss,5,-2.3197410106658936,-3.6370227336883545,-2.092135190963745,-1.317281723022461,0.22760581970214844
A3SCFDEJNGU80H,tail_miss,5,-2.076124668121338,-3.956857204437256,-1.9526787996292114,-1.880732536315918,0.12344586849212646
A1JUWVRHEXUX22,tail_miss,3,-1.375592827796936,-2.1335418224334717,-1.4355441331863403,-0.7579489946365356,-0.0599513053894043
APU6VNY3PJPXW,tail_miss,8,-1.439823865890503,-1.1961623430252075,-1.9610979557037354,0.2436615228652954,-0.5212740898132324
A2V1J3JT5OOZFO,tail_miss,8,-13.93829345703125,-12.017924308776855,-13.636960983276367,1.9203691482543945,0.3013324737548828
AEM73438F7E2Z,tail_miss,4,-2.3585293292999268,-1.8523542881011963,-2.3334507942199707,0.5061750411987305,0.025078535079956055
A1U5TD8ZUX5N2S,tail_miss,3,-1.5959861278533936,-1.2933439016342163,-1.5127843618392944,0.30264222621917725,0.08320176601409912
A164C84F0HKRH2,tail_miss,5,-1.50185227394104,-2.470789670944214,-1.2886461019515991,-0.9689373970031738,0.21320617198944092
A13J6RW4FQIA8M,tail_miss,4,-1.345314860343933,-3.0233938694000244,-1.2179968357086182,-1.6780790090560913,0.12731802463531494
ADGU8358UDTJR,tail_miss,4,-1.7157098054885864,-2.424591541290283,-1.7651989459991455,-0.7088817358016968,-0.04948914051055908
A2P8ACE3WN9RXX,tail_miss,3,-1.7294294834136963,-3.5730931758880615,-1.8267954587936401,-1.8436636924743652,-0.09736597537994385
AT2LHFVE169HH,tail_miss,4,-1.4788390398025513,-1.54636549949646,-1.46314537525177,-0.06752645969390869,0.01569366455078125
A72EOPX6HI486,tail_miss,3,-1.7357546091079712,-2.4684154987335205,-1.630556344985962,-0.7326608896255493,0.10519826412200928
A1YXIUYWPLQG3P,tail_miss,3,-1.2071274518966675,-1.649889588356018,-1.358235478401184,-0.4427621364593506,-0.1511080265045166
A1YMB134U0SU0A,tail_miss,4,-1.3260806798934937,-3.5510287284851074,-1.4410029649734497,-2.2249480485916138,-0.11492228507995605
A059547920Q3LZVFHLPI3,tail_miss,7,-2.0053839683532715,-2.387885332107544,-1.9605647325515747,-0.38250136375427246,0.04481923580169678
A3JOBJLIXNXKZV,tail_miss,6,-1.996034026145935,-2.1510376930236816,-2.2331628799438477,-0.15500366687774658,-0.2371288537979126
A196B1TB4WZARE,tail_miss,3,-4.4371795654296875,-7.432240962982178,-4.427751541137695,-2.9950613975524902,0.009428024291992188
A1TSLLLB8DM7ZJ,tail_miss,5,-1.057966709136963,-1.3439772129058838,-1.1434531211853027,-0.2860105037689209,-0.08548641204833984
A2T2MJT8LFLBXH,tail_miss,4,-1.3261138200759888,-1.7962716817855835,-1.3631479740142822,-0.4701578617095947,-0.03703415393829346
AK7V4D8DZNN2N,tail_miss,4,-1.268439531326294,-2.2198572158813477,-1.4501782655715942,-0.9514176845550537,-0.1817387342453003
AIJRFRCJU20HO,tail_miss,20,-1.782471776008606,-2.9064571857452393,-1.913857340812683,-1.1239854097366333,-0.13138556480407715
A3VY4ZUG02YK5I,tail_miss,6,-1.6537548303604126,-2.0587639808654785,-1.3456069231033325,-0.4050091505050659,0.3081479072570801
AHJPLEN55N90W,tail_miss,3,-12.172259330749512,-10.267258644104004,-12.971921920776367,1.9050006866455078,-0.7996625900268555
A282RVWWPWL40T,tail_miss,3,-2.0806663036346436,-2.244523286819458,-2.2255921363830566,-0.16385698318481445,-0.14492583274841309
A1XACOUMZD3168,tail_miss,3,-1.9541703462600708,-3.649078607559204,-2.184664249420166,-1.6949082612991333,-0.23049390316009521
A15CV4APIIDXGP,tail_miss,4,-1.526672601699829,-2.0102219581604004,-1.4991343021392822,-0.4835493564605713,0.027538299560546875
A3GB7TAMSO3BZR,tail_miss,3,-1.6445571184158325,-1.8952882289886475,-1.5803278684616089,-0.25073111057281494,0.06422924995422363
A24RWG4HEMPTYZ,tail_miss,3,-1.7728480100631714,-1.7795439958572388,-1.7692497968673706,-0.006695985794067383,0.0035982131958007812
APZMXSKH3Q57C,tail_miss,3,-1.465846061706543,-2.5923290252685547,-2.380742311477661,-1.1264829635620117,-0.9148962497711182
A8FAATCBC02X2,tail_miss,5,-1.453608751296997,-3.3201210498809814,-1.6680718660354614,-1.8665122985839844,-0.21446311473846436
AL01P5HW0VKF3,tail_miss,8,-1.814727783203125,-2.855668544769287,-1.7907228469848633,-1.040940761566162,0.02400493621826172
A106MNO7PYG1WL,tail_miss,3,-1.0189651250839233,-1.3555986881256104,-1.3890882730484009,-0.336633563041687,-0.37012314796447754
A1KEBQWNEX9XJG,tail_miss,5,-10.536795616149902,-9.672711372375488,-10.711042404174805,0.8640842437744141,-0.17424678802490234
A1B5DMAWMAW575,tail_miss,4,-1.3439114093780518,-1.6494333744049072,-1.192710041999817,-0.30552196502685547,0.15120136737823486
A2ZIYVLKCZIPMP,tail_miss,4,-1.708969235420227,-2.1749672889709473,-1.680172085762024,-0.4659980535507202,0.028797149658203125
A2OIX4KBD3FVC5,tail_miss,10,-2.3689005374908447,-2.2397568225860596,-2.114858388900757,0.12914371490478516,0.2540421485900879
A2TRO7VIL9HABO,tail_miss,3,-1.512784719467163,-1.7864428758621216,-1.4744476079940796,-0.2736581563949585,0.038337111473083496
AO1YMKCK0LMA8,tail_miss,4,-1.3215528726577759,-3.3550479412078857,-1.1982320547103882,-2.03349506855011,0.1233208179473877
A28ZOSR4X9V3UF,tail_miss,3,-2.4242870807647705,-3.333380937576294,-2.200281858444214,-0.9090938568115234,0.22400522232055664
AZ9NR81ZBRIQD,tail_miss,4,-1.4485530853271484,-1.8365355730056763,-1.2857707738876343,-0.38798248767852783,0.16278231143951416
A2LKXDUWPIZW5D,tail_miss,3,-1.541394829750061,-2.4667465686798096,-1.4330860376358032,-0.9253517389297485,0.10830879211425781
A3NICTN9ALZ27,tail_miss,3,-1.7311431169509888,-2.2280962467193604,-1.630339503288269,-0.4969531297683716,0.10080361366271973
A1R3HUDFYEVY6X,tail_miss,4,-1.7801501750946045,-2.935779571533203,-1.7017595767974854,-1.1556293964385986,0.07839059829711914
A2CAT3DSH7QEDN,tail_miss,3,-1.9737536907196045,-3.6807334423065186,-1.9631540775299072,-1.706979751586914,0.010599613189697266
A1OWQSNSWPVPE1,tail_miss,6,-1.5548430681228638,-2.041741132736206,-1.5800540447235107,-0.4868980646133423,-0.025210976600646973
A3T5NS7OHNIFT4,tail_miss,5,-1.6976808309555054,-1.9175819158554077,-2.0768721103668213,-0.21990108489990234,-0.3791912794113159
A3RKOXJC2CEPDI,tail_miss,3,-2.047635793685913,-3.1505415439605713,-2.076284170150757,-1.1029057502746582,-0.02864837646484375
A12AXODJ5QPTDS,tail_miss,4,-1.737367033958435,-3.33270263671875,-3.4411606788635254,-1.595335602760315,-1.7037936449050903
A3BS86QTFJ3T5N,tail_miss,3,-1.6532691717147827,-2.466965436935425,-1.5138245820999146,-0.8136962652206421,0.13944458961486816
A2RTOV1OW4X4XW,tail_miss,3,-2.684595823287964,-5.59402322769165,-2.6983468532562256,-2.9094274044036865,-0.013751029968261719
A12S38AVBTZ8HI,tail_miss,5,-13.25969409942627,-14.937058448791504,-12.660354614257812,-1.6773643493652344,0.599339485168457
A3O3XBUO044GRS,tail_miss,4,-3.036029815673828,-3.4667370319366455,-3.5929858684539795,-0.4307072162628174,-0.5569560527801514
AP3W6BUJ9BB2L,tail_miss,3,-2.4278266429901123,-3.128519058227539,-2.453763961791992,-0.7006924152374268,-0.025937318801879883
A2VHF835RYMGYF,tail_miss,6,-0.8980803489685059,-1.0334851741790771,-1.1090710163116455,-0.1354048252105713,-0.21099066734313965
A196TMEBP8NW5V,tail_miss,5,-1.8521941900253296,-1.8188879489898682,-1.8390101194381714,0.033306241035461426,0.013184070587158203
AD526SECC3I9D,tail_miss,7,-0.9968544244766235,-1.0326201915740967,-1.1301933526992798,-0.035765767097473145,-0.13333892822265625
A3EHBOOVOKKGPM,tail_miss,3,-6.391269207000732,-3.3248789310455322,-6.179627418518066,3.0663902759552,0.21164178848266602
A10IQD569MWNGU,tail_miss,3,-1.7282887697219849,-1.6403018236160278,-1.8185025453567505,0.08798694610595703,-0.09021377563476562
A2IW10BPHCYQG2,tail_miss,4,-4.0267157554626465,-7.547106742858887,-3.6664767265319824,-3.5203909873962402,0.36023902893066406
A2T0W3ZME4WJBY,tail_miss,4,-4.263531684875488,-5.9070587158203125,-4.730917930603027,-1.6435270309448242,-0.46738624572753906
A22R3BJQFKHU8A,tail_miss,3,-3.3418455123901367,-6.455540657043457,-3.68784761428833,-3.1136951446533203,-0.34600210189819336
AYZ29ZBL2B8VF,tail_miss,5,-1.9778144359588623,-2.6089327335357666,-2.0549306869506836,-0.6311182975769043,-0.07711625099182129
AH6HTC17RH71Y,tail_miss,3,-2.118837833404541,-4.0292510986328125,-1.754230260848999,-1.9104132652282715,0.364607572555542
A3H1JX52OBB3U9,tail_miss,5,-2.4314029216766357,-4.71240234375,-2.5565781593322754,-2.2809994220733643,-0.12517523765563965
ANWU4TAGX5G33,tail_miss,4,-3.5937628746032715,-4.547308921813965,-3.9512486457824707,-0.9535460472106934,-0.3574857711791992
AROWY2YEABR8E,tail_miss,3,-1.6875039339065552,-3.684305429458618,-1.6822092533111572,-1.996801495552063,0.005294680595397949
A2I43K8II44SSB,tail_miss,8,-1.1625796556472778,-1.9831033945083618,-1.3610962629318237,-0.820523738861084,-0.1985166072845459
AS7OZHGS6G1R5,tail_miss,4,-1.5931816101074219,-1.6977001428604126,-1.620611310005188,-0.10451853275299072,-0.027429699897766113
A329RQ0HHOEMA3,tail_miss,7,-15.021462440490723,-13.661202430725098,-14.910332679748535,1.360260009765625,0.1111297607421875
A3Q0OTJCD33XEP,tail_miss,16,-1.8349745273590088,-2.091419219970703,-1.7349344491958618,-0.25644469261169434,0.10004007816314697
A2WNKJ9YH6V2NP,tail_miss,6,-1.3213871717453003,-1.7495867013931274,-1.3539804220199585,-0.42819952964782715,-0.0325932502746582
AMW870MJUQX4B,tail_miss,5,-1.5541880130767822,-1.990830421447754,-1.4820146560668945,-0.4366424083709717,0.0721733570098877
AWE13F1HOCZNT,tail_miss,17,-3.1531805992126465,-4.140699863433838,-3.0110604763031006,-0.9875192642211914,0.1421201229095459
A368PK5Q7JEIQN,tail_miss,4,-5.877198696136475,-5.694864749908447,-5.968094825744629,0.18233394622802734,-0.0908961296081543
AJ7O8R3PJRS8C,tail_miss,5,-1.70154869556427,-2.8018600940704346,-1.9255059957504272,-1.1003113985061646,-0.22395730018615723
AV4H59BHCWJ89,tail_miss,3,-2.7179176807403564,-5.700603008270264,-0.6456798911094666,-2.9826853275299072,2.07223778963089
A6XVY732T2ZSW,tail_miss,3,-1.703608751296997,-3.7604892253875732,-1.7184464931488037,-2.056880474090576,-0.01483774185180664
A1C0TY8QPGL19I,tail_miss,5,-11.89951229095459,-11.83980655670166,-12.205451965332031,0.05970573425292969,-0.3059396743774414
A1P1L268DFQLPT,tail_miss,5,-1.1669243574142456,-1.5622493028640747,-1.2618809938430786,-0.3953249454498291,-0.09495663642883301
A1LG2IT336RBFF,tail_miss,3,-11.72679615020752,-10.44108772277832,-11.63305950164795,1.2857084274291992,0.09373664855957031
A248JFAELVCDYE,tail_miss,6,-2.8575797080993652,-3.964096784591675,-2.562715530395508,-1.1065170764923096,0.2948641777038574
AXBWG5WX6JW7T,tail_miss,5,-1.8687585592269897,-3.3203911781311035,-1.8412752151489258,-1.4516326189041138,0.027483344078063965
A1181TKBXURMN2,tail_miss,5,-1.6995973587036133,-2.1865458488464355,-1.6762666702270508,-0.48694849014282227,0.0233306884765625
A1PITYCB7KQJ10,tail_miss,4,-2.5396430492401123,-3.921579599380493,-2.4654107093811035,-1.3819365501403809,0.07423233985900879
AMXWBZYARV4H1,tail_miss,3,-1.358067274093628,-1.8375471830368042,-1.3362398147583008,-0.47947990894317627,0.02182745933532715
A1FAETFXIWAELQ,tail_miss,3,-1.9057090282440186,-3.1505634784698486,-1.9257785081863403,-1.24485445022583,-0.020069479942321777
A1GAKL6SA09SRJ,tail_miss,6,-1.5327880382537842,-2.3488078117370605,-1.5985984802246094,-0.8160197734832764,-0.0658104419708252
A2MR2NV52C9ON3,tail_miss,4,-2.665013551712036,-3.2165887355804443,-2.3598577976226807,-0.5515751838684082,0.30515575408935547
A100WO06OQR8BQ,tail_miss,20,-5.965312480926514,-6.660433292388916,-6.046223163604736,-0.6951208114624023,-0.08091068267822266
A100LIFNJYZWW7,tail_miss,3,-1.9893115758895874,-2.430107593536377,-2.040353298187256,-0.44079601764678955,-0.05104172229766846
A1QOL7HS0W4VGN,tail_miss,4,-2.3911287784576416,-1.904126524925232,-2.21805739402771,0.48700225353240967,0.17307138442993164
A1IP7P5VTCA7XR,tail_miss,3,-1.9274466037750244,-4.484263896942139,-1.9275734424591064,-2.5568172931671143,-0.00012683868408203125
A1QODBWBN5U9YE,tail_miss,6,-1.6911051273345947,-1.9180402755737305,-1.6558047533035278,-0.22693514823913574,0.035300374031066895
A3KDU6P6JM1ONO,tail_miss,4,-2.3788645267486572,-5.120522499084473,-2.797571897506714,-2.7416579723358154,-0.41870737075805664
A38CI1SVH2HOB8,tail_miss,3,-1.7923027276992798,-2.466066837310791,-1.824167013168335,-0.6737641096115112,-0.031864285469055176
A28GQY33ZGQ5UP,tail_miss,7,-1.5359398126602173,-2.931204080581665,-1.5234988927841187,-1.3952642679214478,0.012440919876098633
A354TCYOGONO8U,tail_miss,3,-1.590706706047058,-3.1097333431243896,-1.5778802633285522,-1.5190266370773315,0.01282644271850586
A58DF8Y9D4O1Y,tail_miss,9,-1.8911970853805542,-2.7422566413879395,-1.9801503419876099,-0.8510595560073853,-0.08895325660705566
A39E4H4LK0RB82,tail_miss,10,-1.9675356149673462,-2.3132574558258057,-1.9518738985061646,-0.3457218408584595,0.01566171646118164
A249LHUAX530KK,tail_miss,11,-3.767242908477783,-7.158109188079834,-4.020710468292236,-3.390866279602051,-0.2534675598144531
A1A7TP1VT65WGJ,tail_miss,3,-1.3919111490249634,-1.5350627899169922,-1.6205085515975952,-0.1431516408920288,-0.22859740257263184
A6D7XIL3CWQLS,tail_miss,3,-2.8479959964752197,-6.4742865562438965,-2.8421339988708496,-3.6262905597686768,0.005861997604370117
AXPKZA7UZXKTT,tail_miss,4,-1.2336413860321045,-2.8454413414001465,-1.257421851158142,-1.611799955368042,-0.023780465126037598
A3HVB2J9UWBP6E,tail_miss,3,-1.8803199529647827,-2.997899293899536,-2.3077003955841064,-1.1175793409347534,-0.42738044261932373
A17FSRCBSVGSGG,tail_miss,3,-13.639790534973145,-11.400492668151855,-14.194887161254883,2.239297866821289,-0.5550966262817383
A1E50L7PCVXLN4,tail_miss,15,-0.9799402952194214,-1.9703694581985474,-1.340869665145874,-0.990429162979126,-0.36092936992645264
A2TB4KQYQ764IA,tail_miss,4,-2.313535213470459,-4.344629764556885,-2.0978243350982666,-2.031094551086426,0.21571087837219238
AHO98BSDQCF13,tail_miss,4,-2.336989164352417,-5.1441826820373535,-2.3535189628601074,-2.8071935176849365,-0.01652979850769043
A1LBIZLET9CW1I,tail_miss,3,-1.470636248588562,-1.5357953310012817,-1.5452316999435425,-0.06515908241271973,-0.07459545135498047
A2VR4OZF9O2OUM,tail_miss,3,-1.8471146821975708,-2.2054004669189453,-1.848840355873108,-0.3582857847213745,-0.0017256736755371094
A1VN9S26YLG3BI,tail_miss,3,-2.6932308673858643,-4.4326019287109375,-2.7602314949035645,-1.7393710613250732,-0.0670006275177002
A1WBF5VZ8SLBYW,tail_miss,9,-1.830056071281433,-2.010098934173584,-1.7537609338760376,-0.18004286289215088,0.07629513740539551
A2XFSEQBPL7N00,tail_miss,4,-1.9853347539901733,-2.949859380722046,-1.9654090404510498,-0.9645246267318726,0.019925713539123535
A38Z2JBPM6GZ9Z,tail_miss,10,-1.2586108446121216,-2.283719539642334,-1.4319374561309814,-1.0251086950302124,-0.17332661151885986
A3QTZ8OHWM4WNN,tail_miss,5,-1.9662092924118042,-1.8195934295654297,-2.543236017227173,0.1466158628463745,-0.5770267248153687
A1X8GXHWVS2AU,tail_miss,3,-13.589262008666992,-12.277801513671875,-15.305821418762207,1.3114604949951172,-1.7165594100952148
A2MZOT5G9RPUIQ,tail_miss,3,-2.2823774814605713,-2.7668139934539795,-2.307587146759033,-0.4844365119934082,-0.025209665298461914
A16K708ROGFYER,tail_miss,3,-1.3488107919692993,-1.091860055923462,-1.377248764038086,0.2569507360458374,-0.02843797206878662
A1Z77BZWQTRIBM,tail_miss,6,-5.478524208068848,-2.5470521450042725,-4.252511501312256,2.931472063064575,1.2260127067565918
A3Q0L67RW94UPS,tail_miss,5,-1.0424000024795532,-2.1683011054992676,-0.9175267815589905,-1.1259011030197144,0.12487322092056274
A8IW9RWHFC18Q,tail_miss,9,-1.4326385259628296,-3.4093222618103027,-1.6132084131240845,-1.9766837358474731,-0.18056988716125488
A38CWW0XU1HMTQ,tail_miss,5,-1.9311161041259766,-3.180424213409424,-1.8302372694015503,-1.2493081092834473,0.10087883472442627
A2GFS17LT7K6QV,tail_miss,7,-1.433929681777954,-1.4801435470581055,-2.263948440551758,-0.04621386528015137,-0.8300187587738037
A2FC24ZIW1KUM8,tail_miss,4,-1.459879755973816,-1.8805770874023438,-1.446249008178711,-0.42069733142852783,0.01363074779510498
A1MAKGYFY93A9J,tail_miss,14,-13.565653800964355,-10.827729225158691,-13.7652587890625,2.737924575805664,-0.19960498809814453
A1264HDM471B5S,tail_miss,3,-1.8119418621063232,-2.283775568008423,-1.7352627515792847,-0.4718337059020996,0.07667911052703857
AVYV7GG3JUKT3,tail_miss,8,-1.3467284440994263,-3.8276572227478027,-1.4514775276184082,-2.4809287786483765,-0.10474908351898193
A1GHKSWT15FDWU,tail_miss,4,-11.055723190307617,-10.085083961486816,-11.263558387756348,0.9706392288208008,-0.20783519744873047
A1FWN4IK6CB0Q7,tail_miss,3,-2.0367493629455566,-4.174656391143799,-2.1521222591400146,-2.137907028198242,-0.11537289619445801
A2X966QHQ3049V,tail_miss,16,-1.6363484859466553,-1.7131320238113403,-1.75638747215271,-0.07678353786468506,-0.12003898620605469
A239E3A3LVOVW1,tail_miss,3,-2.4867680072784424,-3.703852415084839,-2.368072509765625,-1.2170844078063965,0.11869549751281738
A1Q8N5LKI9E85S,tail_miss,11,-13.169387817382812,-13.953546524047852,-13.957037925720215,-0.7841587066650391,-0.7876501083374023
ALC8EJHRWBZ07,tail_miss,8,-1.3120810985565186,-1.460733413696289,-1.2688990831375122,-0.1486523151397705,0.04318201541900635
AXMFZBD96CA3M,tail_miss,14,-1.8440202474594116,-1.7562875747680664,-1.7873069047927856,0.08773267269134521,0.05671334266662598
A3TXHPAO3JJ1JU,tail_miss,8,-1.455268144607544,-1.8333406448364258,-1.342249870300293,-0.37807250022888184,0.11301827430725098
A2C8HULEBK0LFP,tail_miss,5,-3.5311412811279297,-7.346146583557129,-3.493903636932373,-3.815005302429199,0.03723764419555664
A3C4692KE4G6TD,tail_miss,3,-2.0015714168548584,-2.9545161724090576,-2.0686800479888916,-0.9529447555541992,-0.0671086311340332
A2IT5J4H9MHB2Z,tail_miss,3,-1.446472406387329,-1.9754174947738647,-1.3649555444717407,-0.5289450883865356,0.08151686191558838
A2M3XTDFN5UXMG,tail_miss,3,-1.4960658550262451,-3.018602132797241,-1.3310428857803345,-1.522536277770996,0.16502296924591064
A3UY4EQZ1OKQ73,tail_miss,5,-1.5763132572174072,-2.3607943058013916,-1.460699439048767,-0.7844810485839844,0.11561381816864014
