user_id	baseline_nll	fused_nll	delta
AQW172A5SG5OC	0.9455607533	0.9456534386	0.0000926852
A3E9UK6ANIX73Q	1.8757728338	1.8757840395	0.0000112057
A38N7SFDOB3MR3	2.6730222702	2.6736805439	0.0006582737
A1BR7B2D7QXL83	1.7584657669	1.7590762377	0.0006104708
A3JLBL62FPGY98	1.2994303703	1.2995638847	0.0001335144
A3VNB1W7N079T2	2.0546324253	2.0547344685	0.0001020432
A1P9UMP1XSE6MI	0.9663056731	0.9663015008	-0.0000041723
A18AO94P2ZIEF3	2.7854516506	2.7852611542	-0.0001904964
A2BRAVOAYRHDVR	2.1429603100	2.1428754330	-0.0000848770
A2F0AYUD1X0AMV	0.3193025589	0.3194356263	0.0001330674
A2B8O4VOUC1Y5B	1.4207442999	1.4206447601	-0.0000995398
A1LG1DKUZXGJ6J	1.2887929678	1.2888995409	0.0001065731
A18CF71GKLDS48	1.9142729044	1.9143047333	0.0000318289
A2BFEMPHZAZE80	0.1852474958	0.1852528453	0.0000053495
A2UAQ83AY3C3CY	2.3303515911	2.3296182156	-0.0007333755
A7EJERNB7IK3Z	1.5505464077	1.5505684614	0.0000220537
A3MKKQT9ECS0S6	0.9455431104	0.9455435872	0.0000004768
A279XQT50MB44R	1.7208086252	1.7207461596	-0.0000624657
A2B0KZ54I63XNX	1.1951761246	1.1952433586	0.0000672340
A1D8KV88A3D7IZ	0.9043922424	0.9042155743	-0.0001766682
A1CYKFUPE5ZGBA	0.9710333943	0.9711173177	0.0000839233
A2X6FC7OXFB61U	1.2400400639	1.2401137352	0.0000736713
A37XBQWYQ1N1FF	0.8617464900	0.8617076874	-0.0000388026
A3FGWQHVQGOAGL	1.5327516794	1.5326604843	-0.0000911951
A17LDNW8GIFID1	1.5149739981	1.5148420334	-0.0001319647
AK9N3O4FT8DNQ	2.0369699001	2.0369462967	-0.0000236034
A198M311Q3VRYF	2.1050751209	2.1046807766	-0.0003943443
AN05GBGE65X9J	0.3134284317	0.3133092225	-0.0001192093
A35NGY49ZY896M	1.4339119196	1.4340095520	0.0000976324
A1BP92HYW0HQST	1.9925383329	1.9924846888	-0.0000536442
A144U5041CFKQR	2.3149094582	2.3145358562	-0.0003736019
A3VAGT9TQUS9WE	2.2457463741	2.2457215786	-0.0000247955
A2RXOQQCU6Z2X8	1.7777198553	1.7777916193	0.0000717640
A2OETFZ7IA6XSQ	2.2458755970	2.2459709644	0.0000953674
A1N03V52IRZ5PR	1.0116645098	1.0120414495	0.0003769398
A17B2QIN8RVRBJ	7.9870638847	7.9873404503	0.0002765656
AO9XKAUG5XH22	1.6512683630	1.6513313055	0.0000629425
A3G7BEJJCPD6DS	2.0910983086	2.0912725925	0.0001742840
A1V23RXLRBR73T	1.8598785400	1.8600369692	0.0001584291
A3N9DRV2RSEU6Y	1.4016908407	1.4019637108	0.0002728701
A25OJH02IZ86EP	1.3677908182	1.3675851822	-0.0002056360
A2OD23539QMZS5	1.7794724703	1.7794610262	-0.0000114441
A2M87ULJS7K5TQ	1.3260096312	1.3259409666	-0.0000686646
A2R9PCIR3X3CAC	0.7469268441	0.7468743920	-0.0000524521
A1CM9DM8R7ODFX	0.1368905753	0.1368966550	0.0000060797
A2CBPT24N2SQDJ	1.2832006216	1.2832936049	0.0000929832
A9RTRKZM3IEOY	1.2525037527	1.2523130178	-0.0001907349
A3BRSKXH5657SJ	2.5782349110	2.5784702301	0.0002353191
A2NN8PP67SRX44	1.0507057905	1.0507532358	0.0000474453
A2J8P71K1DWF6J	0.8216919303	0.8215277791	-0.0001641512
A3SU0OXYEQXLEK	0.3730336130	0.3730569184	0.0000233054
A316PEISP38C8O	1.9045168161	1.9047079086	0.0001910925
A3ARXE2KRSM0VF	1.7828699350	1.7832072973	0.0003373623
AQ1XM9TPJZ5MR	1.2489569187	1.2489528656	-0.0000040531
AW9BJULSBM5Q	3.8615443707	3.8609597683	-0.0005846024
A3UKTZTJRBF719	2.7996242046	2.7992553711	-0.0003688335
A2WP8B9T3X61P0	1.0590531826	1.0591553450	0.0001021624
A2AVTJPQVX4OWG	1.0943831205	1.0943641663	-0.0000189543
A5V4PMU0M4ILG	0.8991765976	0.8988721371	-0.0003044605
A3M450F1MI9G5X	1.7963711023	1.7965105772	0.0001394749
A1AGUB4IUV7MFU	1.8532727957	1.8531714678	-0.0001013279
ARIDN94LOCQFD	2.6313371658	2.6313486099	0.0000114441
A38K7SSI5890AP	1.9014501572	1.9017471075	0.0002969503
A1KHLGSQO7G7J0	3.1672666073	3.1667509079	-0.0005156994
AEXG2O420LTLY	1.2648435831	1.2650227547	0.0001791716
A1O9TQSCKSLG9J	2.0131428242	2.0130441189	-0.0000987053
APB9ABGPIWISR	4.8640627861	4.8640336990	-0.0000290871
ARJ30AM9A4VPS	1.6251388788	1.6252533197	0.0001144409
A3MJ6KO3BG5PSX	1.2510144711	1.2508176565	-0.0001968145
A2ILF5254TTZ98	2.0777854919	2.0777423382	-0.0000431538
ADLYO655RWJUI	1.2249610424	1.2252482176	0.0002871752
A1VSD1TTO9LTA6	1.5386890173	1.5385566950	-0.0001323223
A4PPZNQF1X2IY	1.6340481043	1.6339668036	-0.0000813007
A2XOGLJ3V3X7DR	1.4496110678	1.4495493174	-0.0000617504
A2H2W4UV8OHUDI	0.8267080188	0.8268511295	0.0001431108
A7YLDDB1MZP8H	1.6200269461	1.6199727058	-0.0000542402
A1KU2VHK8BECRW	0.9891503453	0.9891598225	0.0000094771
AK9QPADLB9CV0	0.6762824059	0.6764571071	0.0001747012
A2I1B7GHNP1JTA	2.7837569714	2.7841866016	0.0004296303
A234HXDATOAYEY	2.0213565826	2.0212621689	-0.0000944138
A2IJZWRR8GJ9A	1.4772714376	1.4772216082	-0.0000498295
A4ONPTKOHKXPB	0.9622508883	0.9621838927	-0.0000669956
ALYO802XSAPL7	2.4189832211	2.4189577103	-0.0000255108
ASSJWXLNP773X	4.1050324440	4.1057963371	0.0007638931
A31ORAA66G2I2P	0.2442196012	0.2441657186	-0.0000538826
AUMB4GTLYFGY9	1.5183193684	1.5181819201	-0.0001374483
A139KRFZTCSJE6	1.7985318899	1.7983428240	-0.0001890659
A3S2TOPDUII9K0	1.8934919834	1.8935310841	0.0000391006
ASB4QQBKZD6W2	1.4885311127	1.4875427485	-0.0009883642
A241UDYWOGCAGX	1.3921504021	1.3920804262	-0.0000699759
A1JTTI1KH3DOCY	3.2338740826	3.2338497639	-0.0000243187
A1BOJE4E44MYW6	0.9312696457	0.9310376048	-0.0002320409
A1PVOHZGN3G8VN	3.5542318821	3.5541765690	-0.0000553131
A238ZSESNZ0OPF	1.6616986990	1.6612533331	-0.0004453659
A2KB9VJBOMIC4Y	1.4716790915	1.4715270996	-0.0001519918
A102DV5B0MSC68	0.9743335843	0.9743673205	0.0000337362
A1VLDIHYXRTMAH	1.5827685595	1.5828434229	0.0000748634
A3RRHT01JBVE5N	1.7943023443	1.7943053246	0.0000029802
A2B8V5HGXLYIDV	2.6063721180	2.6069841385	0.0006120205
A3A2AVD40MO6QT	1.4996290207	1.4993110895	-0.0003179312
A2OW5HR1083Q0G	2.0362167358	2.0359966755	-0.0002200603
A2380HQZW3LHP	0.3965789974	0.3966567218	0.0000777245
A1II2ZRPKZAQQD	0.6886253953	0.6884972453	-0.0001281500
A1IDAKX7OM3QIE	0.8670895100	0.8671901226	0.0001006126
A16QWJNSAWFCQ4	1.7184953690	1.7181224823	-0.0003728867
A1ZR54GWZM4QYK	0.5020032525	0.5019928813	-0.0000103712
A1A4QTASZGJL3W	2.5519194603	2.5529835224	0.0010640621
A3R4GFCDXI93C1	1.4043875933	1.4048539400	0.0004663467
A14UOOROH3XRQ9	1.1196438074	1.1195075512	-0.0001362562
A265B1IZE5RVG6	2.1230490208	2.1228039265	-0.0002450943
A2L6QS8SVHT9RG	0.8942680359	0.8945369720	0.0002689362
A6879F1Z2OQVX	0.8316383362	0.8316518664	0.0000135303
A3UOJ4RLVUUDMI	1.9558120966	1.9558511972	0.0000391006
APDPA11IZPYLN	0.9677405357	0.9675955772	-0.0001449585
A45B33GH6R0FJ	0.1915731877	0.1915834695	0.0000102818
A2OXB18PCWKLX1	0.8178577423	0.8178443909	-0.0000133514
A1FJ5KR8PK0QF1	2.1250550747	2.1250531673	-0.0000019073
A3UBR469X3HQF9	1.0184997320	1.0185706615	0.0000709295
A31JC6RV4951A0	2.0369074345	2.0371088982	0.0002014637
A1D0PIT85H5VO9	1.7184950113	1.7183367014	-0.0001583099
A23TGI02RB7JC	1.3053481579	1.3054805994	0.0001324415
A2PFI4YA2DW1RF	0.9329161644	0.9328884482	-0.0000277162
A3DTP68HT6DBJL	1.2507530451	1.2507348061	-0.0000182390
A3N27L13CWJ9HY	1.0604605675	1.0603860617	-0.0000745058
A1AK05CHLZX3GF	0.4089672863	0.4093608558	0.0003935695
A3TOH9LAG3SVDJ	1.2671853304	1.2671388388	-0.0000464916
A26AYSYQM0TBNI	2.2119700909	2.2120440006	0.0000739098
A2C1R5BBL1WXTB	4.2965750694	4.2967696190	0.0001945496
