parent,left_item,right_item,left_train_freq,right_train_freq,delta_lp_last,delta_amplification,non_tie,concordant
260 1081 18497 4192 20468 173 3798,B008BS9YNC,B008BS9Z8G,10,14,0.3982276916503906,0.009666580830222316,1,1
260 9253 19784 12411 322 8102,B008CT12G2,B00AYOHWQW,44,37,-1.8367729187011719,-0.41071747789626567,1,1
643 2165 21603 11402 12365 5678 20086,B0011DJICG,B001RVFUMY,4,5,-1.773625373840332,-0.7966541275684484,1,1
643 7046 12878 14761 30187 15393 6203,B00028F0NM,B00143UYPS,10,6,-1.320347785949707,-0.12120078016704383,1,1
643 12993 12415 348 212 2110 6195,B000127UUA,B000127UVY,11,6,0.6521720886230469,0.40112670650956694,1,1
643 14913 11963 17158 3362 3339 15878,B001MJT6IA,B005VZA0KO,8,4,-0.7646894454956055,4.606280680272118,1,0
643 16997 7316 17224 12547 10133 7500,B0027CT5TG,B0027CT5VO,71,70,-0.7194595336914062,-0.09647550387065706,1,1
643 20243 11457 24787 6330 11127,B004C26RNQ,B004CEJTOS,4,2,3.2637481689453125,-1.3164507877526255,1,0
664 19234 3791 10607 2311 23306 260,B001P1ZEL8,B001P1ZELS,11,20,1.8801288604736328,0.13859982719498198,1,1
664 19234 3791 10607 2311 23306 260,B001P1ZEL8,B001P1ZEMC,11,7,0.37748146057128906,-0.38860130205615917,1,0
664 19234 3791 10607 2311 23306 260,B001P1ZEL8,B001P24STG,11,16,-0.9408607482910156,0.6573672531265284,1,0
664 19234 3791 10607 2311 23306 260,B001P1ZEL8,B001P24STQ,11,9,2.596363067626953,-0.3334692313614429,1,0
664 19234 3791 10607 2311 23306 260,B001P1ZEL8,B001P24VHK,11,7,0.7525997161865234,-0.03038907879854058,1,0
664 19234 3791 10607 2311 23306 260,B001P1ZELS,B001P24STG,20,16,-2.8209896087646484,0.5187674259315465,1,0
664 19234 3791 10607 2311 23306 260,B001P1ZEMC,B001P24STQ,7,9,2.218881607055664,0.05513207069471626,1,1
664 19234 3791 10607 2311 23306 260,B001P1ZEMC,B001P24VHK,7,7,0.3751182556152344,0.3582122232576186,1,1
664 19234 3791 10607 2311 23306 260,B001P24STG,B001P24STQ,16,9,3.5372238159179688,-0.9908364844879713,1,0
664 19234 3791 10607 2311 23306 260,B001P24STQ,B001P24VHK,9,7,-1.8437633514404297,0.3030801525629023,1,0
664 25866 4921 83 29814 13505 25425,B002PBC9Y2,B002PBJL8O,10,5,-0.028167724609375,0.7382943534508772,1,0
664 25866 19987 4921 1101 29435 4613,B002PBEDT6,B002PBJLMU,4,3,0.03213977813720703,0.06559728248581287,1,1
687 12687 22583 11008 4650 1996 4244,B000PIMUR8,B001DJDP7C,7,10,0.8586463928222656,0.6100148944839585,1,1
687 12687 22583 11008 4650 1996 4244,B001BR97A0,B001DJDP7C,18,10,-0.7307357788085938,-0.3298659750777819,1,1
768 11604 12927 8277 18459 3009 19255,B0034RLFGE,B0034RNC7E,12,17,0.1176156997680664,0.2367611568708714,1,1
768 11604 12927 8277 18459 3009 19255,B0034RLFGE,B0034RSNCS,12,6,-0.9146137237548828,-1.1534339422638702,1,1
768 17737 5094 3009 11649 1408,B0067VFWIQ,B006CD3FWO,5,3,-3.4102439880371094,-1.5927708599488888,1,1
768 18110 7854 18647 4294 13861 6177,B009A0VT1K,B009A0VXT8,5,5,1.3390288352966309,0.4080064055368382,1,1
768 19239 6102 16752 5295 361,B0065FE488,B006CCNDYA,9,13,-4.856182098388672,1.4815573388284324,1,0
887 20485 6111 392 15932 10228 407,B005TT8Q4O,B005TT8RA2,8,5,-0.4703664779663086,-0.2113090936672073,1,1
887 20485 6111 392 15932 10228 407,B005TT8Q4O,B005TT8RPM,8,15,0.14485836029052734,-0.6330347226471531,1,0
1043 9018 6482 16097 2710 4970 6108,B001DKEW6O,B001DKF08S,6,10,-0.5651435852050781,-0.6125487629526862,1,1
1043 9018 6482 16097 2710 4970 6108,B001DKF08S,B001DKGJQU,10,16,1.599802017211914,1.0346572112111145,1,1
1043 9018 6482 16097 2710 4970 6108,B001DKGJQU,B001DKK7Y0,16,29,0.7334527969360352,-0.28708604876348165,1,0
1043 9028 9568 3017 10391 4963 23407,B004VQ7CSM,B009EF9NFU,7,4,0.8066158294677734,1.7004096906398285,1,1
1043 27433 7069 21675 12327 8845 9568,B007JLU57G,B007JLUL1G,4,7,0.034379005432128906,-1.1298648321722151,1,0
1268 1675 1657 22552 5679 10848,B0013KYRIM,B0017J22V8,11,7,-7.192093849182129,-2.235143812198512,1,1
1268 14684 8609 509 16864 7578 1494,B005K09UV0,B005K0DO8A,4,5,0.5443220138549805,-0.6802437757240369,1,0
1453 3844 12990 3245 18543 14038 16274,B000FVHS4U,B0018DCINU,4,4,0.8065500259399414,0.4086961286896109,1,1
1453 7043 3822 24690 15963 904 887,B00013TQRE,B0009RF9OG,15,10,-0.12648773193359375,0.2099448928090073,1,0
1453 7306 5260 1590 24212 2870 8632,B008DUCG7E,B008DUCH4Q,4,4,-0.6354808807373047,0.4911205526866578,1,0
1453 8142 18413 3519 24690 5483 6778,B000FQ73O0,B000ZOHOQO,4,7,1.0680389404296875,-0.35048297369081105,1,0
2036 16167 15580 22883 5255 26210,B001E96NYS,B004V6BIZU,9,10,-0.2785835266113281,0.7347142390659887,1,0
2087 2461 21880 19557 8757 4926,B001ADSI3C,B001ADU3B2,8,8,-3.021137237548828,-1.3240520522426689,1,1
2087 4179 3361 8584 2591 579 7590,B001KYNZM0,B001KYQ4VO,7,9,-0.7033615112304688,-0.0955313453476343,1,1
2087 4179 3361 8584 2591 579 7590,B001KYNZM0,B001KYVPGI,7,4,-0.14479923248291016,-0.12516314295400655,1,1
2087 11298 4076 2461 27323 20302,B006UETC18,B006UETDR6,4,2,1.1778697967529297,2.2491843162669323,1,1
2164 5461 12972 23808 2437 170 3879,B009Z3LOTE,B009Z3MG0K,3,3,-0.6567440032958984,0.48285177172358473,1,0
2195 10530 5731 3781 920 16827 1405,B001E6P6MQ,B001E6R61U,8,6,0.2620830535888672,0.268263986594679,1,1
2565 11219 5404 8240 1584 13377,B000GS8T0Y,B007SIG5HY,10,8,-3.4897022247314453,-1.0879738904630525,1,1
2565 13377 8030 15886 3295 173 20340,B003AY949G,B004EFG4BG,10,9,-0.4300098419189453,-0.09677625668299861,1,1
2629 2304 144 7316 7501 29014 7152,B005SPETGS,B005SPETHW,13,7,0.01775360107421875,0.3091481323466567,1,1
2629 2481 162 7316 13377 8030,B00A0IWRT4,B00A0IWRU8,100,91,-4.543996810913086,-2.0566855862407367,1,1
2629 2481 162 7316 13377 8030,B00A0IWRT4,B00A0IWSN4,100,101,-0.05945777893066406,-0.8368493919546349,1,1
2629 2481 162 7316 13377 8030,B00A0IWRU8,B00A0IWSN4,91,101,4.484539031982422,1.2198361942861018,1,1
2629 22724 4884 3672 2481 162,B0000530G6,B0000530M0,7,9,3.1404647827148438,0.44824771282780596,1,1
2880 4150 27621 6264 1953 1422,B004T19OKI,B004T19OLM,5,4,4.848701477050781,0.3610133455373301,1,1
2880 4150 27621 6264 1953 1422,B004T19OKI,B004T19PBG,5,4,4.286588668823242,-1.8362112317988881,1,0
2880 4150 27621 6264 1953 1422,B004T19OLM,B004T19PBG,4,4,-0.5621128082275391,-2.1972245773362182,1,1
2880 22325 12539 1712 2480 18322,B000FKJYV6,B0047DK2RW,6,11,-8.719032287597656,4.0641841297620225,1,0
3022 1206 6031 12027 1040 4672,B00557ZHK6,B005584GCK,5,5,2.557488441467285,-1.6094379124341014,1,0
3022 2165 21603 11402 12365 5678 20086,B00005LBRT,B00016WULK,5,7,0.6139230728149414,-0.3863822936917227,1,0
3022 19787 25125 19437 12206 8610,B000052YMX,B001EJOPXE,7,11,-1.3223743438720703,-0.3060831578226715,1,1
3022 23738 14090 3042 5694 4174,B0094C43FI,B0094C5C3A,28,30,-2.2061309814453125,1.9396454457159837,1,0
3225 187 537 27721 21045 1405,B004L81VXW,B0086JQBAA,7,4,-4.446760177612305,-1.1902794771939345,1,1
3361 5304 11719 5163 3471 19858,B003765306,B007HTT88M,5,3,-1.2386608123779297,1.0075109264269546,1,0
3575 6961 1898 1125 14485 23676 1586,B00J4JWLJG,B00J4JWN2Q,5,4,1.127237319946289,0.5371429320833645,1,1
4194 565 20816 255 554 17927,B001LNOCW2,B001LNOCWW,5,5,-3.2564525604248047,1.5260563034950483,1,0
4194 8625 255 9949 2697 22637 7059,B002F17ZXW,B003B1BWA2,6,6,-0.7008523941040039,0.9677440134630722,1,0
4194 8625 255 23161 2697 22637 7059,B003A1W770,B003KDJ5KK,9,12,-0.7095699310302734,-0.1393480629477839,1,1
4194 12032 8681 5902 206 255,B001A3RXN8,B001ESE2KG,7,5,-4.193201065063477,-0.21791250189665767,1,1
4216 7316 10503 6433 2661 3550 2304,B001A7WV0Y,B001A82DY2,8,6,1.2253589630126953,0.6207046263946232,1,1
4522 10878 2774 23565 13815 1795 18109,B0006PS3XU,B0006PS3Y4,4,6,-0.44032955169677734,0.08426034361774093,1,0
4926 18722 1189 21018 11223 18358 28511,B002VECKGU,B003FBRVAS,6,7,1.0441498756408691,-0.19867069479548327,1,0
4926 26220 5109 4227 526 22384 1049,B0082D9UZS,B0082D9VTS,4,3,-0.5412120819091797,-0.04717856027509093,1,1
4926 26220 5109 4227 526 22384 1049,B0082D9UZS,B0082D9WEM,4,4,0.5111808776855469,0.45783309362547975,1,1
4926 26220 5109 4227 526 22384 1049,B0082D9VTS,B0082D9WEM,3,4,1.0523929595947266,0.5050116539005707,1,1
5432 2182 2682 1408 19243 5621 8602,B008LQRMAQ,B008LQSOJO,6,8,-0.8975324630737305,-0.20740871087340373,1,1
5432 12488 4976 9549 17389 2029,B0009953JA,B000X2STQ2,5,7,-5.368513107299805,0.26038993016377354,1,0
5949 12683 4035 972 11831 651 14061,B000P2301E,B000P257CO,4,4,-0.7948417663574219,-0.37085957893068944,1,1
6001 21246 1427 2618 15548 4054 11185,B004KRYPZ0,B004KS2OHA,3,6,-0.14585399627685547,-1.1018909801298076,1,1
6453 2646 5147 5065 6967 2693 1692,B0028R0WFG,B0028R4SRO,6,10,-0.30867767333984375,-0.5939834314396304,1,1
7018 25751 9230 8129 9599 9388 11404,B003U7EGL4,B004VMGT2Q,9,16,0.5153865814208984,-0.00552487593196993,1,0
7334 768 9319 2888 3829 1023 18312,B005GCZ3YK,B005WTLB9S,7,13,-0.42722034454345703,0.3829204415490981,1,0
7334 768 9319 2888 3829 1023 18312,B005GCZ3YK,B006OMHUL0,7,5,1.4500703811645508,-0.9308293409989155,1,0
7334 768 9319 2888 3829 1023 18312,B005GCZ3YK,B006OMHV00,7,7,2.137711524963379,-0.7771471549726847,1,0
7334 768 9319 2888 3829 1023 18312,B005GCZ3YK,B0082XRHGM,7,7,-0.358795166015625,0.3749896141111293,1,0
7334 768 9319 2888 3829 1023 18312,B005WTLB9S,B006OMHV00,13,7,2.564931869506836,-1.1600675965217828,1,0
7334 768 9319 2888 3829 1023 18312,B005WTLB9S,B0082XRHGM,13,7,0.06842517852783203,-0.007930827437968802,1,0
7334 768 9319 2888 3829 1023 18312,B006OMHUL0,B006OMHV00,5,7,0.6876411437988281,0.15368218602623074,1,1
7334 768 9319 2888 3829 1023 18312,B006OMHUL0,B0082XRHGM,5,7,-1.8088655471801758,1.3058189551100448,1,0
7334 768 9319 2888 3829 1023 18312,B006OMHV00,B0082XRHGM,7,7,-2.496506690979004,1.152136769083814,1,0
7334 768 9319 3829 1023 18312 12663,B00B83G0OS,B00B83H62I,6,5,-1.0084295272827148,-0.5452455281115363,1,1
7334 768 9319 3829 1023 18312 12663,B00B83G0OS,B00B83SVFY,6,5,1.1046762466430664,0.08813991790615638,1,1
7334 768 9319 3829 1023 18312 12663,B00B83G0OS,B00B83V0HK,6,6,-2.274298667907715,-0.16459345350037324,1,1
7334 768 9319 3829 1023 18312 12663,B00B83G0OS,B00B83VXYK,6,5,-1.7589902877807617,-1.0342123580650266,1,1
7334 768 9319 3829 1023 18312 12663,B00B83H62I,B00B83SVFY,5,5,2.1131057739257812,0.6333854460176926,1,1
7334 768 9319 3829 1023 18312 12663,B00B83H62I,B00B83V0HK,5,6,-1.265869140625,0.380652074611163,1,0
7334 768 9319 3829 1023 18312 12663,B00B83H62I,B00B83VXYK,5,5,-0.7505607604980469,-0.4889668299534904,1,1
7334 768 9319 3829 1023 18312 12663,B00B83SVFY,B00B83V0HK,5,6,-3.3789749145507812,-0.2527333714065296,1,1
7334 768 9319 3829 1023 18312 12663,B00B83SVFY,B00B83VXYK,5,5,-2.863666534423828,-1.122352275971183,1,1
7334 768 9319 3829 1023 18312 12663,B00B83V0HK,B00B83VXYK,6,5,0.5153083801269531,-0.8696189045646534,1,0
7334 1023 3829 7346 814 27869 768,B007M0S8KA,B007M0STLI,8,6,-1.0831270217895508,-2.289973936278871,1,1
7334 1023 3829 7346 814 27869 768,B007M0S8KA,B007TF9FDW,8,9,-0.07106304168701172,-0.1454755581533025,1,1
7334 1023 3829 7346 814 27869 768,B007M0STLI,B007TF9FDW,6,9,1.012063980102539,2.1444983781255686,1,1
7334 6310 2047 11074 13241 9319,B00HD4F8DK,B00HEQKY7M,11,8,2.0298328399658203,-0.14456945239808405,1,0
7334 9319 768 2888 1023 18312 12663,B006OMHTCK,B006OMHTMK,5,6,-0.9990596771240234,-0.4657146335412712,1,1
7334 9319 768 2888 1023 18312 12663,B006OMHTCK,B006OMHTXO,5,9,0.9832563400268555,-0.3800826535977464,1,0
7334 9319 768 2888 1023 18312 12663,B006OMHTCK,B006OMHUGU,5,6,-1.7461128234863281,-0.959372453684896,1,1
7334 9319 768 2888 1023 18312 12663,B006OMHTCK,B006OMHUZQ,5,8,-2.273305892944336,-0.607288759328144,1,1
7334 9319 768 2888 1023 18312 12663,B006OMHTMK,B006OMHTXO,6,9,1.982316017150879,0.08563197994352478,1,1
7334 9319 768 2888 1023 18312 12663,B006OMHTMK,B006OMHUGU,6,6,-0.7470531463623047,-0.4936578201436248,1,1
7334 9319 768 2888 1023 18312 12663,B006OMHTMK,B006OMHUZQ,6,8,-1.2742462158203125,-0.14157412578687278,1,1
7334 9319 768 2888 1023 18312 12663,B006OMHTXO,B006OMHUGU,9,6,-2.7293691635131836,-0.5792898000871496,1,1
7334 9319 768 2888 1023 18312 12663,B006OMHTXO,B006OMHUZQ,9,8,-3.2565622329711914,-0.22720610573039757,1,1
7334 9319 768 2888 1023 18312 12663,B006OMHUGU,B006OMHUZQ,6,8,-0.5271930694580078,0.352083694356752,1,0
7334 9319 2888 768 16057 18312 417,B00649P2VS,B00649P3H6,4,4,-1.0443954467773438,-0.4795730802618863,1,1
7334 10447 3829 768 1023 11477 1277,B002VCXS36,B006H2Z6T0,6,8,-0.5947113037109375,-0.42802320608154787,1,1
7334 10447 27215 768 2888 3829 1023,B001GMOKWU,B006H2ZBKY,8,4,0.3560943603515625,-0.577033873125858,1,0
7524 3342 20666 21545 1781 2087 6972,B006UEUI8E,B006UEUIJS,5,5,2.975973606109619,0.762140052046897,1,1
7524 3342 20666 21545 1781 2087 6972,B006UEUI8E,B006UEUJV0,5,4,1.4398002624511719,1.3608408771296947,1,1
7524 3342 20666 21545 1781 2087 6972,B006UEUI8E,B006UEUK82,5,3,0.8894081115722656,0.9628107475090495,1,1
7524 3342 20666 21545 1781 2087 6972,B006UEUIJS,B006UEUJV0,5,4,-1.5361733436584473,0.5987008250827976,1,0
7524 3342 20666 21545 1781 2087 6972,B006UEUIJS,B006UEUK82,5,3,-2.0865654945373535,0.20067069546215244,1,0
7524 3342 20666 21545 1781 2087 6972,B006UEUJV0,B006UEUK82,4,3,-0.5503921508789062,-0.3980301296206452,1,1
7524 4194 5109 5808 11617 10219,B006GQE27E,B006GQHYW4,7,6,-3.4736366271972656,-1.717651497074332,1,1
7524 7910 22854 23560 14320 7258 22562,B004679GB2,B0046VESH0,3,5,0.6152324676513672,0.6466271649250537,1,1
7524 18954 18722 8592 7203 5064 28511,B001KYQO0K,B001KYW9TA,6,7,0.595555305480957,-0.1431008436406742,1,0
7524 26040 6561 3342 5109 21207 17387,B0082D9RYM,B0084FIET2,8,6,-0.42736244201660156,-0.906940747554815,1,1
7568 1322 11617 1273 7665 1803,B007S5BB8A,B007V5CMJE,5,7,-5.992509841918945,-1.5064056865358655,1,1
7568 18362 1273 1274 11132 17570 3679,B003VMDJW0,B003VMMMUK,7,11,0.815277099609375,1.037162949728705,1,1
7568 18362 1273 1274 11132 17570 3679,B003VMDJW0,B003VMOZE6,7,8,2.3935251235961914,0.9734491457141061,1,1
7568 18362 1273 1274 11132 17570 3679,B003VMDJW0,B003VMXXVW,7,8,-0.1253509521484375,1.1324036778540094,1,0
7568 18362 1273 1274 11132 17570 3679,B003VMDJW0,B004NMXMZ6,7,4,1.823617935180664,1.1638528105365111,1,1
7568 18362 1273 1274 11132 17570 3679,B003VMMMUK,B003VMOZE6,11,8,1.5782480239868164,-0.06371380401459881,1,0
7568 18362 1273 1274 11132 17570 3679,B003VMMMUK,B003VMTZ8C,11,22,-0.2603645324707031,0.03616354171073244,1,0
7568 18362 1273 1274 11132 17570 3679,B003VMMMUK,B003VMXXVW,11,8,-0.9406280517578125,0.09524072812530449,1,0
7568 18362 1273 1274 11132 17570 3679,B003VMOZE6,B003VMXXVW,8,8,-2.518876075744629,0.1589545321399033,1,0
7568 18362 1273 1274 11132 17570 3679,B003VMOZE6,B004NMXMZ6,8,4,-0.5699071884155273,0.190403664822405,1,0
7568 18362 1273 1274 11132 17570 3679,B003VMTZ8C,B0055E61KY,22,28,1.6864376068115234,-0.1815805415692342,1,0
7568 18362 1273 1274 11132 17570 3679,B003VMXXVW,B004NMXMZ6,8,4,1.9489688873291016,0.03144913268250171,1,1
7568 18362 18874 1273 1274 11132,B003VMZHKM,B003ZUZCDC,24,19,3.133800506591797,-0.28514429279931086,1,0
7568 18362 18874 1273 1274 11132 17570,B003VMOGSQ,B003VN00YY,15,18,-1.2304363250732422,0.11584043380017484,1,0
7568 18362 18874 1273 1274 11132 17570,B003VMOGSQ,B003ZUZDD6,15,15,1.5670719146728516,-0.02758795651882906,1,0
7568 18362 18874 1273 1274 11132 17570,B003VN00YY,B003ZUZDD6,18,15,2.7975082397460938,-0.1434283903190039,1,0
7704 16878 10049 20164 5547 1513 7812,B00GLS554Q,B00GLS55DC,46,40,0.4031972885131836,0.12094032551593603,1,1
7704 20164 16878 10049 5547 1513 7812,B00GLS58OS,B00GLS5938,36,30,-0.4310340881347656,-0.0144916880072401,1,1
7704 20164 24829 16878 10049 5547 1513,B00GLS58SO,B00GLS593S,47,42,-0.7280921936035156,-0.01684193148523594,1,1
7704 27363 27341 6513 3818 11556 281,B005MIFI3E,B005MIFIQG,8,6,0.19028091430664062,0.6409392718798514,1,1
8552 13726 4372 25703 491 3492 8328,B006JKX5TS,B006JKX5ZM,3,4,0.5231914520263672,0.1281751934239974,1,1
8967 7859 28890 1095 861 12044 1601,B009S99Z8W,B009S9BDJQ,3,6,-0.06624984741210938,-0.6190392084062228,1,1
9763 3523 4781 6290 18222 14281,B000TBZJOM,B000TUFLIC,3,5,2.5176944732666016,-1.4979536789257448,1,0
10758 1356 8473 13711 5189 3648 1157,B001DJ15KG,B001ET727U,4,5,0.8704080581665039,-0.6985091237013297,1,0
10758 5936 19084 4597 3026 20522 9560,B000146LKS,B00112DRHY,12,7,-0.7787675857543945,-0.1621188494764354,1,1
10758 13711 5189 5987 8581 5254 687,B001ET72C0,B001ET77YI,4,6,-0.2835559844970703,0.23139345078635287,1,0
10758 19311 4174 26825 20595 2895 14515,B00IFVHJBO,B00IFVHJCI,12,12,0.4932422637939453,-0.023810648693718406,1,0
10758 24040 22637 7942 13033 12137 2785,B0036LJ0HO,B004LY0X26,6,4,-1.3711881637573242,-3.5899087365548805,1,1
11477 2073 1905 6884 18312 2050 12631,B0060GFV3Y,B00A4ZJSYK,4,3,-1.3677568435668945,0.285800604352076,1,0
11477 2618 18571 1427 22153 1588 694,B004KRV8MS,B004KRVBT8,5,6,-0.30458736419677734,-0.2481796294755334,1,1
11477 2618 18571 1427 22153 1588 694,B004KRV8MS,B004KS0ODG,5,5,0.2726726531982422,0.18879407129957215,1,1
11477 2618 18571 1427 22153 1588 694,B004KRV8MS,B004KS0QZW,5,4,1.1247014999389648,0.2513144282809048,1,1
11477 2618 18571 1427 22153 1588 694,B004KRVBT8,B004KS0ODG,6,5,0.5772600173950195,0.43697370077510556,1,1
11477 2618 18571 1427 22153 1588 694,B004KRVBT8,B004KS0QZW,6,4,1.4292888641357422,0.4994940577564382,1,1
11477 2618 18571 1427 22153 1588 694,B004KS0ODG,B004KS0QZW,5,4,0.8520288467407227,0.06252035698133263,1,1
11477 5253 1476 6228 3496 13846 8126,B000ZM9BP8,B000ZMCNFI,6,5,0.108917236328125,1.2130226398458532,1,1
11477 10097 6696 5138 6136 4203 21863,B008TNPXMK,B008TNQ3PQ,3,4,-0.18855667114257812,-1.9859154836690145,1,1
11477 20609 2618 12565 614 31224 1427,B0036BJLJ6,B005AYHHNO,4,6,1.6244277954101562,-0.3677247801253163,1,0
11769 8431 23958 4709 10866 2179,B006ZCPZMA,B006ZCQD30,7,9,-1.369863510131836,0.878352892533762,1,0
11769 10866 14568 2179 6784 6606 23253,B00KLA4INE,B00L0C529Q,9,13,-0.4025993347167969,-0.400588131028659,1,1
12535 2618 18571 1427 22153 1588 694,B004KS2NZ8,B004KS2OD4,6,7,-0.9435567855834961,-0.28368279426186405,1,1
14143 825 225 1135 1633 2468 21914,B005KO7NK6,B005N2ZLHW,29,21,-1.393157958984375,0.15233435194188694,1,0
14143 825 2669 21914 568 3304 4766,B0061GQV0U,B006448CW4,6,9,-1.0751104354858398,0.01582311493924138,1,0
14143 825 5119 2251 16579 21914 568,B006GXUMRG,B006GXUMSU,5,7,0.15248870849609375,-0.10562322418422809,1,0
14143 825 5119 2251 16579 21914 2541,B006QFCDDK,B006QFKDRI,4,5,-0.8765220642089844,0.1358015411590614,1,0
14143 2765 4359 12257 4895 17723,B009G0OO7U,B00BQYYMN0,6,8,5.766359329223633,0.3022808718729344,1,1
14143 17086 936 11655 3493 15176,B002ZNJI8K,B002ZNJI94,4,4,0.741607666015625,-0.41494385206270756,1,0
14517 658 18957 17686 5394 5661 12177,B003VFI0XU,B003VHCXWW,6,5,-0.3984804153442383,0.010893353907883707,1,0
14517 23971 1275 658 3723 3302 28857,B00BKOL53Q,B00BKONH5U,2,2,1.0446710586547852,-0.12136085700426769,1,0
14853 2325 2346 13966 2087 13060 1346,B006UET8P8,B006UET92K,5,4,-0.44700145721435547,-3.295836866004329,1,1
14853 13966 2087 747 3552 7390 1730,B000V5BXO6,B001126XI4,6,7,0.9679126739501953,0.7041970167465301,1,1
14853 13966 2087 747 3552 7390 1730,B000V5BXO6,B00112AH36,6,8,-0.9265909194946289,0.034016885278255415,1,0
14853 13966 2087 747 3552 7390 1730,B001126XI4,B00112AH36,7,8,-1.8945035934448242,-0.6701801314682747,1,1
15254 2844 7446 26190 5756 24078 14527,B003DKO83E,B003DKU3CY,6,9,0.6630792617797852,-0.0019333017138158937,1,0
15254 2844 17396 4522 7446 969 7411,B0037LMS0Y,B0045HWN22,9,6,0.4233512878417969,0.14555182525981358,1,1
15254 25127 15855 7812 26190 5756 7203,B001T8QJM0,B0045H854W,13,11,0.4196138381958008,-0.1556946481317265,1,0
15405 2532 15583 5001 13084 2746 12868,B001RHZC26,B002JF4Q1S,7,7,0.6874246597290039,0.03614851411631115,1,1
15405 2532 15583 5001 13084 2746 12868,B001RHZC26,B0049424FM,7,13,2.277134895324707,0.44314652518532327,1,1
15405 2532 15583 5001 13084 2746 12868,B002JF4Q1S,B0049424FM,7,13,1.5897102355957031,0.4069980110690121,1,1
15405 12828 6660 6327 12868 835 1462,B004ZT0CQO,B005GSWUY0,6,12,-0.7525520324707031,-0.4902970436248637,1,1
16087 1536 384 2108 1632 9356 4376,B0023AQAPO,B0023ASBSS,5,5,-0.02888965606689453,-0.8172956100834057,1,1
16087 1536 384 2108 1632 9356 4376,B0023AQAPO,B0023AV2UM,5,10,-0.8710145950317383,-1.7866961672715078,1,1
16087 1536 384 2108 1632 9356 4376,B0023ASBSS,B0023AV2UM,5,10,-0.8421249389648438,-0.9694005571881021,1,1
16087 10241 1337 3702 13247 19253,B0049P5ZIY,B004AME6K4,4,7,1.7448978424072266,-1.6338293655582596,1,0
16087 10760 2096 255 4194 1175 1582,B00449W12S,B005IUGRBI,22,36,1.0504798889160156,-0.43049540968579514,1,0
16087 14431 10253 3904 16441 11021 473,B00066D2JE,B001ET7892,13,21,0.4481964111328125,-0.44016506608453554,1,0
16234 13773 20349 822 5917 8064 3180,B00CGKJ7QU,B00DPTW8JY,13,9,1.2306480407714844,0.30334059188410833,1,1
16234 23337 5917 8064 3180 3061 4372,B00AUV77TG,B00AUV9GH2,17,16,0.24984169006347656,0.027830263280373302,1,1
16802 2837 8387 2662 8936 10366 9803,B000CSDDDG,B000EZOC1O,23,17,0.3230123519897461,-0.2645912505262915,1,0
16802 2837 8387 2662 8936 10366 9803,B000EZOC1O,B001KMR9WY,17,10,-1.4389925003051758,0.316782088938222,1,0
16802 2837 8387 2662 8936 10366 9803,B000EZQGU4,B000MZX6QI,7,8,-1.4462699890136719,-0.4225742706039046,1,1
16802 2837 8387 2662 8936 10366 9803,B000EZQGU4,B001KMR9WY,7,10,-1.4479551315307617,0.43831229395305726,1,0
16802 2837 8387 2662 8936 10366 9803,B000MZX6QI,B001KMR9WY,8,10,-0.0016851425170898438,0.8608865645569619,1,0
16802 12206 9074 3877 16846 3596 12898,B0016BHJEW,B001G7PWCM,5,7,-1.0104026794433594,-0.14981227822866217,1,1
16875 14443 28832 30040 14864 7012 8763,B000F4GIP2,B000F4GIPM,6,5,0.5408687591552734,0.10145680217735276,1,1
17236 1321 19865 19710 8316 6693 5974,B0000Y3GF2,B000GCW9F6,7,4,-1.3525266647338867,0.14129252488388921,1,0
17236 31248 28958 31389 867 7536 2470,B008TGS9N2,B00AVQ0JI6,10,6,-0.5049905776977539,0.4610540324946495,1,0
18311 2908 26665 29435 24919 26854 2134,B0017T29HU,B0017T29JS,4,7,0.10039138793945312,-0.6252359749437346,1,0
18311 9928 13266 702 3858 670 6019,B008H5GGGM,B00A6VN56E,4,3,0.4360198974609375,0.5877866649021204,1,1
18311 18543 10848 24209 26000 15198 2058,B00AZJ009M,B00B18C2RE,3,5,0.16434001922607422,-0.4519851237430572,1,0
18322 9135 9519 27089 183 12771 16123,B00658M1DU,B007IVYL18,4,4,-0.5259342193603516,0.2937611185281632,1,0
19831 1207 1730 6448 2152 751 10950,B000052YLX,B001E96M58,5,9,1.304208755493164,-0.2782797197733906,1,0
19831 1730 11026 21935 6179 7569 10758,B0009RFAPY,B002BWOXXK,10,20,0.3335437774658203,0.3444048513469191,1,1
19831 5304 4900 11719 3471 8695,B004OG90X4,B004OGB21M,3,4,3.4590721130371094,0.8197099038683735,1,1
19831 18118 5160 529 9770 7365,B000052YMT,B000052YMV,6,5,-3.776784896850586,2.1854597357566323,1,0
19831 18118 5160 1389 20853 287 529,B000056I89,B001ET73JM,8,11,0.7252311706542969,-0.1176578180907022,1,0
21628 23015 5109 1202 3361 3427 10788,B006OZF398,B006OZF4KG,11,20,1.2403020858764648,-0.31600172922854775,1,0
21935 7321 649 2165 739 1407 20282,B001VII87W,B005851HJU,4,5,1.1788444519042969,-1.0147704864397582,1,0
21970 25669 2689 8234 3097 1861 11537,B006J5YANS,B006J5YB2I,2,3,-0.02910614013671875,0.2825669717850108,1,0
21970 25669 2689 8234 3097 1861 11537,B006J5YANS,B006J5YBJG,2,3,-0.5611820220947266,-0.9830994015462657,1,1
21970 25669 2689 8234 3097 1861 11537,B006J5YANS,B0079HNKLI,2,3,-0.35611915588378906,-0.1621188494764354,1,1
21970 25669 2689 8234 3097 1861 11537,B006J5YB2I,B006J5YBJG,3,3,-0.5320758819580078,-1.2656663733312765,1,1
21970 25669 2689 8234 3097 1861 11537,B006J5YB2I,B0079HNKLI,3,3,-0.3270130157470703,-0.4446858212614462,1,1
21970 25669 2689 8234 3097 1861 11537,B006J5YBJG,B0079HNKLI,3,3,0.2050628662109375,0.8209805520698303,1,1
22188 3820 986 3496 18257 7706 6348,B000RG2YFQ,B001MP471K,7,9,0.7740993499755859,-0.6156576979364115,1,0
22188 3820 986 8058 340 2934 18257,B001FYZTEW,B003ZS8MMW,8,7,0.5998926162719727,-0.7181024539052601,1,0
22188 3820 986 8058 2934 18257 29675,B003ZS1O7W,B003ZS6ONQ,6,6,-2.638002395629883,-0.6675703387702949,1,1
22188 3820 986 8058 2934 18257 29675,B003ZS1O7W,B003ZS8MNG,6,12,-3.1901636123657227,0.39148178519798016,1,0
22188 3820 986 8058 2934 18257 29675,B003ZS6ONQ,B003ZS8MNG,6,12,-0.5521612167358398,1.059052123968275,1,0
22188 6136 14882 2280 2888 9901 8058,B002ACKDU8,B002ACKKMO,6,7,1.3263444900512695,-0.1631015103473441,1,0
22188 15665 14152 14803 1131 1580 4285,B001G2GCO4,B006R1FZLA,6,7,-0.1973114013671875,-0.027865580063089368,1,1
22188 15665 22508 29022 19754 7664 770,B004CQ0KOO,B0050WT2I4,2,3,-0.33556461334228516,0.3346960372199561,1,0
23159 2097 1639 490 14251 348 3470,B004TSF8R4,B004TSFE28,84,103,0.8908185958862305,-0.8235121796868183,1,0
23159 2097 1639 490 14251 348 3470,B004TSF8R4,B007O7AZBG,84,94,0.09070014953613281,-0.07467657145792295,1,0
23159 2097 1639 490 14251 348 3470,B004TSF996,B007O7AZ3O,23,15,1.7649469375610352,-0.2427759214187173,1,0
23159 2097 1639 490 14251 348 3470,B004TSFE28,B007O7AZBG,103,94,-0.8001184463500977,0.7488356082288954,1,0
23159 2097 1639 490 14251 348 3470,B007O7AZ3O,B00A7H8ECW,15,8,-0.12090682983398438,0.38098789480956796,1,0
23159 2168 3007 1258 422 917 11268,B00BX7DGIC,B00COVNG7W,16,8,1.312363624572754,0.33035555337036193,1,1
23159 4353 16635 13699 18471 1466,B00BWB3YTA,B00D6OEMBK,4,3,-3.241023063659668,-1.2747418752141435,1,1
23159 6820 6660 8558 877 3331 6291,B0061JQY6S,B0062W4J6Q,6,7,-0.7016754150390625,0.10821358464023234,1,0
23159 7466 4150 6820 6660 12131 1232,B0061YRVMO,B0061YSLKA,34,17,-0.4342069625854492,0.4334035080309224,1,0
23159 7999 440 3100 7193 17583,B002UL10M4,B002UL63NK,10,6,3.5883073806762695,-0.308884280102383,1,0
23159 8810 7999 17359 3100 17643 440,B002UL35I6,B002UL35IQ,6,5,0.44867706298828125,0.514596545038625,1,1
23528 9272 4874 24706 1271 8915 8744,B005OZH88I,B005OZJYUS,29,28,0.6380014419555664,0.03818988400865386,1,1
24055 2153 9786 4798 1788 6895 15688,B000TDBJHQ,B000TDG2PU,11,12,-0.6416711807250977,0.19918536284595945,1,0
25097 4641 5295 20953 5274 295,B000NSH2L4,B00121TEQW,3,6,0.8773517608642578,-1.85580183555515,1,0
25097 18118 5160 6658 8610 1725,B000052YMR,B001ET734C,49,32,-2.4763660430908203,0.36112873379835175,1,0
25597 3432 13634 4453 12063 1076 4583,B00EOP3MJI,B00EOP3O3C,13,9,-0.5318813323974609,0.171390253174331,1,0
25597 11492 17801 2748 6527 12973,B000R9A56I,B001DK9RQE,8,6,-0.025297164916992188,-1.1238274922095393,1,1
26190 5436 8805 1370 16753 2898 6797,B00385WMIM,B00385WMJ6,6,12,-0.9173040390014648,-0.4426173737394592,1,1
26190 6701 14095 8805 22434 9182 836,B004GTIUBC,B004HYJ3LW,3,5,-2.162421226501465,0.1792866530988011,1,0
26190 6701 14095 8805 22434 9182 836,B004GTIUBC,B004HYMJRC,3,6,-0.7213621139526367,0.871615168037911,1,0
26190 6701 14095 8805 22434 9182 836,B004GTIUBC,B004HYOP7O,3,3,-3.0585641860961914,1.1249295969854831,1,0
26190 6701 14095 8805 22434 9182 836,B004HYJ3LW,B004HYMJRC,5,6,1.4410591125488281,0.6923285149391099,1,1
26190 6701 14095 8805 22434 9182 836,B004HYJ3LW,B004HYOP7O,5,3,-0.8961429595947266,0.945642943886682,1,0
26190 6701 14095 8805 22434 9182 836,B004HYMJRC,B004HYOP7O,6,3,-2.3372020721435547,0.25331442894757217,1,0
26190 8805 569 836 2898 3275 16753,B00385WMH8,B00385WMHI,3,5,1.0086984634399414,-1.1112307526273213,1,0
26891 20576 367 5604 10303 3980 3147,B00A2Y5KMM,B00BGAOJGY,6,8,-1.179574966430664,-0.2075165674550714,1,1
26891 20576 367 5604 10303 3980 3147,B00A2Y5KMM,B00BKUHH50,6,8,-0.6136941909790039,-0.613964476625144,1,1
26891 20576 367 5604 10303 3980 3147,B00BGAOJGY,B00BKUHH50,8,8,0.5658807754516602,-0.40644790917007256,1,0
27406 5317 21327 4477 5447 17602 18196,B00DNK4YB0,B00HAZ4MBQ,3,2,1.6494665145874023,3.1863526331626417,1,1
27406 7524 21880 2883 5120 10219 4816,B0058H0GA4,B007APTJ0U,5,5,0.2888193130493164,0.13815033848081804,1,1
30551 2087 30421 10905 8058 14063,B00008MOQE,B00008MOQN,42,41,-3.471952438354492,-0.16442225536329325,1,1
30551 2087 31211 5733 2475 2961 8058,B000W9WZ34,B001KYRWP6,13,9,-1.013260841369629,0.06544144035357746,1,0
30551 2087 31211 5733 2475 2961 8058,B001KYRWP6,B001KYVL2G,9,6,0.12651634216308594,0.6338644961389175,1,1
30551 12553 21803 15244 11508 3805 14987,B004Y9JURC,B004Y9M81W,13,19,-0.9682083129882812,-0.16466173902454706,1,1
30551 13726 1604 15136 14783 491 14577,B004O3UE46,B004O3ZPAO,5,5,1.0155315399169922,0.5245244681241523,1,1
30551 13950 17486 3980 2087 3882 3805,B008C12YYY,B008C12ZHK,5,4,0.6583347320556641,-0.1788189262427533,1,0
30551 17151 11463 2728 2475 11116 22188,B004BEBBXG,B00BC9QI1S,7,5,-0.7904548645019531,0.13664400119204068,1,0
