sample_key,user_id,target_group,competitive_steps,max_illegal_mass,mean_loss_gap
A103PIRYKWQKR7:6:B008LQXR82,A103PIRYKWQKR7,head,3,0.03577291965484619,0.014078140258789062
A10MZ1W1M8LIBJ:1:B00386099K,A10MZ1W1M8LIBJ,head,3,0.01520681381225586,0.006594340006510417
A117PQAH6ZLJ97:2:B000LT1D56,A117PQAH6ZLJ97,head,3,0.032713353633880615,0.01902008056640625
A11L3YX5WIDKJ:21:B006EP74CC,A11L3YX5WIDKJ,tail,5,0.0035147666931152344,0.0014322519302368164
A11OTLEDSW8ZXD:4:B006ROJJE6,A11OTLEDSW8ZXD,head,4,0.016023576259613037,0.007070064544677734
A12F1134XZ5V1Q:2:B006O6EOII,A12F1134XZ5V1Q,head,4,0.043431639671325684,0.013216495513916016
A12QYV3ARZX9TA:6:B008C0O4Q6,A12QYV3ARZX9TA,tail,3,0.12011831998825073,0.05711174011230469
A1354C4W99WQUB:3:B000NKH0E6,A1354C4W99WQUB,head,4,0.00751042366027832,0.0030438899993896484
A13CMGPBBA6RED:2:B00141D6BE,A13CMGPBBA6RED,tail,3,0.1447574496269226,0.06058311462402344
A13MM94OD9HMEO:2:B003NZQKQC,A13MM94OD9HMEO,tail,3,0.15252095460891724,0.05693689982096354
A13MZ8L5DC4JHC:7:B004DK6BRE,A13MZ8L5DC4JHC,tail,4,0.0902482271194458,0.03173542022705078
A146L0JWX6KKYJ:1:B004P9591C,A146L0JWX6KKYJ,head,4,0.007596611976623535,0.0030128955841064453
A14MSHFCXPARFS:3:B00D9LWJTC,A14MSHFCXPARFS,head,4,0.022203147411346436,0.01092386245727539
A14TYIA6NMXWSI:2:B0042VJPZO,A14TYIA6NMXWSI,tail,6,0.0811697244644165,0.03198877970377604
A14Z0MULK9Y2HO:1:B007U7M0WM,A14Z0MULK9Y2HO,head,3,0.023312151432037354,0.009289423624674479
A15D71305SUX7J:1:B001US4G9M,A15D71305SUX7J,tail,3,0.020275592803955078,0.01003869374593099
A15DLHUPADSHQH:2:B00AHAJAU4,A15DLHUPADSHQH,tail,3,0.06234842538833618,0.022267659505208332
A15JPYV0L19RF:7:B003R1V90Y,A15JPYV0L19RF,head,4,0.006408989429473877,0.0017547607421875
A15NQIJ8G9LZ4W:3:B005GJDG24,A15NQIJ8G9LZ4W,tail,3,0.06967723369598389,0.042507171630859375
A167KPMW1NBZJW:26:B00CQDGYKO,A167KPMW1NBZJW,tail,4,0.038947463035583496,0.017125844955444336
A16BB04DCCVBO9:1:B0000E39PG,A16BB04DCCVBO9,tail,3,0.17244172096252441,0.07191276550292969
A16EID3ZQJKW09:3:B0002HYD1S,A16EID3ZQJKW09,head,3,0.015428483486175537,0.007632891337076823
A16HQB6GTXWKBD:1:B0042T8GR4,A16HQB6GTXWKBD,head,3,0.012648940086364746,0.005137125651041667
A16L9YZS3W4Z5I:1:1936112191,A16L9YZS3W4Z5I,head,4,0.09849971532821655,0.03095531463623047
A16RBPUDCYJZHO:2:B000K3BZNS,A16RBPUDCYJZHO,tail,4,0.005626022815704346,0.003627777099609375
A16RKBCGFDMI8H:1:B0015EPR2Q,A16RKBCGFDMI8H,tail,3,0.1867823600769043,0.08019256591796875
A175TVQLNLP30:8:B00134PM7I,A175TVQLNLP30,head,3,0.07626891136169434,0.031789143880208336
A17BLL3VPB3VLG:2:B004KU7PFY,A17BLL3VPB3VLG,tail,4,0.03287011384963989,0.02141404151916504
A17ROMTUTETSF0:4:B003DW92G0,A17ROMTUTETSF0,tail,3,0.13000589609146118,0.04936663309733073
A17V2N0N8CXSA9:18:B0037NMWC6,A17V2N0N8CXSA9,tail,4,0.016299426555633545,0.007359743118286133
A17XTU7OH5HOA0:5:B0083WQQ82,A17XTU7OH5HOA0,tail,3,0.05036509037017822,0.021050135294596355
A1893YSU7AX0FE:9:B006EFMSSM,A1893YSU7AX0FE,head,4,0.03249555826187134,0.015572071075439453
A18NS2LFYCLOTH:3:B000096QQ1,A18NS2LFYCLOTH,tail,3,0.11924523115158081,0.05265045166015625
A18PHQM5FOYLUR:2:B008B68IEA,A18PHQM5FOYLUR,head,3,0.0480002760887146,0.01803270975748698
A18RMGZO7XVL48:3:B008CL5Y6O,A18RMGZO7XVL48,head,4,0.044560372829437256,0.021137714385986328
A190HFGLY5BKSN:7:B002S52VU2,A190HFGLY5BKSN,head,3,0.10647010803222656,0.05218633015950521
A191AMOO5QYHPC:6:B003SRGOXY,A191AMOO5QYHPC,tail,3,0.018535315990447998,0.007202903429667155
A191Q0M6SG37S7:2:B0038AT564,A191Q0M6SG37S7,head,3,0.013876020908355713,0.005154093106587728
A19BOGDWQPM1R3:7:B007R3NTME,A19BOGDWQPM1R3,tail,3,0.013693571090698242,0.0060227711995442705
A19BSL8DK1YT87:1:B0007LQ1DC,A19BSL8DK1YT87,tail,3,0.10667461156845093,0.04468409220377604
A19FRW264WZTGP:9:B000ZPF8PC,A19FRW264WZTGP,tail,3,0.035929203033447266,0.023416519165039062
A19WEEGB05YAZ3:24:B00CKH9NS6,A19WEEGB05YAZ3,head,4,0.016044199466705322,0.0046749114990234375
A19XNAQ2TG01QW:11:B008DBZBUC,A19XNAQ2TG01QW,head,6,0.01020437479019165,0.002616723378499349
A1A2S6U22NP1FL:1:B00C6PYGJ8,A1A2S6U22NP1FL,head,5,0.13618004322052002,0.03316807746887207
A1B0EQM8VRH9Z1:1:B000ICZ8RK,A1B0EQM8VRH9Z1,tail,3,0.030844449996948242,0.012932459513346354
A1B0N7WV5RR9VS:6:B000S17LA8,A1B0N7WV5RR9VS,head,3,0.15182077884674072,0.07416470845540364
A1BOJ3936IE1E0:6:B00006FDLT,A1BOJ3936IE1E0,tail,3,0.08595561981201172,0.03525861104329427
A1C02Z83O2MJHO:9:1564518531,A1C02Z83O2MJHO,tail,3,0.04429060220718384,0.027505874633789062
A1C157FRUD6JXH:4:B002WDKA6W,A1C157FRUD6JXH,tail,4,0.004295647144317627,0.001664876937866211
A1C9RXXYKVZD0Q:1:B000197NXM,A1C9RXXYKVZD0Q,head,4,0.04007238149642944,0.01792287826538086
A1CIW2OEVAJRM2:24:B007515EVC,A1CIW2OEVAJRM2,tail,4,0.01675713062286377,0.006759285926818848
A1CKCGZIHFBUR1:4:B0012534TG,A1CKCGZIHFBUR1,tail,3,0.07158631086349487,0.03303400675455729
A1CNI382AJ17T5:3:B001BKX0V4,A1CNI382AJ17T5,head,4,0.035329580307006836,0.011783123016357422
A1DD9MSMEKYOVW:89:B003COZJXO,A1DD9MSMEKYOVW,tail,5,0.026947319507598877,0.011883354187011719
A1DNYGN6CYWJKZ:2:B009T45XN2,A1DNYGN6CYWJKZ,head,4,0.011904776096343994,0.005951881408691406
A1E1LEVQ9VQNK:7:B00ARQW1C2,A1E1LEVQ9VQNK,head,3,0.013731241226196289,0.005575815836588542
A1E6IYIZ7BN9KC:2:0976990709,A1E6IYIZ7BN9KC,head,4,0.04562222957611084,0.021499156951904297
A1EWN05O1U1NTA:6:B000M5J7W0,A1EWN05O1U1NTA,head,4,0.012566089630126953,0.007217884063720703
A1FDRF4X6XK7YB:6:B00CHWZ47S,A1FDRF4X6XK7YB,tail,4,0.011484503746032715,0.003686875104904175
A1FVD7AOS18DW4:3:B001TJ8ITQ,A1FVD7AOS18DW4,head,4,0.25280821323394775,0.0821608304977417
A1G836QEJX40XL:2:B000CBWVE0,A1G836QEJX40XL,tail,3,0.019457757472991943,0.011897087097167969
A1G8Z3K7X2VO2X:2:B001JTE2KU,A1G8Z3K7X2VO2X,tail,3,0.03354501724243164,0.020079930623372395
A1GCFTFXELCHRP:6:B004NSUIJ8,A1GCFTFXELCHRP,tail,3,0.09751909971237183,0.043497721354166664
A1GKSZ8I34QITO:4:B00804BDE0,A1GKSZ8I34QITO,head,3,0.06101864576339722,0.026630401611328125
A1H4IG6PK1O1MO:12:B001KY8836,A1H4IG6PK1O1MO,tail,4,0.004301309585571289,0.0013458728790283203
A1H6MJI466CHKL:1:B004A8ZRBA,A1H6MJI466CHKL,head,5,0.06830990314483643,0.02121906280517578
A1HHZ17PGIMHCG:1:B00AMOK7XY,A1HHZ17PGIMHCG,tail,3,0.127325177192688,0.05106925964355469
A1HIFXTGJ9WLRQ:2:B004SCELN8,A1HIFXTGJ9WLRQ,tail,3,0.3117032051086426,0.13477071126302084
A1HVRGC4PC700B:1:B004TBN4AE,A1HVRGC4PC700B,tail,3,0.03772956132888794,0.025539716084798176
A1HYARAPF3E1GF:4:B008A078Z2,A1HYARAPF3E1GF,tail,4,0.005857408046722412,0.002111077308654785
A1I7X9OCFFF5M9:5:B000283X3G,A1I7X9OCFFF5M9,tail,3,0.18989413976669312,0.07749303181966145
A1IBKN1GXYJ3K4:22:B00CDGA69Y,A1IBKN1GXYJ3K4,head,4,0.009408295154571533,0.0029604434967041016
A1IKU3OV2ZG87I:3:B008FSCGFQ,A1IKU3OV2ZG87I,tail,3,0.11040514707565308,0.061091105143229164
A1IWAEUWZBKIU5:2:B0009XBY30,A1IWAEUWZBKIU5,head,4,0.06396377086639404,0.021123409271240234
A1J6DWEEUC2H1D:5:B008ML1S9G,A1J6DWEEUC2H1D,tail,4,0.14147400856018066,0.05317068099975586
A1J8KMRU2EO4J7:2:B004PBJOD4,A1J8KMRU2EO4J7,head,3,0.039891064167022705,0.024780909220377605
A1JGGR7SKU1T8W:1:B001ARYDFA,A1JGGR7SKU1T8W,tail,3,0.05614900588989258,0.025709152221679688
A1KB6PCFL2REFT:2:B003O85K2S,A1KB6PCFL2REFT,head,5,0.019719481468200684,0.008313179016113281
A1KDU8GVKJAJV8:1:B002QNM8NQ,A1KDU8GVKJAJV8,head,3,0.04874807596206665,0.019578297932942707
A1KGWUYXUBEMB2:28:B00F6N0MGI,A1KGWUYXUBEMB2,head,3,0.003191649913787842,0.0016075770060221355
A1KI3173CO6TK2:12:B0002HWFBS,A1KI3173CO6TK2,head,3,0.05265450477600098,0.024173418680826824
A1KTUN83EOUTGU:4:B0085UA9VC,A1KTUN83EOUTGU,head,3,0.116610586643219,0.0484765370686849
A1KU2VHK8BECRW:3:B0042TBGC6,A1KU2VHK8BECRW,head,3,0.16681283712387085,0.07189242045084636
A1KUOIHEOZ7C0C:2:B000BR9DPK,A1KUOIHEOZ7C0C,tail,3,0.01411581039428711,0.009081204732259115
A1L3QNX7R1RZ3G:2:B00000JPES,A1L3QNX7R1RZ3G,tail,3,0.036813318729400635,0.017761866251627605
A1L6PD52EJ98IK:9:B002PUD6RC,A1L6PD52EJ98IK,tail,3,0.01452946662902832,0.008172035217285156
A1LCN7LLVB47KN:1:B00186FCX0,A1LCN7LLVB47KN,tail,4,0.03437232971191406,0.018335342407226562
A1LG1DKUZXGJ6J:17:B005KITK6C,A1LG1DKUZXGJ6J,tail,2,0.05683279037475586,0.02955150604248047
A1LG3XJBNCGKL0:2:B00ATA2TB4,A1LG3XJBNCGKL0,tail,4,0.040895938873291016,0.01358485221862793
A1M8AYAL3L8ACP:37:B001WRSER6,A1M8AYAL3L8ACP,head,3,0.09493160247802734,0.04146893819173177
A1MF49W2L3JYJA:1:B004TGPQDW,A1MF49W2L3JYJA,tail,3,0.11208337545394897,0.04743321736653646
A1NIGUK4M2ST8:10:B004OS8J98,A1NIGUK4M2ST8,head,3,0.013567566871643066,0.005673726399739583
A1NQKWS81ENDTV:16:B002MUM9DC,A1NQKWS81ENDTV,tail,3,0.026999294757843018,0.010175546010335287
A1O8GR3RFO0DH8:2:B00008BFZH,A1O8GR3RFO0DH8,head,4,0.03072422742843628,0.012351036071777344
A1OIQJ6NXBE826:10:B000A7S5AK,A1OIQJ6NXBE826,tail,4,0.003453969955444336,0.0012540817260742188
A1OZRZCVFONZ7P:3:B0015AM26E,A1OZRZCVFONZ7P,head,4,0.08514106273651123,0.029164552688598633
A1P354IBQL8838:3:B0008FUCY6,A1P354IBQL8838,tail,3,0.3219476342201233,0.1387303670247396
A1PBLFIRAZII1F:1:B001D0C70C,A1PBLFIRAZII1F,head,3,0.06597548723220825,0.034510294596354164
A1PE07FDHM05I7:2:B004VYVR1M,A1PE07FDHM05I7,tail,4,0.037993788719177246,0.012355081737041473
A1PI8VBCXXSGC7:1:B002DHC6FA,A1PI8VBCXXSGC7,head,3,0.04371440410614014,0.030399322509765625
A1PQH2Q3HATCT4:2:B001KPQ7K6,A1PQH2Q3HATCT4,tail,3,0.027833998203277588,0.017101287841796875
A1PSOVIQK992SV:12:B0028SZ9X0,A1PSOVIQK992SV,tail,4,0.07929438352584839,0.024016261100769043
A1PZO13IAKZRQ5:6:B002BHDXY0,A1PZO13IAKZRQ5,tail,3,0.025260627269744873,0.01392364501953125
A1Q48I7K1Y6K5T:8:B00A92GJIQ,A1Q48I7K1Y6K5T,tail,3,0.043103158473968506,0.02544116973876953
A1Q6MHDUPNV6P7:4:B00BIDJP2W,A1Q6MHDUPNV6P7,head,3,0.03305637836456299,0.020837148030598957
A1Q9UVHD2PGCVU:33:B005VPRFRU,A1Q9UVHD2PGCVU,tail,4,0.005113840103149414,0.0014165639877319336
A1QBOC76MIOJYP:7:B007U7M02C,A1QBOC76MIOJYP,head,3,0.012455940246582031,0.007327715555826823
A1QIG8RJL0KF1G:1:B000GKE2N0,A1QIG8RJL0KF1G,head,3,0.024650633335113525,0.016069412231445312
A1QTM7NWYL49X8:6:B00ATX7JPM,A1QTM7NWYL49X8,head,3,0.20876890420913696,0.0874315897623698
A1QWMH66PHTJYR:6:B00000JIVS,A1QWMH66PHTJYR,head,4,0.12184345722198486,0.04248809814453125
A1R27Q9GNRUGQQ:2:B0050PJIPS,A1R27Q9GNRUGQQ,head,4,0.04291337728500366,0.018428802490234375
A1R48YW7BSTEH8:1:B004CLZRVU,A1R48YW7BSTEH8,tail,3,0.03175342082977295,0.016639073689778645
A1RBEJ5UQ1RWAW:3:B001PAHGJM,A1RBEJ5UQ1RWAW,head,4,0.03805440664291382,0.015555381774902344
A1RULH2QPYJ2PT:4:B001UIMB0I,A1RULH2QPYJ2PT,tail,5,0.006225168704986572,0.0035306930541992186
A1RVXZ3K4XL2S2:6:B00519PJTW,A1RVXZ3K4XL2S2,tail,4,0.10082060098648071,0.04028677940368652
A1S1IP62GI71D0:4:B00A8UT558,A1S1IP62GI71D0,head,3,0.04614996910095215,0.016094525655110676
A1S3RUN3SAKLES:2:B000ZZZ7RQ,A1S3RUN3SAKLES,tail,3,0.05659079551696777,0.023230552673339844
A1S7YQQGJPPFLG:3:B0014411SG,A1S7YQQGJPPFLG,head,4,0.006698966026306152,0.003317594528198242
A1SD1C8XK3Z3V1:2:B006P135EQ,A1SD1C8XK3Z3V1,head,4,0.03399282693862915,0.009979963302612305
A1SN0GF90DLUHI:33:B006ZMO044,A1SN0GF90DLUHI,tail,4,0.02403658628463745,0.008651018142700195
A1U7M885725D9X:6:B000VWQ6C8,A1U7M885725D9X,head,3,0.07272160053253174,0.03224722544352213
A1U87I0LK7M2ZU:2:B008DBZC88,A1U87I0LK7M2ZU,tail,6,0.014024674892425537,0.003505706787109375
A1UCPXUBSESD65:7:B008KCQRPW,A1UCPXUBSESD65,head,4,0.00789940357208252,0.004623889923095703
A1UFLVSJ3IRETQ:7:B004D3A9AG,A1UFLVSJ3IRETQ,head,4,0.057251811027526855,0.017261743545532227
A1UQ2YP76IWKS1:1:B004FPHIDI,A1UQ2YP76IWKS1,tail,3,0.06460803747177124,0.031232833862304688
A1VABWDOUQLULZ:19:B000ARW60U,A1VABWDOUQLULZ,head,3,0.01406794786453247,0.00843048095703125
A1VBDBOCUBID8Q:1:B0006PKZBI,A1VBDBOCUBID8Q,head,4,0.15025335550308228,0.04723834991455078
A1VGWWV36PBC3W:5:B0083TXY08,A1VGWWV36PBC3W,head,3,0.01422959566116333,0.008213678995768229
A1VPXKC59XKWLA:3:B000FZND9U,A1VPXKC59XKWLA,tail,4,0.051250457763671875,0.019114017486572266
A1VPZRB49KCQFT:5:B004M13Z7S,A1VPZRB49KCQFT,tail,4,0.10260331630706787,0.030073314905166626
A1VQCOMUERYLCP:1:B00006JZCM,A1VQCOMUERYLCP,tail,3,0.09559255838394165,0.03910954793294271
A1WA9YMKWDQGZZ:2:B0042ESGVA,A1WA9YMKWDQGZZ,tail,3,0.15473175048828125,0.07414976755777995
A1WH9Z5S1J1VA4:3:B0001X2XE2,A1WH9Z5S1J1VA4,head,3,0.05490773916244507,0.02884197235107422
A1WMC37L5Z4E9A:1:B00009KWU4,A1WMC37L5Z4E9A,tail,5,0.07357102632522583,0.023193168640136718
A1WR3SVI3YRADM:4:B00385OY42,A1WR3SVI3YRADM,tail,3,0.04737722873687744,0.024972915649414062
A1X0A4DC5S8D6X:3:B002U4N19G,A1X0A4DC5S8D6X,tail,3,0.08474838733673096,0.04430452982584635
A1XE3S44YJ5NOL:4:B0006HCA82,A1XE3S44YJ5NOL,tail,4,0.09264487028121948,0.02594524621963501
A1XJOSJN6FHFO0:8:B00005MNV6,A1XJOSJN6FHFO0,tail,3,0.04674839973449707,0.022821426391601562
A1XQENKF1Z3HMJ:3:B004VEPODO,A1XQENKF1Z3HMJ,tail,3,0.03424888849258423,0.02384503682454427
A1XTZEZCTEADJZ:1:B004PBJFO2,A1XTZEZCTEADJZ,head,3,0.12951374053955078,0.054381370544433594
A1Y1IE41K2NDT1:3:B00840LB56,A1Y1IE41K2NDT1,tail,3,0.004012584686279297,0.0022122065226236978
A1Y4LW3U3U73EP:14:B009DPJ6U8,A1Y4LW3U3U73EP,tail,4,0.03347313404083252,0.010747432708740234
A1Y8JOESGA6C5D:4:B000FK3WDC,A1Y8JOESGA6C5D,head,4,0.022674858570098877,0.011664271354675293
A1YGEBPFDD2QT8:4:B0043WAP60,A1YGEBPFDD2QT8,tail,3,0.0664973258972168,0.03634071350097656
A1YGLSK49JI3NC:4:B0037UT3E4,A1YGLSK49JI3NC,head,3,0.0284346342086792,0.019560496012369793
A1YKXVGAIA8952:9:B00BH0GBE6,A1YKXVGAIA8952,tail,3,0.059834063053131104,0.036342620849609375
A1YPPPXDRR030H:9:B0009Z3KDU,A1YPPPXDRR030H,tail,4,0.07593059539794922,0.03740072250366211
A1ZSEERM9E52XI:6:B00000IRW0,A1ZSEERM9E52XI,tail,3,0.2353501319885254,0.09893417358398438
A1ZSSHFUSZUC3Y:1:B000ZPF8RA,A1ZSSHFUSZUC3Y,tail,3,0.11371278762817383,0.0516974131266276
A20361V1Y2GZ5X:1:B001LO9TS8,A20361V1Y2GZ5X,head,5,0.017289578914642334,0.008744049072265624
A2086ZWT3NFBWL:3:192978001X,A2086ZWT3NFBWL,head,4,0.04952073097229004,0.017893314361572266
A20LS0RITRHTAN:14:B000F8XF8Q,A20LS0RITRHTAN,tail,4,0.13250631093978882,0.03961658477783203
A21F2U5SP9FJC7:3:B000RGRN7K,A21F2U5SP9FJC7,tail,4,0.07891231775283813,0.036180734634399414
A21KFA4W0Z25YK:2:B000065AG7,A21KFA4W0Z25YK,tail,4,0.10492640733718872,0.03324079513549805
A22TXP0Y92PMPL:2:B0009K6K0A,A22TXP0Y92PMPL,tail,3,0.09419244527816772,0.0421899159749349
A234X1MVIMPMMC:1:B004ORWXFA,A234X1MVIMPMMC,head,4,0.22201430797576904,0.06414198875427246
A2380HQZW3LHP:2:B007BFVATW,A2380HQZW3LHP,tail,6,0.0624234676361084,0.020456393559773762
A23FK7VDY5PCJO:2:B003WMC6U0,A23FK7VDY5PCJO,head,3,0.020160675048828125,0.010268211364746094
A23HBTG96J8NBI:1:B000ETRENI,A23HBTG96J8NBI,head,5,0.010088205337524414,0.004483985900878906
A24M02Q8LG9DUZ:1:B001L6FZI4,A24M02Q8LG9DUZ,tail,3,0.015691280364990234,0.010158499081929525
A24RCBRDXRXR0Y:31:B006ROJQZS,A24RCBRDXRXR0Y,head,4,0.012573659420013428,0.005918741226196289
A24ZMNWTW8AQUR:9:B006O6FIE2,A24ZMNWTW8AQUR,tail,4,0.008151054382324219,0.003873586654663086
A251N5IFXCSBMF:5:B0038AJYSS,A251N5IFXCSBMF,head,3,0.03833872079849243,0.0144195556640625
A258RAXG68NJVR:1:B000EUHKUE,A258RAXG68NJVR,head,4,0.054165780544281006,0.01687455177307129
A25ND1VXTT9LF:3:1603801286,A25ND1VXTT9LF,tail,3,0.04839962720870972,0.0247189203898112
A2701UXI8QGRHE:6:B00CDGA6A8,A2701UXI8QGRHE,head,3,0.019079864025115967,0.008434295654296875
A2798JNM3K3U4Q:2:B00117QRJ4,A2798JNM3K3U4Q,tail,4,0.018945157527923584,0.008694291114807129
A27UGQK54EF3MJ:5:B00CBT7NIK,A27UGQK54EF3MJ,tail,3,0.09325730800628662,0.048497517903645836
A27UTP8HERIGPQ:1:B00139OH4C,A27UTP8HERIGPQ,tail,4,0.03825432062149048,0.0174407958984375
A289TP9PLLQVLQ:2:B000BNC9DM,A289TP9PLLQVLQ,head,3,0.031077265739440918,0.011863072713216146
A28GN62IWG0FZM:3:B000RXPU0U,A28GN62IWG0FZM,tail,5,0.021292567253112793,0.00930328369140625
A28OB1QLXN5BM6:5:B003I85V00,A28OB1QLXN5BM6,head,3,0.016280710697174072,0.007189432779947917
A28WXDXJA1P0MC:1:B0060Y271K,A28WXDXJA1P0MC,head,4,0.017514467239379883,0.007363438606262207
A298X3YMX4P5X9:1:B000096PNA,A298X3YMX4P5X9,tail,4,0.04229438304901123,0.01971721649169922
A29YKXBDYVR601:6:B0038APBDA,A29YKXBDYVR601,head,3,0.025751352310180664,0.010354359944661459
A2AEFJLAIDWRIR:10:B007Q0OMU6,A2AEFJLAIDWRIR,tail,3,0.005908668041229248,0.0020380020141601562
A2AUFQUXFTZXT5:2:B00138RVKK,A2AUFQUXFTZXT5,head,3,0.010890305042266846,0.0052140553792317705
A2AYJJAFNSGSU1:12:B000B8L48S,A2AYJJAFNSGSU1,head,3,0.008315622806549072,0.0032175381978352866
A2BRAVOAYRHDVR:5:B000DH333G,A2BRAVOAYRHDVR,head,3,0.036381423473358154,0.01428985595703125
A2BSA3NCW7E7GK:2:B004Q64MPI,A2BSA3NCW7E7GK,tail,4,0.0290144681930542,0.015326261520385742
A2BUPFYUOFL8WH:12:B002BY2BVE,A2BUPFYUOFL8WH,head,4,0.025712311267852783,0.009702920913696289
A2BVLSQDYFTTQ0:3:B00428LIYI,A2BVLSQDYFTTQ0,head,3,0.05273318290710449,0.023436864217122395
A2BW1M87B5WX6X:2:B0001Z5TGE,A2BW1M87B5WX6X,tail,3,0.03218185901641846,0.0160061518351237
A2BX9V59XFXHI8:2:B0042ESG38,A2BX9V59XFXHI8,tail,4,0.12491166591644287,0.05282032489776611
A2BZ16RKE13PKV:17:B0038ALXZ0,A2BZ16RKE13PKV,tail,4,0.014677047729492188,0.005467891693115234
A2D4FQHV506EPB:6:B0085CV2RU,A2D4FQHV506EPB,head,3,0.0034615397453308105,0.002105712890625
A2DC92H1JVC8K3:1:B001GFITE2,A2DC92H1JVC8K3,tail,3,0.04004669189453125,0.025534947713216145
A2EDRIENLRVMRR:4:1929780664,A2EDRIENLRVMRR,head,3,0.04225963354110718,0.021252950032552082
A2EGCMOTJ6OGAY:3:B004813L0S,A2EGCMOTJ6OGAY,head,3,0.051167190074920654,0.024986902872721355
A2FGNDZXA6YD4D:6:B000GL1DI6,A2FGNDZXA6YD4D,head,4,0.022777318954467773,0.01110696792602539
A2FU5T22SM513U:1:B001543YEY,A2FU5T22SM513U,head,3,0.032071053981781006,0.020041465759277344
A2G3G2HOOV2VGZ:1:B003NVLNT0,A2G3G2HOOV2VGZ,tail,4,0.02973836660385132,0.01216745376586914
A2GBOHJD5YHE7N:1:B00BQ68RX4,A2GBOHJD5YHE7N,tail,6,0.00425952672958374,0.0014562606811523438
A2GNFCJEJPTFMJ:4:B0090H0RK2,A2GNFCJEJPTFMJ,tail,3,0.22072219848632812,0.08433151245117188
A2H6HFOZP0CL4F:2:B004S8F7QM,A2H6HFOZP0CL4F,head,4,0.06638866662979126,0.01885199546813965
A2HK61GMV2BK7A:2:B004OFBY7K,A2HK61GMV2BK7A,tail,4,0.0370098352432251,0.014274358749389648
A2HLSO3T9PPEA5:4:B00000K3BR,A2HLSO3T9PPEA5,head,4,0.01598411798477173,0.0095595121383667
A2HMH29VFV0HIR:3:B0085WX4OO,A2HMH29VFV0HIR,tail,4,0.04691922664642334,0.012459039688110352
A2I3TKKHF6INI6:21:B004C7S70W,A2I3TKKHF6INI6,head,3,0.025182604789733887,0.014520009358723959
A2IEIYWMIGUYEG:3:B000SPHPWI,A2IEIYWMIGUYEG,tail,3,0.07153147459030151,0.034830729166666664
A2IFOOAY7TJFAV:3:B000NL8QX4,A2IFOOAY7TJFAV,head,3,0.04554945230484009,0.023392995198567707
A2IJ54FX1L83WK:4:B004UUKMUE,A2IJ54FX1L83WK,head,3,0.052986085414886475,0.023660659790039062
A2IKCYDHAJR4KL:1:B000EULXA2,A2IKCYDHAJR4KL,head,4,0.05494922399520874,0.02144455909729004
A2J16Q3ACJAG1F:1:B00CMNX7W6,A2J16Q3ACJAG1F,tail,6,0.02218449115753174,0.005447983741760254
A2JP0URFHXP6DO:6:B0003069ZC,A2JP0URFHXP6DO,tail,3,0.05755031108856201,0.03512096405029297
A2KDVBSUDTG8WQ:31:B0041GUCDO,A2KDVBSUDTG8WQ,tail,4,0.04925328493118286,0.02512049674987793
A2KKW6EZ830QCW:1:B0007WFI5I,A2KKW6EZ830QCW,head,3,0.03964656591415405,0.023781776428222656
A2KZWL4NQ65C7P:1:B00DPGV320,A2KZWL4NQ65C7P,tail,4,0.061403632164001465,0.03017103672027588
A2L2LMI4WWYH2S:1:1223063097,A2L2LMI4WWYH2S,tail,4,0.035239458084106445,0.01287543773651123
A2L69EL1BGUH2P:6:B004IGAWNW,A2L69EL1BGUH2P,tail,4,0.058128952980041504,0.03152966499328613
A2LIYB1OCNVR48:8:0975277324,A2LIYB1OCNVR48,head,3,0.015604972839355469,0.006473223368326823
A2LQGP095AWBKZ:10:B007XVYQCM,A2LQGP095AWBKZ,tail,3,0.11226284503936768,0.0501251220703125
A2LQNY854DQS01:2:B000YLAOEW,A2LQNY854DQS01,head,4,0.07472068071365356,0.0209425687789917
A2LWH9SH6PUPIE:1:B001T3F0J8,A2LWH9SH6PUPIE,head,4,0.15891879796981812,0.04973602294921875
A2MAG7BIDRQTF8:17:B003WFFFRI,A2MAG7BIDRQTF8,tail,3,0.04274177551269531,0.02064228057861328
A2MCYGJKC4TDFR:4:B00D9LWJTC,A2MCYGJKC4TDFR,head,4,0.14562809467315674,0.055295467376708984
A2MHQMNRR7VB45:2:B007RKZJ1G,A2MHQMNRR7VB45,head,3,0.1637783646583557,0.07206535339355469
A2MOD50IHEDH3G:8:B006O6EH4Y,A2MOD50IHEDH3G,head,3,0.05986452102661133,0.024277369181315105
A2MRAZ3ALKZK7W:1:B000GKXY7U,A2MRAZ3ALKZK7W,head,3,0.10663372278213501,0.049442291259765625
A2MZKOEVAI2CWE:2:B009L8159C,A2MZKOEVAI2CWE,tail,3,0.05074000358581543,0.030260403951009113
A2N48XBUS9YDMP:15:B004V0YL1E,A2N48XBUS9YDMP,tail,4,0.09635812044143677,0.03256404399871826
A2NCWLAWOVCKF7:1:B00005YVRP,A2NCWLAWOVCKF7,head,3,0.021882236003875732,0.010454495747884115
A2NOW4U7W3F7RI:10:B00000J4SP,A2NOW4U7W3F7RI,head,3,0.034059107303619385,0.021317799886067707
A2O403A5M4VPWF:4:B000GKATU0,A2O403A5M4VPWF,head,5,0.024181723594665527,0.008927154541015624
A2OKG8UA0G4OXS:1:B00021Z2FU,A2OKG8UA0G4OXS,head,4,0.08056491613388062,0.03538009524345398
A2ON6D6P8JM8Z3:5:B001PAKU0O,A2ON6D6P8JM8Z3,head,3,0.1639314889907837,0.07588831583658855
A2OTXT99VQQG3A:2:B000231EX2,A2OTXT99VQQG3A,head,4,0.029693961143493652,0.017505168914794922
A2PD27UKAD3Q00:12:B00AWNUHB2,A2PD27UKAD3Q00,head,3,0.024643242359161377,0.009246190388997396
A2PHXB4LFHO5UZ:3:B008IT5DAM,A2PHXB4LFHO5UZ,tail,5,0.04301929473876953,0.011504745483398438
A2QDOJFFLFGF18:41:B0096T8YH2,A2QDOJFFLFGF18,head,4,0.04217559099197388,0.013895511627197266
A2QRQE0ZFSHTKW:4:B009PLLFAE,A2QRQE0ZFSHTKW,tail,3,0.12302523851394653,0.0500176747639974
A2QRWMBX64F9GZ:2:B00ARQW0N2,A2QRWMBX64F9GZ,head,3,0.04920881986618042,0.026004791259765625
A2QWHEI914GHRZ:7:B00G8AURWW,A2QWHEI914GHRZ,tail,3,0.008114635944366455,0.003270308176676432
A2QX49LS3Y3ANI:14:B004KZ8P2Q,A2QX49LS3Y3ANI,head,4,0.010896027088165283,0.005528926849365234
A2R8R97INVXBR1:1:1932188126,A2R8R97INVXBR1,head,5,0.05787378549575806,0.01887931823730469
A2RDJXZ2GRQZMC:1:B004ZFF3CQ,A2RDJXZ2GRQZMC,tail,3,0.10614794492721558,0.05090141296386719
A2RJ4RQX1JP3GK:1:B004EMQF4U,A2RJ4RQX1JP3GK,tail,4,0.03491181135177612,0.016882896423339844
A2RKI7RPP5CJMG:34:B005GOPU2S,A2RKI7RPP5CJMG,head,4,0.008165240287780762,0.0036056041717529297
A2RN2AO4BE6F4K:3:B004P972UI,A2RN2AO4BE6F4K,head,4,0.033532142639160156,0.009234070777893066
A2S3NDD74KFM85:1:B004P940US,A2S3NDD74KFM85,tail,3,0.20547962188720703,0.09067471822102864
A2S6QCNNN8AK91:1:B00358EOI8,A2S6QCNNN8AK91,tail,4,0.04426693916320801,0.014783859252929688
A2SFZP7PSISVER:3:B004K9E5SA,A2SFZP7PSISVER,tail,4,0.006521821022033691,0.0026264190673828125
A2SGIRFEJL82G5:1:B00CMHWTT4,A2SGIRFEJL82G5,tail,4,0.07735270261764526,0.029076337814331055
A2SM54CMWYY1LT:3:B00BSN0L2U,A2SM54CMWYY1LT,tail,4,0.04297912120819092,0.011469364166259766
A2SXHP3384ER6W:2:B0007V1J7U,A2SXHP3384ER6W,tail,4,0.09387797117233276,0.029224395751953125
A2T7GJONIZFP1Q:1:B004P98QGC,A2T7GJONIZFP1Q,head,3,0.02348911762237549,0.011517206827799479
A2T7GZ74MZI0MN:6:B007XPLI56,A2T7GZ74MZI0MN,head,3,0.03680408000946045,0.015626271565755207
A2TGM6A2SA726Q:11:0786955570,A2TGM6A2SA726Q,head,4,0.07414507865905762,0.021706581115722656
A2TXMYYGSZCSZ1:28:B00CKH9FAC,A2TXMYYGSZCSZ1,head,3,0.0021035075187683105,0.001049041748046875
A2UVYCQOY2756H:2:B004INGVH6,A2UVYCQOY2756H,head,3,0.03376251459121704,0.013133366902669271
A2V2URLB31HG59:2:B003P8FL1C,A2V2URLB31HG59,head,3,0.01989901065826416,0.013856252034505209
A2V5R832QCSOMX:3:B006P135EQ,A2V5R832QCSOMX,head,4,0.011899173259735107,0.004392385482788086
A2VAD79S4A06DD:21:B008RWVE76,A2VAD79S4A06DD,head,4,0.019614875316619873,0.007376194000244141
A2VFPKA8VAC02E:2:B001R6W4KA,A2VFPKA8VAC02E,head,4,0.0728144645690918,0.023709774017333984
A2VJJ2POCLMED7:20:B00CFNSHMS,A2VJJ2POCLMED7,tail,3,0.008553922176361084,0.0041599273681640625
A2VSTCKMUB46LL:3:B0002YDPRO,A2VSTCKMUB46LL,head,4,0.032135725021362305,0.01776885986328125
A2VW4FYZILSXF2:2:B007X8ZZRU,A2VW4FYZILSXF2,head,3,0.027856290340423584,0.010324478149414062
A2W8OF3Q9YAPK1:2:B00021H92Y,A2W8OF3Q9YAPK1,tail,3,0.1576874852180481,0.06142266591389974
A2WBEJH71SND3T:6:B00F5Y4AKC,A2WBEJH71SND3T,head,3,0.06346911191940308,0.027176539103190105
A2WMONL3J4GXMU:1:B008B68I36,A2WMONL3J4GXMU,tail,3,0.06228405237197876,0.040148417154947914
A2X7NBUETXC19E:27:B004FTKABQ,A2X7NBUETXC19E,tail,3,0.010333657264709473,0.006039937337239583
A2Y20VP3OQA6ZO:1:B001BKLINQ,A2Y20VP3OQA6ZO,tail,3,0.024092376232147217,0.010711987813313803
A2Y29IRSI08F0I:11:B000EUHKUE,A2Y29IRSI08F0I,head,4,0.057451486587524414,0.021483421325683594
A2YGG8XI23OYZF:2:B001W09LO8,A2YGG8XI23OYZF,head,4,0.06877893209457397,0.025707244873046875
A2Z2FATA8JNL54:6:B004I8V6ZS,A2Z2FATA8JNL54,head,4,0.006365478038787842,0.002598285675048828
A2ZIUB69QKL59W:2:B00C2SJA3Q,A2ZIUB69QKL59W,tail,3,0.001216113567352295,0.0005680720011393229
A2ZKQC0XCIIAEM:54:B00BYD5LVA,A2ZKQC0XCIIAEM,head,4,0.021886050701141357,0.006311774253845215
A2ZL6G5WLFPTFK:10:B006O6FI5Q,A2ZL6G5WLFPTFK,head,3,0.030191659927368164,0.01890246073404948
A304GDTPL2UX7O:6:B00D38UBJ6,A304GDTPL2UX7O,head,3,0.13695567846298218,0.054384867350260414
A30S8VOW84ORV7:3:B004SKQNDQ,A30S8VOW84ORV7,head,3,0.05579423904418945,0.026330312093098957
A30Z0GG96D11EO:38:B000GUEXBG,A30Z0GG96D11EO,head,3,0.007238805294036865,0.0034198760986328125
A31H1PCPD00EWA:8:B00850I4DM,A31H1PCPD00EWA,tail,3,0.046837449073791504,0.019266128540039062
A31TS34PHRNJJI:4:B007CJJVH0,A31TS34PHRNJJI,tail,4,0.07745826244354248,0.0248260498046875
A3212H6SF9W1LV:9:B006ROJQRG,A3212H6SF9W1LV,head,4,0.012514352798461914,0.004690885543823242
A324NNSMM9EFML:3:B005GOPU2S,A324NNSMM9EFML,head,4,0.007484912872314453,0.004644155502319336
A32658HY8IU6UV:18:B00CV5PN18,A32658HY8IU6UV,head,3,0.007155418395996094,0.0030721028645833335
A32T2H8150OJLU:17:B001JQY6K4,A32T2H8150OJLU,head,5,0.03942763805389404,0.011712932586669922
A32UPXXECNQ2HH:4:B00F14IKQQ,A32UPXXECNQ2HH,head,3,0.011046886444091797,0.005449930826822917
A33B3XCIXB4ZVG:6:B009TN9OW4,A33B3XCIXB4ZVG,head,3,0.0032486319541931152,0.0019397735595703125
A33E16HAR8OY2A:3:B003JJUPD6,A33E16HAR8OY2A,tail,5,0.061077773571014404,0.03257894515991211
A33ICMDTWPCNHA:5:B007WDPXFK,A33ICMDTWPCNHA,tail,3,0.04429882764816284,0.022266070048014324
A33WQU9772WWFS:6:B004C7S70W,A33WQU9772WWFS,head,3,0.06726086139678955,0.03248469034830729
A33YCIRMFAQYB0:3:B001GFITE2,A33YCIRMFAQYB0,tail,3,0.09920656681060791,0.049467245737711586
A3421REGVEYXE6:2:B004VJNRKG,A3421REGVEYXE6,head,3,0.20283085107803345,0.07943089803059895
A34ATJR9KFIXL9:5:B0002IBTXW,A34ATJR9KFIXL9,tail,3,0.01423180103302002,0.009410341580708822
A34B5P1JV9RUN6:1:B001COFDEQ,A34B5P1JV9RUN6,tail,4,0.037101686000823975,0.027582168579101562
A34G1GTMQGEDUN:5:B001W30D2O,A34G1GTMQGEDUN,head,4,0.028708934783935547,0.010250568389892578
A34UVV757IKPVB:15:B0002V82O8,A34UVV757IKPVB,tail,4,0.03544729948043823,0.011272966861724854
A35ONN1AP97V3C:6:B0037UR206,A35ONN1AP97V3C,tail,4,0.0964425802230835,0.04153251647949219
A35SEBEDIT2XRQ:6:B001BKLINQ,A35SEBEDIT2XRQ,tail,3,0.063728928565979,0.04228750864664713
A35VDHB4WCPDK9:4:B003EIK136,A35VDHB4WCPDK9,head,4,0.07259339094161987,0.021105527877807617
A365QRJWL4KZXD:2:B0039S7NO6,A365QRJWL4KZXD,head,5,0.1115107536315918,0.04279041290283203
A36HVN09A99KNF:2:B005PNOLZ2,A36HVN09A99KNF,tail,4,0.0398746132850647,0.012356042861938477
A3747YPXOBXRAT:17:1589944348,A3747YPXOBXRAT,tail,4,0.08268433809280396,0.023761987686157227
A3773ALYKAUZIV:1:B000641DPQ,A3773ALYKAUZIV,head,4,0.04632735252380371,0.01972496509552002
A37GBHIZ72OWHS:4:B009B0YWDG,A37GBHIZ72OWHS,tail,3,0.039691388607025146,0.014216423034667969
A37HPB0AOZ3PL:5:B00008BFZH,A37HPB0AOZ3PL,head,4,0.02057546377182007,0.007864117622375488
A380QFPEE9FHE6:2:B004U5FTBG,A380QFPEE9FHE6,tail,3,0.061160147190093994,0.033657073974609375
A38FC7HZRAM1YP:1:B006UBM1LE,A38FC7HZRAM1YP,tail,3,0.02257835865020752,0.01583751042683919
A39DNM4C8YPO1N:2:B008L264Q8,A39DNM4C8YPO1N,tail,3,0.11440813541412354,0.044693311055501304
A39H1GO9E3YQIB:1:1933318465,A39H1GO9E3YQIB,head,3,0.013100862503051758,0.007306416829427083
A3A0ULRM4SEHG3:2:B000HGJJGI,A3A0ULRM4SEHG3,head,4,0.037593722343444824,0.02066349983215332
A3AIYGOLJB0GAM:3:B005XVCR48,A3AIYGOLJB0GAM,head,4,0.07319813966751099,0.025810718536376953
A3B0II7X8VHHT4:1:B002SQBB3O,A3B0II7X8VHHT4,head,5,0.042942583560943604,0.011110305786132812
A3B3OQTR1IQZE0:1:B000ULIYLQ,A3B3OQTR1IQZE0,tail,3,0.10409635305404663,0.043941497802734375
A3BAE79NXFDXGV:16:B0087HU37S,A3BAE79NXFDXGV,head,2,0.0023622512817382812,0.0016498565673828125
A3BGQMHZA5317Z:12:B0021EWY4S,A3BGQMHZA5317Z,tail,5,0.014930665493011475,0.003938102722167968
A3C89WADVMXRNL:6:B004U7JJWE,A3C89WADVMXRNL,head,3,0.014568030834197998,0.0071633656819661455
A3C9YGB4H90PDE:16:B00CKH9QRE,A3C9YGB4H90PDE,head,5,0.0029482245445251465,0.001129150390625
A3CAIZ5D023DAO:5:B000O1T52O,A3CAIZ5D023DAO,tail,4,0.08012288808822632,0.02325117588043213
A3CD3LU9X77QVG:5:B00G4VN3EY,A3CD3LU9X77QVG,tail,5,0.010545015335083008,0.0038825035095214843
A3CNM18PWKI1Z9:1:B004UC4N1G,A3CNM18PWKI1Z9,head,4,0.046511054039001465,0.020256519317626953
A3CVC8TCHFFDK8:4:B0041G2YN0,A3CVC8TCHFFDK8,head,4,0.10793799161911011,0.03072500228881836
A3D2YSJGYH6HNL:2:B0000DJ3DW,A3D2YSJGYH6HNL,tail,3,0.1945793628692627,0.07893435160319011
A3D5NF36PWF6DN:9:B001RM7YYU,A3D5NF36PWF6DN,tail,3,0.16126888990402222,0.07086690266927083
A3DQN9Y059YUNK:8:B001W2WLIE,A3DQN9Y059YUNK,tail,3,0.10759764909744263,0.04263941446940104
A3DSDO2E5J2L0H:2:B00DGCGZCG,A3DSDO2E5J2L0H,tail,4,0.0067321062088012695,0.001893758773803711
A3DZFEICHK5LF2:32:B005AHICA8,A3DZFEICHK5LF2,head,4,0.03378647565841675,0.015312910079956055
A3E288YDBQJQQN:2:B00B3YT030,A3E288YDBQJQQN,head,4,0.003949940204620361,0.0017576217651367188
A3EBIWJSJ7AQ1E:1:B003JBORWY,A3EBIWJSJ7AQ1E,tail,4,0.031376659870147705,0.016097545623779297
A3EFCPRSJTNLDL:17:B000Y0EG3S,A3EFCPRSJTNLDL,tail,3,0.01615309715270996,0.006560007731119792
A3EI4K5U61UZ7:1:B000F3GNW6,A3EI4K5U61UZ7,tail,3,0.05988425016403198,0.033589680989583336
A3EJOBNMT20Q6W:6:B0046LVS2S,A3EJOBNMT20Q6W,tail,3,0.18325847387313843,0.07315889994303386
A3EN744STRBY1H:6:B005PO8SX2,A3EN744STRBY1H,tail,3,0.09568220376968384,0.040276527404785156
A3ETX1UVAAWG5J:4:B00000IV34,A3ETX1UVAAWG5J,head,4,0.17482411861419678,0.07088780403137207
A3EUOKXLUA78CT:1:B005JSUMZ6,A3EUOKXLUA78CT,tail,4,0.033966124057769775,0.018099069595336914
A3F2VVIQIY6U64:6:B000NOZ3XC,A3F2VVIQIY6U64,tail,4,0.02999746799468994,0.010522842407226562
A3FSN1GA8Z55DY:1:B002CSRZKQ,A3FSN1GA8Z55DY,head,4,0.03471481800079346,0.012272834777832031
A3FWVV13DJELLV:25:B00CI6OCFS,A3FWVV13DJELLV,tail,3,0.0029976367950439453,0.0019124348958333333
A3GAMMVQ4RVZQ2:1:B000W3XEQM,A3GAMMVQ4RVZQ2,head,3,0.02881258726119995,0.011868794759114584
A3GU5OIZWMVIKI:9:B00006408Q,A3GU5OIZWMVIKI,head,4,0.014349937438964844,0.006183147430419922
A3GUIEYMTJHU12:1:B002OE01XG,A3GUIEYMTJHU12,head,4,0.12763971090316772,0.0375860333442688
A3H0FPX8POP4WL:7:B005XLN76A,A3H0FPX8POP4WL,tail,3,0.01717895269393921,0.006644248962402344
A3HV9K0ICQYE6S:3:B000LSZVJQ,A3HV9K0ICQYE6S,head,4,0.029790163040161133,0.014225006103515625
A3IBLS0N2BO077:2:B000L70MQO,A3IBLS0N2BO077,head,4,0.056005775928497314,0.030240297317504883
A3IZOK5GR51EE2:5:B00CTUFWA2,A3IZOK5GR51EE2,tail,3,0.008947193622589111,0.004674275716145833
A3J76VSGS3C4Z4:7:B00004NKLB,A3J76VSGS3C4Z4,head,3,0.1048274040222168,0.04567654927571615
A3JLOIXFM75QNV:5:B004S6EBE8,A3JLOIXFM75QNV,head,3,0.008784592151641846,0.004102071126302083
A3K8AU6BAGN60E:26:B00EX5K0DA,A3K8AU6BAGN60E,tail,3,0.0045348405838012695,0.0033893585205078125
A3KEZLJ59C1JVH:1:B004Z1JUJ2,A3KEZLJ59C1JVH,head,4,0.05096447467803955,0.020006895065307617
A3KNMSAHLIBKHY:6:B00CDGA6A8,A3KNMSAHLIBKHY,head,3,0.028178930282592773,0.01586596171061198
A3KY68OTSNHM3G:12:B0000205X3,A3KY68OTSNHM3G,head,4,0.14168024063110352,0.04253965616226196
A3L2KYOYDWSRPL:1:B003HC92N4,A3L2KYOYDWSRPL,head,3,0.013206303119659424,0.005995909372965495
A3LANSRXLT1PW0:1:B0041VF6RG,A3LANSRXLT1PW0,tail,3,0.22172337770462036,0.10056749979654948
A3LF53L0WE6CWM:6:B0060RZ7EQ,A3LF53L0WE6CWM,tail,4,0.020833253860473633,0.006680607795715332
A3LHIKZFE0OEQF:2:B004Z20WSE,A3LHIKZFE0OEQF,tail,3,0.005402207374572754,0.00372314453125
A3LN4AOPBIUQWR:51:B00BFRNQOY,A3LN4AOPBIUQWR,head,4,0.0032333731651306152,0.002002239227294922
A3LVDB70Z5ZNP:1:B002YHPC1O,A3LVDB70Z5ZNP,tail,3,0.10158687829971313,0.042342821756998696
A3LXTPCFIEMPNX:1:B00198Q254,A3LXTPCFIEMPNX,tail,4,0.05073636770248413,0.023727893829345703
A3LZ0E3MHF4YX0:3:B0028AED26,A3LZ0E3MHF4YX0,tail,3,0.037692904472351074,0.015122731526692709
A3M2O06MCHJG18:13:B007UE75PW,A3M2O06MCHJG18,head,3,0.011959493160247803,0.005297342936197917
A3M2UY0JX11P4A:2:B001TK3LTW,A3M2UY0JX11P4A,head,4,0.05046653747558594,0.028258919715881348
A3M3MC7577AHRW:4:B00000ISC5,A3M3MC7577AHRW,head,4,0.09894496202468872,0.03072834014892578
A3M497WMNO4YJ:1:B00028SAU2,A3M497WMNO4YJ,head,3,0.06111621856689453,0.02875041961669922
A3M55VFB68DJMN:6:B00CANI9VM,A3M55VFB68DJMN,head,4,0.11320888996124268,0.0308915376663208
A3M7YXF4H84X5V:4:B0043KJW5M,A3M7YXF4H84X5V,head,4,0.03085547685623169,0.009541034698486328
A3MEMX0XF00TBD:16:B00005RF5D,A3MEMX0XF00TBD,head,3,0.03195655345916748,0.019278208414713543
A3MRUIKOIGZ6QY:4:B00DPK11ZA,A3MRUIKOIGZ6QY,head,3,0.05254155397415161,0.030679066975911457
A3MSGBIPM8E99N:1:B00007A1S5,A3MSGBIPM8E99N,head,4,0.011644721031188965,0.006417274475097656
A3MW9L1WLPE2EI:5:B004C7QNMG,A3MW9L1WLPE2EI,head,3,0.016910970211029053,0.0076045989990234375
A3N5Z9AKY4QR3V:1:B000THH76Y,A3N5Z9AKY4QR3V,tail,4,0.15855133533477783,0.06679773330688477
A3N9DRV2RSEU6Y:5:B007Q0OUP8,A3N9DRV2RSEU6Y,tail,3,0.011442959308624268,0.0057328542073567705
A3NCB51ODGDZ3:10:B007SYH2GQ,A3NCB51ODGDZ3,head,4,0.11745929718017578,0.03520321846008301
A3NDUBKYPI47N2:10:B007RYE2V0,A3NDUBKYPI47N2,head,3,0.025189995765686035,0.011450449625651041
A3NEDMP0PXLY3:11:B009VE38D2,A3NEDMP0PXLY3,tail,4,0.02139151096343994,0.006690561771392822
A3NHUQ33CFH3VM:56:B00CRZXV16,A3NHUQ33CFH3VM,head,3,0.004145562648773193,0.0021565755208333335
A3NVYAJRGM3FB0:2:B0030F67N6,A3NVYAJRGM3FB0,head,3,0.056046366691589355,0.031145731608072918
A3O2A2SVT49541:2:B000F9IZFS,A3O2A2SVT49541,tail,3,0.08756685256958008,0.034642537434895836
A3P3UZR4QFUK22:2:B00008X35U,A3P3UZR4QFUK22,tail,3,0.0368463397026062,0.02457110087076823
A3PAO5AC7UUGSE:11:B000ELSZT8,A3PAO5AC7UUGSE,tail,5,0.19554197788238525,0.0767714500427246
A3PJZ8TU8FDQ1K:18:B00278Z7QK,A3PJZ8TU8FDQ1K,tail,3,0.2762449383735657,0.11064497629801433
A3PU93JWUZBKT7:2:B002BTZUBM,A3PU93JWUZBKT7,tail,3,0.047333598136901855,0.023504257202148438
A3Q8KSS9Z5FRQ2:1:B000ZDME7Y,A3Q8KSS9Z5FRQ2,tail,3,0.06624621152877808,0.03226757049560547
A3QJS29DOEYA2X:5:B0019O198I,A3QJS29DOEYA2X,tail,3,0.20285511016845703,0.08039220174153645
A3R1I7PBYSH5WD:1:B00AZZFT6A,A3R1I7PBYSH5WD,tail,5,0.1065860390663147,0.04068212509155274
A3R49A88QSHTRS:2:B00CS1WD9A,A3R49A88QSHTRS,head,4,0.01014864444732666,0.006152153015136719
A3R9X003XW0LNR:18:B00C74HRSA,A3R9X003XW0LNR,head,4,0.00937807559967041,0.004199504852294922
A3S2BZNL03NVMK:1:B0014J183Y,A3S2BZNL03NVMK,tail,4,0.0605582594871521,0.0201113224029541
A3S4U2HQRFURC8:1:B0038JCUB2,A3S4U2HQRFURC8,tail,4,0.038349688053131104,0.014629364013671875
A3S801EXW1YK1:3:B007Q0OJ04,A3S801EXW1YK1,tail,3,0.009121119976043701,0.004605611165364583
A3SAP1GZDBKENR:6:B00CMHWSN6,A3SAP1GZDBKENR,tail,3,0.015368342399597168,0.010380427042643229
A3SEALB7H8M89B:4:B001W2WKS0,A3SEALB7H8M89B,head,3,0.05985105037689209,0.02605152130126953
A3SO8BO5N5A3BV:7:B0088LQZOI,A3SO8BO5N5A3BV,head,6,0.01877671480178833,0.00838486353556315
A3SVOVPRIL4WNP:1:B00DQADS3C,A3SVOVPRIL4WNP,tail,3,0.11486148834228516,0.0493170420328776
A3T4RR60X5EAN4:25:B002ZQG3I0,A3T4RR60X5EAN4,tail,3,0.02118051052093506,0.012729644775390625
A3TNM3C9ENUCFW:5:B00112CHCK,A3TNM3C9ENUCFW,head,4,0.07031220197677612,0.03801393508911133
A3TOAC9JZX8IFS:6:B004P940US,A3TOAC9JZX8IFS,tail,3,0.02282959222793579,0.0087738037109375
A3TY2JLV65FQ69:1:B000FJ4A84,A3TY2JLV65FQ69,head,3,0.015447258949279785,0.010641733805338541
A3U9RS3R9AOK8I:1:B0009XBY3A,A3U9RS3R9AOK8I,head,4,0.08387339115142822,0.0245058536529541
A3UKTZTJRBF719:4:B000LFSQLE,A3UKTZTJRBF719,tail,3,0.02698439359664917,0.009872992833455404
A3UPWMS0VWBI44:4:B00CF4G7OW,A3UPWMS0VWBI44,tail,5,0.046055376529693604,0.012730693817138672
A3USG4MPQ3MI6L:4:B001FCI464,A3USG4MPQ3MI6L,tail,3,0.08276218175888062,0.04906177520751953
A3USZS8Q4GOKGE:12:B004UTVVEG,A3USZS8Q4GOKGE,head,4,0.016734659671783447,0.004528522491455078
A3V3TB1231EN40:2:B000BNLVA4,A3V3TB1231EN40,tail,4,0.06304031610488892,0.022900104522705078
A3V481ODRRLB0I:7:B00000IWGQ,A3V481ODRRLB0I,head,3,0.03130638599395752,0.018365859985351562
A3VROBBFXDL9YY:15:B00BSN0L48,A3VROBBFXDL9YY,tail,4,0.02810847759246826,0.01107931137084961
A3VS2RYRGDW4HS:18:B00FAQW0N4,A3VS2RYRGDW4HS,head,3,0.019603610038757324,0.007221062978108724
A55AP6DYU1Z5C:2:B0038ANQ0U,A55AP6DYU1Z5C,tail,3,0.07339608669281006,0.03255335489908854
A58DF8Y9D4O1Y:2:B006O6F932,A58DF8Y9D4O1Y,head,3,0.0635066032409668,0.030869166056315105
A58Y0ZBBEBP39:2:B000VO3GPG,A58Y0ZBBEBP39,head,3,0.05235546827316284,0.021828969319661457
A5GH0YNIDP48P:3:B002VC2T5O,A5GH0YNIDP48P,tail,4,0.05552852153778076,0.022606611251831055
A5JLAU2ARJ0BO:4:B002BHC7O2,A5JLAU2ARJ0BO,tail,4,0.03343254327774048,0.015679121017456055
A6FIAB28IS79:2:B000BB56B6,A6FIAB28IS79,tail,3,0.0331154465675354,0.022290547688802082
A6LUXI8I8BU6P:13:B003I86BNG,A6LUXI8I8BU6P,tail,3,0.028119564056396484,0.010165850321451822
A763Z2F0WMWRC:5:B005ZCY36K,A763Z2F0WMWRC,head,4,0.01812148094177246,0.005631446838378906
A791QXBYPINLM:2:B000LSZVJQ,A791QXBYPINLM,head,4,0.033089637756347656,0.013935089111328125
A7VT7DOGEDZLF:1:B00EPKNTUO,A7VT7DOGEDZLF,tail,3,0.052521705627441406,0.03389104207356771
A81VK61YMTCRS:1:B008WCDZ3C,A81VK61YMTCRS,tail,3,0.199151873588562,0.08552169799804688
A8KM4YOB8FGGH:16:B007QNDWB8,A8KM4YOB8FGGH,tail,3,0.03301209211349487,0.011915842692057291
A8S96QJ470KP5:3:B001Q3KU9Q,A8S96QJ470KP5,head,4,0.05843520164489746,0.02786552906036377
A9LHH006CA7X5:7:B003UHYU9C,A9LHH006CA7X5,tail,3,0.027448296546936035,0.010051409403483072
A9PTEWCPI3T71:3:B004H1V5S4,A9PTEWCPI3T71,head,3,0.007522761821746826,0.0047651926676432295
AAB1ET966MCLI:5:B001W49VR6,AAB1ET966MCLI,tail,4,0.05292922258377075,0.02113974094390869
AAFP0X79NAMNY:3:B000JVJ8KS,AAFP0X79NAMNY,head,4,0.0034273266792297363,0.0018401145935058594
AAOYOZ470S2FT:3:B0000789T0,AAOYOZ470S2FT,tail,3,0.20176124572753906,0.08675702412923177
AAXHHIUUTIB3J:15:B005XTLD40,AAXHHIUUTIB3J,tail,4,0.08568882942199707,0.03126931190490723
AB3P2AR8YW6RG:2:B004TGVOOC,AB3P2AR8YW6RG,tail,3,0.2975853681564331,0.12871996561686197
ABLV9L4MQO7ER:3:B00CJO902E,ABLV9L4MQO7ER,head,3,0.010680913925170898,0.004654248555501302
ABSYIF0ONC2AF:8:B00B1Z6AQ6,ABSYIF0ONC2AF,head,3,0.010579049587249756,0.005647023518880208
ABU0S5LQC4UU2:10:B0089RPUHO,ABU0S5LQC4UU2,head,4,0.026004016399383545,0.012178421020507812
AC04O7AYHEKJ5:41:B00BQYQZZS,AC04O7AYHEKJ5,head,3,0.01107710599899292,0.0044676462809244795
AC4XV78EJG1QB:3:B0016A56EI,AC4XV78EJG1QB,tail,3,0.07036370038986206,0.03295580546061198
AC7AY7GU4GKID:1:B000031XDE,AC7AY7GU4GKID,tail,3,0.08872169256210327,0.045544942220052086
AC87179T1S37M:2:B008AWFWA8,AC87179T1S37M,head,4,0.06298667192459106,0.020513534545898438
ACR4HKUT808U1:21:B004ORT3OY,ACR4HKUT808U1,head,3,0.016922175884246826,0.007471720377604167
AD0WUBKBO21KK:4:B008KCQRPW,AD0WUBKBO21KK,head,4,0.011593759059906006,0.00439906120300293
AD8V3PZKCDZJC:7:B00C6PXVEY,AD8V3PZKCDZJC,tail,3,0.03586304187774658,0.013255119323730469
ADEQBO5LYWCEQ:1:B000JLPAK0,ADEQBO5LYWCEQ,head,3,0.018638193607330322,0.013266881306966146
ADFPSCR19NA33:1:B004478GQ0,ADFPSCR19NA33,tail,3,0.33517271280288696,0.1426995595296224
ADLVFFE4VBT8:11:B001NLOPCO,ADLVFFE4VBT8,head,3,0.026622474193572998,0.015085220336914062
AETO9HTAJ7HJI:3:B004PS1IKY,AETO9HTAJ7HJI,tail,3,0.06423866748809814,0.035039265950520836
AFF80D8G3U4AC:2:B000HZAYU4,AFF80D8G3U4AC,tail,4,0.05327141284942627,0.01447749137878418
AFL7ODW27L3O6:8:B00006BMQK,AFL7ODW27L3O6,tail,3,0.2063460350036621,0.08237012227376302
AFLO03MVE0R9N:1:B0061J30VU,AFLO03MVE0R9N,head,3,0.027639389038085938,0.013821283976236979
AFO678EAGH4Y9:13:B00GTCKNYQ,AFO678EAGH4Y9,head,4,0.00312119722366333,0.0017781257629394531
AFR091DEME9ZL:1:B000HGJJGI,AFR091DEME9ZL,head,4,0.046862900257110596,0.028884410858154297
AFXMFSYC1P8UA:1:B000PC62EQ,AFXMFSYC1P8UA,tail,4,0.04040735960006714,0.01117861270904541
AGFGY4EJ37VS2:27:B00FAQW0N4,AGFGY4EJ37VS2,head,3,0.03193444013595581,0.011220852533976236
AGIR4MLM5NFRZ:29:B00CEUMJ62,AGIR4MLM5NFRZ,head,4,0.020265281200408936,0.006546497344970703
AGOS889EYCZ6I:10:B00C74HY88,AGOS889EYCZ6I,tail,3,0.008557736873626709,0.003841400146484375
AH2NK070RRACR:8:B004XONSLC,AH2NK070RRACR,tail,3,0.012890040874481201,0.008063634236653646
AH7JE5Y8N56JZ:2:B001HZBRO0,AH7JE5Y8N56JZ,tail,4,0.04042011499404907,0.01282966136932373
AHX12MOTJPWLA:6:B000OC2W50,AHX12MOTJPWLA,head,3,0.028023183345794678,0.013672192891438803
AHXMDCU0N15TN:21:B000ELQVAI,AHXMDCU0N15TN,head,3,0.026687443256378174,0.01666704813639323
AI8XVVYFDL2CA:3:B007Q0OJ04,AI8XVVYFDL2CA,tail,3,0.2362043261528015,0.09366226196289062
AINI7U6PRU3ZB:4:B0044KN86A,AINI7U6PRU3ZB,head,3,0.14569735527038574,0.0633249282836914
AJ75JYABQZLXQ:3:B004HPFGRQ,AJ75JYABQZLXQ,tail,4,0.05852770805358887,0.015232354402542114
AJ7VVCALVT8KP:5:B007EA6RLU,AJ7VVCALVT8KP,tail,3,0.41126519441604614,0.20907274881998697
AJ84NM13BG7O9:1:B0006NDBYI,AJ84NM13BG7O9,tail,3,0.28224486112594604,0.12085024515787761
AJETFLAXRDTKJ:3:B0063NLRYQ,AJETFLAXRDTKJ,tail,5,0.00991833209991455,0.0031436920166015626
AJQ506EP7A9MS:2:B000UI8CQG,AJQ506EP7A9MS,head,2,0.09900856018066406,0.053009033203125
AJTBVZXDEQ04T:1:B001MY20X8,AJTBVZXDEQ04T,tail,4,0.1668081283569336,0.05857086181640625
AJV985MKGCIQ0:1:B006BLH4XI,AJV985MKGCIQ0,head,3,0.04319816827774048,0.028570810953776043
AK1MTEAGVZ184:4:B001W2WKS0,AK1MTEAGVZ184,head,3,0.007827520370483398,0.0033241907755533853
AK5N629CG3PCT:1:B00001R3PJ,AK5N629CG3PCT,tail,3,0.06505352258682251,0.03360287348429362
AK65APA9ILAR0:3:B000IV77M0,AK65APA9ILAR0,tail,5,0.018275976181030273,0.007187652587890625
AKKU8XDCEBJCW:2:B0058NUAJA,AKKU8XDCEBJCW,tail,4,0.05360537767410278,0.021495342254638672
AKLF3J53T3J6Q:1:B0002YDPRO,AKLF3J53T3J6Q,head,4,0.03165555000305176,0.016225814819335938
AKMANIN8IHA65:1:B0015KOOHO,AKMANIN8IHA65,head,4,0.07057994604110718,0.0271148681640625
AKQJYPDU3W97R:2:B002G01EPC,AKQJYPDU3W97R,tail,3,0.10015058517456055,0.0429083506266276
AKUG4J3V4GVLD:1:B005VPREJE,AKUG4J3V4GVLD,head,3,0.09063160419464111,0.039614359537760414
AL4SB31UAZLXL:7:B006ROJLT4,AL4SB31UAZLXL,head,4,0.048619210720062256,0.01573944091796875
ALLHJD3KZF9KC:25:B0048EKSLA,ALLHJD3KZF9KC,head,4,0.009313821792602539,0.0032100677490234375
ALUV2YKWZENKK:4:B00421AGOS,ALUV2YKWZENKK,head,4,0.061679303646087646,0.018415212631225586
ALWIY0BRL8GJC:1:B0094Q0TL6,ALWIY0BRL8GJC,tail,3,0.27016282081604004,0.11126136779785156
AMRM5RGR7NI5Q:2:B008BP739C,AMRM5RGR7NI5Q,tail,3,0.08251464366912842,0.04846636454264323
AMW1OYXWOGZGJ:11:B004S8F7QM,AMW1OYXWOGZGJ,head,4,0.008754312992095947,0.005500435829162598
AN2SCJ9PDVBIK:37:B008INWXE2,AN2SCJ9PDVBIK,tail,3,0.05336707830429077,0.033772786458333336
AN7UFORUFW2BA:20:B00A6SMN8I,AN7UFORUFW2BA,tail,4,0.029338538646697998,0.007728219032287598
AN97FMD7VR28B:2:B004Z1JSN0,AN97FMD7VR28B,head,3,0.018376171588897705,0.012561162312825521
AN9QQDRZXS52P:7:B0091P8LCY,AN9QQDRZXS52P,tail,3,0.1265508532524109,0.0582574208577474
AOAOARIH72UWI:10:B004U5FW3Q,AOAOARIH72UWI,head,4,0.015653789043426514,0.007355213165283203
AOV866IF1I9PO:1:B000GHDR1G,AOV866IF1I9PO,tail,3,0.10918599367141724,0.04916254679361979
APOK22NBGHY9V:2:B00CJO8ZZW,APOK22NBGHY9V,head,3,0.09037315845489502,0.04467201232910156
APP95FUZM663P:3:B000FPHGW0,APP95FUZM663P,tail,4,0.057361602783203125,0.02904796600341797
AQ38IMM76OOQW:4:B002ATIP92,AQ38IMM76OOQW,tail,4,0.12788182497024536,0.05154681205749512
AQ5AMH5N85NTL:1:B002NGOH1W,AQ5AMH5N85NTL,head,4,0.0384708046913147,0.012575268745422363
AQFLQ7GW58628:3:B00AGJ4HC2,AQFLQ7GW58628,head,4,0.14789670705795288,0.041181206703186035
AQZH7YTWQPOBE:27:B00D0GYMTG,AQZH7YTWQPOBE,tail,4,0.025810837745666504,0.0070716142654418945
AR34KYQYANTT7:8:B0012NSMEK,AR34KYQYANTT7,tail,4,0.041637420654296875,0.012865304946899414
AR7C4ZXROLV4B:2:B0058NUAMW,AR7C4ZXROLV4B,tail,3,0.039369940757751465,0.0261538823445638
ARFCORBCTKX1J:1:B004Q2Q0RU,ARFCORBCTKX1J,head,4,0.026323556900024414,0.009111166000366211
ARKKVETOOCPVC:2:1616613785,ARKKVETOOCPVC,tail,5,0.0013341903686523438,0.0004606425762176514
ARPB88E6F2MFR:3:B00080VMLS,ARPB88E6F2MFR,tail,3,0.0948677659034729,0.04013188680013021
AS8T77HTF9IHW:2:B004PAHZMC,AS8T77HTF9IHW,head,3,0.024200379848480225,0.013278643290201822
ASOWZ5NOSV6NC:1:B0057UDE0G,ASOWZ5NOSV6NC,tail,4,0.0684502124786377,0.032036781311035156
ATLO3YXU2BC16:12:B00CKH9QWO,ATLO3YXU2BC16,head,3,0.01587909460067749,0.0077737172444661455
ATM2MM8G4WYUP:4:B00AAHSKE6,ATM2MM8G4WYUP,tail,4,0.04716825485229492,0.029407501220703125
ATP8I8FJA2HRB:3:B004617DEU,ATP8I8FJA2HRB,head,3,0.00729745626449585,0.0025723775227864585
ATTK7YVYR5A4N:1:B004RZA6RG,ATTK7YVYR5A4N,tail,3,0.0269659161567688,0.015199502309163412
ATTSRFD8TJE6R:4:B002YQU0T4,ATTSRFD8TJE6R,tail,4,0.038696348667144775,0.015076547861099243
AU1SKSAF00JJH:10:B0002CYTXK,AU1SKSAF00JJH,head,4,0.04806923866271973,0.014097213745117188
AUU351GZKVK46:1:B0006NDC42,AUU351GZKVK46,tail,3,0.0985177755355835,0.04303518931070963
AUYKXRJOPHWG2:8:B004V3PS72,AUYKXRJOPHWG2,head,4,0.031797707080841064,0.008644819259643555
AV3ZXYGVSLR3Y:1:B001639Q50,AV3ZXYGVSLR3Y,head,4,0.027288734912872314,0.01176762580871582
AVG49SHSNXUU8:12:B000LFUKV8,AVG49SHSNXUU8,tail,4,0.01178133487701416,0.008198976516723633
AVHN134ADVP4R:23:B009Q3JECW,AVHN134ADVP4R,head,3,0.011586248874664307,0.005306561787923177
AVL5IDEE8YA3D:16:B007J3F9A2,AVL5IDEE8YA3D,head,3,0.010492205619812012,0.0052947998046875
AVZ1SYMD26S4R:2:B008HYGFGE,AVZ1SYMD26S4R,head,3,0.012963414192199707,0.0063355763753255205
AW4REX48OOBG7:1:B002843YIG,AW4REX48OOBG7,tail,4,0.06045496463775635,0.03546255826950073
AWH2AY17ZU7W2:22:B00AOHDC6I,AWH2AY17ZU7W2,head,3,0.012856066226959229,0.005295753479003906
AWH5PLJU61BMG:3:B008N6INE8,AWH5PLJU61BMG,tail,4,0.1316421627998352,0.0469740629196167
AXXV5OORHXV9B:1:B004FEHLWC,AXXV5OORHXV9B,tail,4,0.08450400829315186,0.02723592519760132
AXY7LB6MPS5VM:2:B00009XNSY,AXY7LB6MPS5VM,head,4,0.019674599170684814,0.010776758193969727
AY3SB8LDBWK20:2:B008ACRPR6,AY3SB8LDBWK20,head,4,0.024187326431274414,0.01613473892211914
AYB8XLKTYMTTX:1:B0015KVAEE,AYB8XLKTYMTTX,head,3,0.059819698333740234,0.02402941385904948
AYORRSZ0RE5O3:3:B0012K3H52,AYORRSZ0RE5O3,tail,4,0.10008108615875244,0.03576338291168213
AYWHCM0TJ4737:15:B006ROJLSU,AYWHCM0TJ4737,head,3,0.026922285556793213,0.014423052469889322
AZFM561C38ZWA:2:B004WLHZH4,AZFM561C38ZWA,tail,3,0.08008426427841187,0.029703776041666668
AZLF43KVWQBOS:3:B0083SSMEM,AZLF43KVWQBOS,head,4,0.06302064657211304,0.03182196617126465
AZW9UD7Z7J0WL:3:B000FPCWXI,AZW9UD7Z7J0WL,head,3,0.10678362846374512,0.041364034016927086
AZWMJ41IZ8IUT:5:B0000658L4,AZWMJ41IZ8IUT,head,3,0.022536933422088623,0.013032913208007812
