sample_key,user_id,target_group,valid_negative_count,hard_negative_count,deficit,minimum_margin,gram_rank,gram_hit50,history_gold_exclusion
A112TFLXGBF6NI:20:B001NP5IK8,A112TFLXGBF6NI,tail,97,8,1,-2.2573776245117188,,0,1
A11L85WKR81T06:2:B0053PTTU4,A11L85WKR81T06,head,95,8,1,-1.2882308959960938,5,1,1
A122SFGLAHQLSJ:9:B000YZGOZQ,A122SFGLAHQLSJ,head,98,8,1,-2.9713668823242188,28,1,1
A12DQZKRKTNF5E:13:B004GEV5XM,A12DQZKRKTNF5E,tail,97,8,1,-2.8184890747070312,,0,1
A12PH6L5QSVTYN:16:B002F5WLOQ,A12PH6L5QSVTYN,tail,98,8,1,0.0074920654296875,1,1,1
A138DN1ZOLOSIB:2:B002RJUMRS,A138DN1ZOLOSIB,tail,98,8,1,-7.451442539691925,,0,1
A13D05RAN5ES4O:2:B0000530M0,A13D05RAN5ES4O,tail,95,8,1,-1.4168282747268677,2,1,1
A13HCMMJSCXDTY:2:B000NJE14E,A13HCMMJSCXDTY,tail,99,8,1,-3.1435471773147583,41,1,1
A13LHBUYIK9TMC:4:B00E96XELS,A13LHBUYIK9TMC,tail,95,8,1,-0.600799560546875,9,1,1
A1431HS3V4IVAA:1:B002QFGKUQ,A1431HS3V4IVAA,head,99,8,1,-2.1067428588867188,,0,1
A14C7SY89WXZ54:7:B00BMIY7F8,A14C7SY89WXZ54,tail,97,8,1,-2.9701766967773438,,0,1
A14EPTYN50XSZV:9:B009FKNGRA,A14EPTYN50XSZV,head,95,8,0,0.3022575378417969,2,1,1
A14VEJF020O9D2:3:B000VPPUEA,A14VEJF020O9D2,head,97,8,1,-0.7638931274414062,7,1,1
A14W2WUIW7WFOT:2:B000142FVW,A14W2WUIW7WFOT,head,98,8,1,-1.550241380929947,12,1,1
A14ZQ68ZSCFMQI:2:B0021W0B0O,A14ZQ68ZSCFMQI,tail,98,8,0,0.778579831123352,1,1,1
A15H73KHFVDRCW:4:B000VEN3RW,A15H73KHFVDRCW,head,96,8,1,-1.7842559814453125,12,1,1
A15LHORKR9K4HR:1:B0007WL21M,A15LHORKR9K4HR,head,99,8,1,-4.165412902832031,,0,1
A15R00LN8L815Z:4:B009GEUP6A,A15R00LN8L815Z,head,96,8,1,-0.9356652498245239,1,1,1
A1619SAMLBBVK0:3:B007UUE824,A1619SAMLBBVK0,tail,96,8,0,0.6121519804000854,1,1,1
A163392KHH24BX:8:B00578Y7P4,A163392KHH24BX,tail,97,8,1,-2.916290521621704,,0,1
A1636XD3R40LB6:2:B000PBQ7LK,A1636XD3R40LB6,tail,83,8,1,-3.2283286452293396,,0,1
A16FAFR19T533T:8:B00181WCN8,A16FAFR19T533T,tail,96,8,0,2.0492972135543823,1,1,1
A17BKWISY8YNOY:3:B000GRENPA,A17BKWISY8YNOY,tail,97,8,1,-1.6416740417480469,26,1,1
A17NMEZPGX1MXG:2:B000F63TW0,A17NMEZPGX1MXG,head,99,8,1,-1.8571398258209229,34,1,1
A18IWU41LM4QBU:1:B00005REAT,A18IWU41LM4QBU,head,99,8,1,-3.0233380794525146,,0,1
A18TLJ8PZ4KYE5:2:B0000YUXI0,A18TLJ8PZ4KYE5,head,97,8,0,0.8459930419921875,1,1,1
A1945HAI443QKR:1:B004O3UE46,A1945HAI443QKR,tail,98,8,1,-0.48288726806640625,24,1,1
A19ACDIQPD3ERF:6:B008DF6XB4,A19ACDIQPD3ERF,tail,97,8,1,-1.6339342594146729,,0,1
A19SDJ2TSSL8HI:23:B002L6PWZO,A19SDJ2TSSL8HI,tail,99,8,1,-2.3121261596679688,,0,1
A19UTUEBWKIZFT:77:B001118AYU,A19UTUEBWKIZFT,tail,97,8,1,-5.39324563741684,,0,1
A19WEEGB05YAZ3:11:B00AAIOP44,A19WEEGB05YAZ3,head,95,8,1,-1.4659117460250854,5,1,1
A19XFJFZ7PRSD2:2:B005KUGUBS,A19XFJFZ7PRSD2,tail,97,8,1,-0.199310302734375,2,1,1
A19ZXIYIL3E6Z:3:B005IHS8KY,A19ZXIYIL3E6Z,head,96,8,1,-2.365970551967621,8,1,1
A1A2OUARTAUEZI:1:B000HRVC5I,A1A2OUARTAUEZI,head,98,8,0,0.29094696044921875,1,1,1
A1AC9O27IEH57H:1:B000OYJ9AO,A1AC9O27IEH57H,head,98,8,1,-2.042396903038025,,0,1
A1AH85DX4XDE4D:2:B0017ZDH52,A1AH85DX4XDE4D,head,97,8,1,-1.5521793365478516,41,1,1
A1AK356546890Q:1:B0027CT5SC,A1AK356546890Q,head,99,8,1,-0.21062850952148438,27,1,1
A1ALAI6G3D4BAC:1:B005MZMET8,A1ALAI6G3D4BAC,tail,99,8,1,-1.4097900390625,,0,1
A1B8Y5EQIAH7D1:4:B000141O6E,A1B8Y5EQIAH7D1,head,96,8,1,-5.486244082450867,,0,1
A1BHYUFWRTEKVP:3:B000O3BDHW,A1BHYUFWRTEKVP,head,99,8,1,-1.32672119140625,,0,1
A1BW9G4M6MZXAE:2:B000Q6D3MA,A1BW9G4M6MZXAE,tail,98,8,1,-0.3174285888671875,14,1,1
A1CI63P473W5RJ:4:B000C235A8,A1CI63P473W5RJ,tail,96,8,1,-2.953292965888977,,0,1
A1CU5O8OPKLZWH:2:B001MWV40U,A1CU5O8OPKLZWH,head,95,8,1,-2.741641640663147,,0,1
A1CWG72R5RLVCR:1:B002BEHQWI,A1CWG72R5RLVCR,tail,98,8,1,-2.4311678409576416,,0,1
A1D7P3HP7TYCJQ:3:B001G0W96G,A1D7P3HP7TYCJQ,tail,96,8,1,-0.4421100616455078,6,1,1
A1DAFWS98LQD2R:2:B001JQLNLY,A1DAFWS98LQD2R,tail,96,8,1,-0.8353347778320312,7,1,1
A1DC1O4VX6AHPP:9:B003XUROEY,A1DC1O4VX6AHPP,head,98,8,1,-1.6290702819824219,11,1,1
A1DF0IT758XAVU:1:B005BF1M10,A1DF0IT758XAVU,head,100,8,1,-2.0266034603118896,,0,1
A1DV7ZGBNFX0Q3:2:B004DKAYUE,A1DV7ZGBNFX0Q3,head,95,8,1,-2.6783599853515625,,0,1
A1E1LEVQ9VQNK:11:B00HSNWXVQ,A1E1LEVQ9VQNK,head,95,8,1,-1.2880630493164062,7,1,1
A1EX5SK2PD0XLC:3:B00639DLV2,A1EX5SK2PD0XLC,head,98,8,1,0.098876953125,1,1,1
A1EZEHP6WTB5DT:1:B006WQF3B2,A1EZEHP6WTB5DT,tail,99,8,1,-1.1377410888671875,,0,1
A1F7YU6O5RU432:96:B00HM6IVXI,A1F7YU6O5RU432,head,91,8,1,-0.7228394746780396,3,1,1
A1FMS5Z62TG910:3:B00014D322,A1FMS5Z62TG910,tail,96,8,1,-1.3775482177734375,2,1,1
A1FPZOHEM55TZ3:2:B00CDWSONS,A1FPZOHEM55TZ3,tail,87,8,1,-8.208547353744507,,0,1
A1GBT4UN2RW7XY:2:B0036Z0HL8,A1GBT4UN2RW7XY,tail,99,8,1,-9.487793326377869,,0,1
A1H07XV8QZV9SL:1:B001B4NBOQ,A1H07XV8QZV9SL,tail,99,8,1,-7.4879549741744995,,0,1
A1H6894P6U0PMY:1:B001OZZTII,A1H6894P6U0PMY,tail,100,8,1,-5.069416284561157,,0,1
A1HF6UHU3YBLTU:2:B002MJG5T2,A1HF6UHU3YBLTU,head,97,8,1,-2.1050949096679688,,0,1
A1HOPKK8E3MIX6:4:B004BD9152,A1HOPKK8E3MIX6,head,96,8,1,-5.411979615688324,,0,1
A1HV54H5CGVX18:3:B00F4TQ49I,A1HV54H5CGVX18,head,95,8,1,-3.4267804622650146,24,1,1
A1HW8AKTZ46Y3I:5:B00AS5GHKO,A1HW8AKTZ46Y3I,tail,88,8,1,-0.8715267181396484,2,1,1
A1I2M9BG7J3BRF:12:B00609D92Q,A1I2M9BG7J3BRF,head,94,8,1,-2.3069859743118286,25,1,1
A1IC0HZ35M0406:10:B0006G2EX4,A1IC0HZ35M0406,tail,94,8,1,-0.9260635375976562,4,1,1
A1IDC728Y0UM6W:6:B0084A5N5K,A1IDC728Y0UM6W,tail,98,8,1,-2.6732863187789917,,0,1
A1IE1KPHDDBJ8A:3:B0048O358S,A1IE1KPHDDBJ8A,tail,95,8,1,-0.4966431260108948,1,1,1
A1IG06T98FQ2IS:4:B00BDM80ZQ,A1IG06T98FQ2IS,tail,99,8,1,-5.2800063490867615,,0,1
A1ILA25D9W6ASF:1:B00507T7XO,A1ILA25D9W6ASF,tail,99,8,1,-2.2636337280273438,,0,1
A1IO9HRIA7ZJGU:1:B0030O3VRW,A1IO9HRIA7ZJGU,head,96,8,1,-0.955001950263977,2,1,1
A1IOJ3D38A6VK2:6:B002AMUICG,A1IOJ3D38A6VK2,tail,98,8,1,0.0153656005859375,,0,1
A1IXGLDMBJAGF5:2:B004DBUAGG,A1IXGLDMBJAGF5,tail,94,8,1,-1.2899932861328125,44,1,1
A1J5W4RL2Q2RNA:3:B00A363EPO,A1J5W4RL2Q2RNA,tail,90,8,1,-1.3706207871437073,33,1,1
A1JOANG98KBFKU:17:B00AE07FQI,A1JOANG98KBFKU,head,98,8,1,-2.862411379814148,18,1,1
A1JS4SXU0QKNTP:1:B002CL6D56,A1JS4SXU0QKNTP,head,99,8,1,-3.438079833984375,,0,1
A1K7KX3ZQW41QA:3:B007JXZ88K,A1K7KX3ZQW41QA,tail,98,8,1,-2.6919479370117188,,0,1
A1K8Z5ANJIO449:5:B000VPPUEA,A1K8Z5ANJIO449,head,98,8,1,-1.8751144409179688,,0,1
A1LL3PF2OD3RUP:1:B00644YNCM,A1LL3PF2OD3RUP,head,99,8,1,-4.400020733475685,,0,1
A1MI1I73Z5J9MI:28:B002R23I76,A1MI1I73Z5J9MI,head,94,8,1,-1.0142974853515625,3,1,1
A1MPQWXSTD511G:3:B00IDWP4IA,A1MPQWXSTD511G,head,94,8,0,1.7466049790382385,1,1,1
A1MU2YMN78CADQ:5:B009GEUOXO,A1MU2YMN78CADQ,tail,99,8,1,-1.8442153930664062,,0,1
A1MUFYWR8YSS74:4:B004DK0UDA,A1MUFYWR8YSS74,head,91,8,0,0.6390684843063354,1,1,1
A1NC9D4XU8SA68:4:B00A73BVP8,A1NC9D4XU8SA68,head,98,8,1,-3.9295042753219604,,0,1
A1NWQUWPMC20MC:2:B001964BDQ,A1NWQUWPMC20MC,tail,97,8,0,3.7422371581196785,1,1,1
A1NZET944GAD05:13:B005P0YLIM,A1NZET944GAD05,tail,97,8,1,-4.945167779922485,,0,1
A1ODOGXEYECQQ8:87:B00JTY6WQ4,A1ODOGXEYECQQ8,head,88,8,1,-1.0232734680175781,7,1,1
A1OS4KPCCWY936:30:B00KQ4PEBU,A1OS4KPCCWY936,tail,82,8,1,-4.487966358661652,43,1,1
A1PPH3OM99MH7Y:6:B006H2ZASC,A1PPH3OM99MH7Y,tail,86,8,1,-0.5083599090576172,10,1,1
A1PSSB1PTAFOS5:5:B005FJQQMC,A1PSSB1PTAFOS5,head,89,8,1,-3.137296676635742,33,1,1
A1PVTKDBIU106M:11:B004MMUGY2,A1PVTKDBIU106M,tail,96,8,1,-4.507751703262329,,0,1
A1Q2D5QJKAAAI8:1:B00CHFRIDS,A1Q2D5QJKAAAI8,tail,97,8,1,-2.283821225166321,15,1,1
A1QFUESF5WSWRV:5:B0030O3VRW,A1QFUESF5WSWRV,head,95,8,1,-1.9233627319335938,,0,1
A1QO88MU0PYJON:3:B001E6G6FC,A1QO88MU0PYJON,head,98,8,1,-1.7297820448875427,11,1,1
A1QU2T6ZKN9ESO:6:B005GMY81O,A1QU2T6ZKN9ESO,tail,94,8,1,-5.450347900390625,,0,1
A1QV5IH6HDRN0L:17:B000WTHKVQ,A1QV5IH6HDRN0L,head,95,8,1,-1.8707429319620132,4,1,1
A1RFTOQJEQY3Q7:3:B000052YMG,A1RFTOQJEQY3Q7,tail,97,8,1,-0.4767913818359375,2,1,1
A1RMA7ATUSZOYB:5:B00IMHN0B4,A1RMA7ATUSZOYB,head,95,8,1,-2.173744320869446,8,1,1
A1ROZSS0KIE0CC:12:B000OV5PEG,A1ROZSS0KIE0CC,tail,95,8,1,-1.9805984497070312,5,1,1
A1RX2N300NHQAF:1:B0089JVEPO,A1RX2N300NHQAF,head,97,8,1,-0.7825736999511719,11,1,1
A1RXSKXU9W0VPK:4:B005QDYH8M,A1RXSKXU9W0VPK,tail,95,8,1,-3.21584290266037,,0,1
A1RZJ25XHIYUBQ:10:B000BIXP5S,A1RZJ25XHIYUBQ,tail,96,8,1,-1.6572723388671875,,0,1
A1T0UERVEUPYSK:7:B000VDUOFM,A1T0UERVEUPYSK,head,96,8,1,-2.3169631958007812,27,1,1
A1T5SIV8M5N7LB:4:B0094DH1RE,A1T5SIV8M5N7LB,tail,98,8,1,-1.2937546372413635,9,1,1
A1TNRVE3TXZIUF:16:B006H2ZASC,A1TNRVE3TXZIUF,tail,88,8,1,-0.3733959197998047,16,1,1
A1TVEXH1NSL633:2:B0047TO1G4,A1TVEXH1NSL633,tail,94,8,1,-3.6506537795066833,11,1,1
A1UGY3RC1TW89:2:B000UPRSKA,A1UGY3RC1TW89,head,98,8,1,-1.3624267578125,19,1,1
A1URMXEEWEQR6V:10:B005FKAQ7M,A1URMXEEWEQR6V,head,94,8,1,-3.4880754947662354,,0,1
A1URXSRV6WDHVY:8:B00AE07932,A1URXSRV6WDHVY,head,93,8,1,-0.44280242919921875,1,1,1
A1V1EP514B5H7Y:14:B000I20Q72,A1V1EP514B5H7Y,head,90,8,1,-1.3558349609375,16,1,1
A1V33XXJBX4W0A:3:B0000YUXI0,A1V33XXJBX4W0A,head,100,8,1,-3.9367979764938354,,0,1
A1V3TRGWOMA8LC:5:B00AE07CPM,A1V3TRGWOMA8LC,head,98,8,1,-3.413109801709652,28,1,1
A1V4ASN9MX9ON5:6:B00DU2MN5U,A1V4ASN9MX9ON5,tail,88,8,1,-0.4148674011230469,18,1,1
A1V5H6GOJ8T2UK:6:B002RXW5BA,A1V5H6GOJ8T2UK,head,93,8,0,0.5259475708007812,32,1,1
A1V5PQCFGWBM1H:3:B000YJ2SKM,A1V5PQCFGWBM1H,head,96,8,1,-1.4510879516601562,,0,1
A1VDX3M5KAZKY7:10:B0013L3XMM,A1VDX3M5KAZKY7,head,92,8,1,-2.792671322822571,,0,1
A1VK6EKINVYAT7:2:B003P904EA,A1VK6EKINVYAT7,head,96,8,1,-2.0427627563476562,4,1,1
A1VOMYIXKOEWH7:4:B000PHRIYE,A1VOMYIXKOEWH7,tail,96,8,0,0.8893051147460938,1,1,1
A1VS1LL905P5L5:1:B009GEUP6A,A1VS1LL905P5L5,head,99,8,1,-1.9641268253326416,50,1,1
A1W31W7O8D5EW:23:B004L5FXIE,A1W31W7O8D5EW,tail,96,8,1,-3.2784273624420166,,0,1
A1W3K6EE5JKY10:2:B0050GPSW4,A1W3K6EE5JKY10,head,95,8,1,-2.281158447265625,,0,1
A1W9OSF4ZWL94R:9:B00FFANXMM,A1W9OSF4ZWL94R,head,93,8,0,0.8962745666503906,1,1,1
A1WKQ94M45D8MG:16:B00A0IWRUI,A1WKQ94M45D8MG,head,96,8,0,0.8787537515163422,1,1,1
A1WMT21SRY3W5J:7:B000BIXP3K,A1WMT21SRY3W5J,tail,98,8,1,-2.4384078979492188,,0,1
A1WP9XISE4N1G2:2:B001B1T2SS,A1WP9XISE4N1G2,head,96,8,1,-2.592907965183258,2,1,1
A1WSC6DTGWT6ZY:1:B00E19GG8Q,A1WSC6DTGWT6ZY,tail,99,8,1,-8.650734066963196,,0,1
A1WSNNOFQZGWBK:2:B0058X0JIM,A1WSNNOFQZGWBK,tail,100,8,1,-2.422881841659546,,0,1
A1X3ESYZ79H59E:84:B00A3Q9LPG,A1X3ESYZ79H59E,head,97,8,1,-2.18539822101593,6,1,1
A1X9Q4I1NUPRHN:6:B0094GFW68,A1X9Q4I1NUPRHN,tail,98,8,1,-1.6437681913375854,2,1,1
A1XCE4QWZ9ZCC2:9:B00AFSJXKU,A1XCE4QWZ9ZCC2,tail,98,8,1,-1.825035035610199,1,1,1
A1XJOSJN6FHFO0:29:B00GBL5GDS,A1XJOSJN6FHFO0,head,90,8,1,-1.421409547328949,2,1,1
A1XURL0P01JA50:1:B0040ZU4ZW,A1XURL0P01JA50,tail,100,8,1,-5.7144129276275635,,0,1
A1Y7JDCPP2ZOPA:3:B001OMI9VA,A1Y7JDCPP2ZOPA,tail,98,8,1,-1.3685798048973083,3,1,1
A1YPWA0MA1XNKG:4:B007X8ZTNK,A1YPWA0MA1XNKG,tail,95,8,1,-1.6020278930664062,,0,1
A1YSA2U70V9E21:6:B005X2F7JY,A1YSA2U70V9E21,head,92,8,0,0.8408240675926208,1,1,1
A1YW778P40UHY1:17:B004NYWR7S,A1YW778P40UHY1,head,99,8,1,-2.0025405883789062,,0,1
A1YYAPEP1NB5IE:2:B002ZASTP6,A1YYAPEP1NB5IE,tail,99,8,1,-1.5421290397644043,,0,1
A1ZPQSWQQQQOD9:16:B000O3OZD6,A1ZPQSWQQQQOD9,head,80,8,1,-1.4225692749023438,5,1,1
A209G57KXCBF4C:1:B00BB8ZHIU,A209G57KXCBF4C,head,98,8,1,-0.8369829654693604,24,1,1
A20HKT7NCHNR65:1:B002SZ7FUI,A20HKT7NCHNR65,tail,99,8,1,-4.683837890625,,0,1
A20L63B48RPSOH:7:B00AE07BI0,A20L63B48RPSOH,head,95,8,0,1.0604057312011719,1,1,1
A20RM3LL5IW5JO:3:B004S3PW76,A20RM3LL5IW5JO,tail,95,8,1,-3.7630269527435303,24,1,1
A21AD2367U712:7:B001G7PU4M,A21AD2367U712,tail,97,8,1,-2.487945795059204,,0,1
A21EDMG94ID7D:8:B001FB5IDW,A21EDMG94ID7D,head,95,8,1,-0.22541415691375732,3,1,1
A21PMXL95F3B0Y:2:B003JCLP6E,A21PMXL95F3B0Y,tail,78,8,1,-6.968593388795853,,0,1
A21RZFSC7L21V7:1:B002DPUY6A,A21RZFSC7L21V7,tail,99,8,1,-3.8363646268844604,,0,1
A21VGNU5959O85:12:B0089JVEPO,A21VGNU5959O85,head,97,8,1,-1.6412849426269531,5,1,1
A22AGOPQYGHN8J:2:B003UMNO6C,A22AGOPQYGHN8J,head,99,8,1,-1.8828964233398438,18,1,1
A22JU70AS1K7CY:1:B000KOO8AY,A22JU70AS1K7CY,tail,99,8,1,-2.632721424102783,,0,1
A22KMCKYE5KQ2X:6:B0039Z7L5A,A22KMCKYE5KQ2X,tail,96,8,1,-3.21063232421875,,0,1
A22QOZZLLIMW6I:6:B007Q0WW0S,A22QOZZLLIMW6I,head,95,8,1,-3.22802734375,19,1,1
A234X1MVIMPMMC:34:B00AWLBACE,A234X1MVIMPMMC,head,94,8,1,-1.4728736877441406,,0,1
A236JWYJ1B0F0Z:2:B008UAIM52,A236JWYJ1B0F0Z,tail,98,8,0,1.3105850219726562,1,1,1
A2394O76GGGTXQ:2:B005K95ZVA,A2394O76GGGTXQ,tail,95,8,1,-0.4969205856323242,2,1,1
A23CX0XCF88SDF:1:B006FRS9O6,A23CX0XCF88SDF,head,85,8,1,-2.0480356216430664,13,1,1
A23LRGXH0BTGFZ:5:B002E0QLP2,A23LRGXH0BTGFZ,tail,94,8,0,0.9854203462600708,1,1,1
A23YAZJ4GB50ND:1:B003UTEE32,A23YAZJ4GB50ND,head,99,8,1,-3.141029119491577,,0,1
A23ZNGL704AW7O:21:B007PAD71M,A23ZNGL704AW7O,head,98,8,1,-6.553027927875519,,0,1
A2420LPFE8TDX9:2:B000R94OGK,A2420LPFE8TDX9,tail,98,8,1,-2.2651442289352417,,0,1
A249LHUAX530KK:3:B000EGSD1S,A249LHUAX530KK,head,98,8,1,-3.740676522254944,,0,1
A249WJKFOGN7BL:1:B001H270RQ,A249WJKFOGN7BL,head,98,8,1,-2.1439915597438812,13,1,1
A24FQNZ2ZCP9UH:1:B009LY2GC6,A24FQNZ2ZCP9UH,tail,98,8,1,-2.67559814453125,,0,1
A24VASNAOK0TY:8:B000SWY05Q,A24VASNAOK0TY,head,97,8,1,-3.1752549409866333,,0,1
A25C2M3QF9G7OQ:63:B00GJYQCB2,A25C2M3QF9G7OQ,tail,92,8,1,-0.7200167179107666,8,1,1
A263N5F8UR9OQT:1:B00A76CPUA,A263N5F8UR9OQT,head,96,8,1,-3.4827805161476135,13,1,1
A264UDLWWRJ7X4:2:B0027CT5SC,A264UDLWWRJ7X4,head,99,8,1,-1.0059251487255096,10,1,1
A269B5XQRUBVKE:1:B001F51T3Q,A269B5XQRUBVKE,head,97,8,1,-0.34609222412109375,,0,1
A27DU9NJ3KHF0F:4:B0006PLPE4,A27DU9NJ3KHF0F,tail,99,8,1,-2.849058210849762,,0,1
A27GH1UFKVNTRP:3:B000NKL3D0,A27GH1UFKVNTRP,tail,97,8,1,-2.1370692253112793,,0,1
A27HGURKO0AN41:4:B000AADEP8,A27HGURKO0AN41,head,99,8,1,-2.5269718170166016,,0,1
A27W1MS30K7HRR:2:B005BF1M10,A27W1MS30K7HRR,head,94,8,1,-1.7286758422851562,15,1,1
A281NPSIMI1C2R:12:B00013YYS0,A281NPSIMI1C2R,head,93,8,1,-1.3989105224609375,7,1,1
A28IBOLVCSQRLQ:52:B0073KABJ0,A28IBOLVCSQRLQ,head,99,8,1,-1.2033233642578125,,0,1
A28UK210Z6SDDR:2:B009JKJMTW,A28UK210Z6SDDR,tail,95,8,1,-4.772512197494507,,0,1
A28UMA3GW9L124:8:B00AE07CRA,A28UMA3GW9L124,head,96,8,1,-1.4191477298736572,7,1,1
A292V24Y5TJIIC:5:B009U9JUK8,A292V24Y5TJIIC,tail,97,8,1,-2.5339813232421875,,0,1
A29MA4EBRF6TGH:4:B0018V1DWE,A29MA4EBRF6TGH,head,97,8,1,-3.3599319458007812,,0,1
A29P65DEEZIEB0:2:B002CML1XE,A29P65DEEZIEB0,head,99,8,1,-3.2486572265625,,0,1
A29R6Z6BX392JM:8:B005J4Y0O4,A29R6Z6BX392JM,tail,89,8,0,0.8966978788375854,4,1,1
A2AK0HGKSKVS41:3:B001GEEQ90,A2AK0HGKSKVS41,head,93,8,1,-0.9313469529151917,12,1,1
A2AYAROS8PYQNG:2:B00703QGQM,A2AYAROS8PYQNG,tail,99,8,1,-1.866554319858551,,0,1
A2BAAKZHSUGCDP:5:B0030DE8F2,A2BAAKZHSUGCDP,tail,93,8,1,-1.2612686157226562,5,1,1
A2BNA9UQTT4SQW:2:B000142JDG,A2BNA9UQTT4SQW,tail,98,8,1,-0.9055252075195312,2,1,1
A2CSUBM1565NGH:4:B00FXXTEVA,A2CSUBM1565NGH,tail,97,8,1,-6.165866136550903,,0,1
A2CT34IY464JX7:3:B0027VCNGO,A2CT34IY464JX7,head,93,8,1,-0.5779380798339844,1,1,1
A2CTFYBE2X2L68:5:B0051PLB6Q,A2CTFYBE2X2L68,tail,96,8,1,-5.8930933475494385,,0,1
A2CZPM110DW516:3:B0017TZD7S,A2CZPM110DW516,head,96,8,1,-0.697281002998352,3,1,1
A2D3SLKUAM2EB8:7:B002RGRJC2,A2D3SLKUAM2EB8,head,96,8,1,-0.6092356443405151,2,1,1
A2DI5CN136ORIV:3:B00ETC25K8,A2DI5CN136ORIV,tail,100,8,1,-2.602729558944702,,0,1
A2DL8J6PWE7QPG:2:B0028K3J8K,A2DL8J6PWE7QPG,head,97,8,1,-4.437708020210266,,0,1
A2DRQX2BLQ3PRK:7:B001S261Q6,A2DRQX2BLQ3PRK,head,95,8,1,-3.3265684843063354,40,1,1
A2DSK65TLOD8LZ:1:B00K2O3NV2,A2DSK65TLOD8LZ,head,99,8,1,-3.905189335346222,29,1,1
A2DYW9Y2D8E43L:2:B007RTR9G0,A2DYW9Y2D8E43L,head,99,8,1,-2.357391357421875,,0,1
A2EBR70V6P9W0N:18:B0034ZHMRW,A2EBR70V6P9W0N,tail,93,8,1,-4.946243405342102,,0,1
A2ECPNF68XBDS4:2:B005L4ULCC,A2ECPNF68XBDS4,tail,90,8,1,-2.501045137643814,4,1,1
A2EP68HH1PXAN3:5:B003RFA4QA,A2EP68HH1PXAN3,tail,92,8,1,-5.675189971923828,,0,1
A2EWHC4E4NJWMI:25:B000ZMBSPE,A2EWHC4E4NJWMI,head,95,8,1,-0.7430267333984375,2,1,1
A2FWDBKX76ILA7:3:B0009OAGRE,A2FWDBKX76ILA7,head,97,8,1,-2.5616225004196167,,0,1
A2GA64WZK8PKBC:15:B00ALV8EL0,A2GA64WZK8PKBC,head,96,8,0,0.19036865234375,1,1,1
A2H1W8V6R9TJ9E:1:B003BJZ1M4,A2H1W8V6R9TJ9E,head,99,8,1,-1.4171218872070312,,0,1
A2HB8OXRKARU0U:2:B002XWZH6A,A2HB8OXRKARU0U,tail,98,8,1,-2.4388734102249146,,0,1
A2HC94UMOSA5IE:1:B002QB52W2,A2HC94UMOSA5IE,tail,97,8,1,-2.3574522733688354,11,1,1
A2HMLVLFUVBB7M:6:B001G52ZHO,A2HMLVLFUVBB7M,head,99,8,1,-3.2096269130706787,,0,1
A2IBPI20UZIR0U:1:B0002EZXUG,A2IBPI20UZIR0U,tail,100,8,1,-1.063690185546875,,0,1
A2IMCR03RE86TW:8:B005DJ5AFS,A2IMCR03RE86TW,tail,97,8,1,-4.3448028564453125,,0,1
A2IMH6HYO4AMFT:3:B001PNFFLK,A2IMH6HYO4AMFT,tail,99,8,1,-2.436721920967102,,0,1
A2JAEZ0FMAMJVW:8:B00A0J09G6,A2JAEZ0FMAMJVW,head,95,8,0,0.36354827880859375,1,1,1
A2JDQ0ZP1JO09P:3:B006L5XS8E,A2JDQ0ZP1JO09P,tail,98,8,1,-0.02878570556640625,1,1,1
A2JQ9LS7ICHJN:2:B00CF5W2D6,A2JQ9LS7ICHJN,tail,98,8,0,0.1540985107421875,1,1,1
A2JZGJNLAZ7XSY:5:B000N94XPQ,A2JZGJNLAZ7XSY,tail,99,8,1,-1.7748565673828125,,0,1
A2K0D19N83G6U2:1:B006QB4BSE,A2K0D19N83G6U2,tail,98,8,1,-1.97686767578125,5,1,1
A2K4HN6EECBNR3:22:B00A0IWSN4,A2K4HN6EECBNR3,head,95,8,1,-1.3939952850341797,8,1,1
A2KMTDXF78JTKR:4:B003V7KWB6,A2KMTDXF78JTKR,head,100,8,1,-3.461372137069702,,0,1
A2KUK2GLJDWAVQ:2:B004GV8H7C,A2KUK2GLJDWAVQ,tail,98,8,1,-3.187713623046875,,0,1
A2L4LUQCMWBFVO:21:B00634TG48,A2L4LUQCMWBFVO,tail,99,8,1,-3.01275634765625,,0,1
A2L7UE9O293Q2W:2:B004DK46XK,A2L7UE9O293Q2W,head,100,8,1,-4.924781680107117,,0,1
A2LJHJB180LIIK:16:B0009RF9OG,A2LJHJB180LIIK,tail,97,8,1,-2.8787920475006104,,0,1
A2LNRXH1S0EH1H:1:B007E2K41W,A2LNRXH1S0EH1H,tail,100,8,1,-2.2072980403900146,,0,1
A2LRUWMWKVBW9Y:1:B001AZPK90,A2LRUWMWKVBW9Y,tail,98,8,1,-0.0244903564453125,2,1,1
A2LXC5ZHHP0WXP:22:B00EA4MHN0,A2LXC5ZHHP0WXP,head,98,8,1,-0.16925811767578125,1,1,1
A2LXIRGXYVBHH0:4:B00008MOQN,A2LXIRGXYVBHH0,head,98,8,1,-1.171234130859375,46,1,1
A2M5PNYYFWSJMD:1:B002G5ULWY,A2M5PNYYFWSJMD,tail,100,8,1,-2.4086227416992188,,0,1
A2MH7UT57OXCSQ:3:B005UKZAJG,A2MH7UT57OXCSQ,head,96,8,0,4.3503797091543674,1,1,1
A2NCJM91GPZQX7:2:B005FOPQT6,A2NCJM91GPZQX7,head,99,8,1,-3.6110761165618896,,0,1
A2NHO4VGF5N5IK:3:B004BCT8JW,A2NHO4VGF5N5IK,tail,97,8,1,-2.8060036301612854,35,1,1
A2NZUVOGJ1DR2L:3:B002SIF4Z8,A2NZUVOGJ1DR2L,tail,98,8,1,-0.7515792846679688,2,1,1
A2O56QHTYVTAT6:20:B0013TM9UQ,A2O56QHTYVTAT6,head,89,8,1,-2.682556390762329,,0,1
A2O7XT1RIQS09Y:8:B004Y9GV60,A2O7XT1RIQS09Y,tail,97,8,1,-2.1179580688476562,32,1,1
A2OBDNQ5ZYU1L8:9:B00CXADQ4M,A2OBDNQ5ZYU1L8,head,96,8,0,0.17248153686523438,1,1,1
A2OCDK0BOW6UCY:12:B005CE21YW,A2OCDK0BOW6UCY,head,96,8,1,-2.4487836360931396,,0,1
A2OKDMSH430PWG:2:B004TSFBJO,A2OKDMSH430PWG,head,99,8,1,-2.554367184638977,,0,1
A2P3DONT5F5KNC:1:B005EIIAPA,A2P3DONT5F5KNC,tail,100,8,1,-2.403892397880554,,0,1
A2P5FNH7X2PIE3:3:B000UPRSKA,A2P5FNH7X2PIE3,head,98,8,0,0.15425872802734375,1,1,1
A2PCKA9RR3JCFS:2:B0043BWJN8,A2PCKA9RR3JCFS,tail,99,8,0,0.9191207885742188,1,1,1
A2PTX32OTTTEF:6:B005IUGRBI,A2PTX32OTTTEF,head,97,8,1,-0.53033447265625,5,1,1
A2PXWM4VAEE68F:2:B0001AQCII,A2PXWM4VAEE68F,head,98,8,1,-3.896392822265625,,0,1
A2QPGUPMI6ZDY0:2:B0015Z5BU8,A2QPGUPMI6ZDY0,tail,97,8,1,-3.0683289766311646,6,1,1
A2R9M9ALI356JU:7:B00199YUBG,A2R9M9ALI356JU,tail,98,8,1,-3.2124710083007812,,0,1
A2RJZ26I30VFUZ:9:B004T19R3W,A2RJZ26I30VFUZ,tail,96,8,0,1.5841904282569885,1,1,1
A2RKI7RPP5CJMG:8:B00AE07BC6,A2RKI7RPP5CJMG,head,96,8,1,-0.4530144929885864,2,1,1
A2S7YBFPZX1IGQ:33:B002LB75AO,A2S7YBFPZX1IGQ,head,95,8,1,-0.2857208251953125,3,1,1
A2S83REJR973X7:1:B002HEW8QQ,A2S83REJR973X7,tail,97,8,1,-2.6621780395507812,,0,1
A2SSV6KM3W1VFD:3:B000Q6V1UG,A2SSV6KM3W1VFD,head,98,8,1,-0.1949901580810547,1,1,1
A2SXY96YC2J6VP:2:B0007CXX82,A2SXY96YC2J6VP,head,98,8,1,-1.5828781127929688,19,1,1
A2T0DFAQBF8ORG:1:B002A9JONI,A2T0DFAQBF8ORG,head,98,8,1,-0.70745849609375,,0,1
A2T3KX5WCGK7CM:5:B000143K2A,A2T3KX5WCGK7CM,head,97,8,1,-3.1948546171188354,,0,1
A2T4PF3X3MC0VC:2:B0073B3F06,A2T4PF3X3MC0VC,tail,97,8,0,5.625484392046928,1,1,1
A2TBAUW2W7J538:21:B00AE07B9O,A2TBAUW2W7J538,head,93,8,1,-1.0391347408294678,2,1,1
A2TBB743O1S7DR:4:B000PKYBXM,A2TBB743O1S7DR,tail,96,8,1,-0.28131866455078125,2,1,1
A2TGPI8IHZ62KM:10:B009NCM6JY,A2TGPI8IHZ62KM,head,77,8,0,0.7225246429443359,1,1,1
A2TK433EM0BHNT:6:B004TSF8R4,A2TK433EM0BHNT,head,95,8,1,-0.043361663818359375,4,1,1
A2TVH2OBNXYXHV:2:B004INUWX0,A2TVH2OBNXYXHV,head,97,8,1,-2.5535507202148438,26,1,1
A2U0A7LWCE5JR5:4:B001AFGLSO,A2U0A7LWCE5JR5,tail,97,8,1,-1.4201583862304688,4,1,1
A2UF98HFMVHA9F:9:B00005NAOJ,A2UF98HFMVHA9F,tail,94,8,1,-0.9634017944335938,3,1,1
A2UJT1C0E0DWVQ:12:B003APID5G,A2UJT1C0E0DWVQ,tail,93,8,1,-0.6164131164550781,3,1,1
A2UY01XCD1DWQ9:7:B008H42554,A2UY01XCD1DWQ9,head,87,8,1,-5.321178436279297,,0,1
A2V10LPZP0SF6U:13:B001DHI0R4,A2V10LPZP0SF6U,tail,94,8,1,-3.021117925643921,,0,1
A2V293S5VWOQNJ:3:B0009G05W8,A2V293S5VWOQNJ,tail,97,8,0,0.26389312744140625,1,1,1
A2V55J9CCQCOG0:15:B00GTBZHCA,A2V55J9CCQCOG0,head,98,8,1,-2.1299322843551636,23,1,1
A2VWYKAQCOJ80N:1:B00161JJ90,A2VWYKAQCOJ80N,tail,99,8,1,-1.8137433528900146,,0,1
A2VX6RJQ18KO6J:2:B00127U7QM,A2VX6RJQ18KO6J,head,98,8,1,-1.8067207336425781,,0,1
A2W2E6BPPYZO0T:2:B001FWXJ4G,A2W2E6BPPYZO0T,head,97,8,1,-1.5534249544143677,13,1,1
A2WC8DX0E0YXNX:5:B005DHCLF2,A2WC8DX0E0YXNX,tail,97,8,1,-3.6951600313186646,,0,1
A2WM3V2HY2A5LU:2:B001LNOEKW,A2WM3V2HY2A5LU,tail,92,8,1,-3.6288987398147583,,0,1
A2XBIBAWCHVP2M:5:B0013UAPVK,A2XBIBAWCHVP2M,head,100,8,1,-2.4197235107421875,,0,1
A2XEEF7UGKDOEN:2:B00518N02Q,A2XEEF7UGKDOEN,tail,98,8,1,-1.4556050300598145,,0,1
A2XK9NPCPIF8HJ:3:B0030GMBNK,A2XK9NPCPIF8HJ,tail,99,8,1,-3.995151698589325,,0,1
A2XZD1EQ7FMYN3:1:B000KQB0YE,A2XZD1EQ7FMYN3,tail,99,8,1,-2.3171157836914062,,0,1
A2YLXNMOADG2AU:2:B005R3UYEW,A2YLXNMOADG2AU,head,90,8,1,-7.3681222796440125,,0,1
A2YP323KXIBPQ9:6:B007PAD71M,A2YP323KXIBPQ9,head,98,8,1,-3.2040178775787354,,0,1
A2YR0ZBHPE7BP1:3:B001183N9K,A2YR0ZBHPE7BP1,head,94,8,1,-1.5309266448020935,16,1,1
A2YROQDXASGW14:2:B0026J10CU,A2YROQDXASGW14,head,97,8,1,-1.7940216064453125,41,1,1
A2Z2LWDTHN2RKY:17:B001CENUPU,A2Z2LWDTHN2RKY,tail,94,8,1,-3.983814090490341,,0,1
A2Z44TJ81QSHYB:4:B004WDV2XA,A2Z44TJ81QSHYB,head,79,8,1,-2.487251341342926,7,1,1
A2Z5UC1U8RTIHJ:2:B006HWGSEM,A2Z5UC1U8RTIHJ,tail,99,8,1,-1.4980239868164062,,0,1
A2ZHVBPPE9DTZU:1:B008HCWR6I,A2ZHVBPPE9DTZU,tail,100,8,1,-3.6919785737991333,,0,1
A2ZY49IDE6TY5I:91:B00GLS58SO,A2ZY49IDE6TY5I,head,95,8,0,0.5648117065429688,1,1,1
A305XM71TF83CY:24:B003JTF3VK,A305XM71TF83CY,head,96,8,1,-2.635398745536804,3,1,1
A3091RP0SPZLMN:77:B00GLS593S,A3091RP0SPZLMN,head,93,8,1,0.09447479248046875,2,1,1
A3094EPI56GKZ6:1:B001E96L1S,A3094EPI56GKZ6,tail,100,8,1,-2.3997576236724854,,0,1
A30XSLHBYF48PS:3:B008134WZ2,A30XSLHBYF48PS,tail,98,8,1,-0.8059682846069336,2,1,1
A30ZDSLMMKZTT5:6:B001MA0QY2,A30ZDSLMMKZTT5,head,98,8,1,-5.376457095146179,,0,1
A312UBIOP091MH:8:B00AN5L8PS,A312UBIOP091MH,head,97,8,1,-0.791831910610199,28,1,1
A314SDYGMKZ1AG:1:B003S16H5A,A314SDYGMKZ1AG,head,100,8,1,-1.8714599609375,,0,1
A315CY33I82ZI7:2:B0036BWIBO,A315CY33I82ZI7,head,98,8,1,-1.6859207153320312,,0,1
A318IDAWJ9ZYAY:12:B009YSSLAU,A318IDAWJ9ZYAY,head,97,8,1,0.02550506591796875,3,1,1
A31AJS00MHXH5:3:B00DPTW8JY,A31AJS00MHXH5,tail,97,8,1,-4.806923031806946,,0,1
A31DVKL8JE4XAH:25:B00AXRBAEA,A31DVKL8JE4XAH,head,95,8,0,0.3318634033203125,3,1,1
A31E0MN0BPGLIE:3:B000FIFJBM,A31E0MN0BPGLIE,tail,98,8,1,-3.3462371826171875,34,1,1
A31EW5DKOZF2WB:10:B009RNUH8G,A31EW5DKOZF2WB,tail,94,8,1,-1.0813159942626953,2,1,1
A31I44ESG7UPR:1:B00AE07FUE,A31I44ESG7UPR,head,94,8,1,-4.228118926286697,35,1,1
A32BV3CV1DJYCR:3:B001CMT83A,A32BV3CV1DJYCR,tail,99,8,1,-3.4880528450012207,,0,1
A32D0ZUZXESU6W:2:B0045VJPT2,A32D0ZUZXESU6W,tail,96,8,1,0.067962646484375,1,1,1
A33GKK4BDITVZY:1:B0000ZLEFU,A33GKK4BDITVZY,head,97,8,1,-1.0500317811965942,32,1,1
A33WQCNJD3JRK2:1:B005SJSQIG,A33WQCNJD3JRK2,head,99,8,1,-1.7199782133102417,36,1,1
A34O6TTUA6UWOU:9:B003ZX32ZO,A34O6TTUA6UWOU,head,93,8,1,-2.0804595947265625,38,1,1
A34TVK5J8P7XDQ:2:B0002Z8GEK,A34TVK5J8P7XDQ,tail,99,8,1,-0.6083755493164062,,0,1
A35HOUWHAYZZN6:32:B005HIHD2I,A35HOUWHAYZZN6,head,96,8,1,-6.177280366420746,38,1,1
A35S3IOWYJ92EA:1:B006HKCR9O,A35S3IOWYJ92EA,tail,99,8,1,-2.5075913667678833,,0,1
A366XQUDSSYGRQ:1:B001GIOW3G,A366XQUDSSYGRQ,head,96,8,1,-1.303863525390625,6,1,1
A36HEY6E2XQT75:3:B0018S8MZ8,A36HEY6E2XQT75,head,97,8,1,-3.3784522116184235,5,1,1
A36MS27KAA5S26:14:B001I9M91U,A36MS27KAA5S26,tail,99,8,1,-3.579086661338806,,0,1
A36P36J16DE34K:6:B00IBS9QC6,A36P36J16DE34K,head,93,8,1,-0.399086058139801,1,1,1
A371WIN4QTP8NF:6:B003BMJGL8,A371WIN4QTP8NF,head,96,8,1,-1.3257256746292114,31,1,1
A379CK0H5WJL85:3:B000NJJCLQ,A379CK0H5WJL85,tail,97,8,1,-1.8116072416305542,8,1,1
A379IB3EYAEL5:16:B00AE07H0M,A379IB3EYAEL5,head,91,8,1,-0.5131283402442932,3,1,1
A37E6RW5BUX4U0:5:B004N7DQHA,A37E6RW5BUX4U0,head,98,8,1,0.008129119873046875,4,1,1
A37FFWZUGO8L7W:5:B00C0Z5CYW,A37FFWZUGO8L7W,head,96,8,0,1.937301754951477,1,1,1
A37MH7ICH80QOX:8:B000HLEXT6,A37MH7ICH80QOX,tail,98,8,1,-2.5905609130859375,,0,1
A37QUQPYFMR9Y9:4:B0009J6ER0,A37QUQPYFMR9Y9,head,99,8,1,-4.267982363700867,,0,1
A38CWC6MDL1PK6:4:B000L9YYTS,A38CWC6MDL1PK6,head,99,8,1,-2.9145435094833374,,0,1
A38UWQHOXEEJTR:1:B0032PQPWW,A38UWQHOXEEJTR,head,94,8,1,-3.019887685775757,33,1,1
A38X2R3BOQGQZQ:9:B002L6PXNA,A38X2R3BOQGQZQ,head,93,8,1,-5.241966247558594,,0,1
A38Z2JBPM6GZ9Z:4:B00387F42Q,A38Z2JBPM6GZ9Z,head,98,8,1,-3.938034273684025,,0,1
A390XPHE9J7DBO:55:B00L3K91OW,A390XPHE9J7DBO,tail,83,8,1,-0.2858695983886719,2,1,1
A391OOGZ9TPB5:8:B004JHOJN4,A391OOGZ9TPB5,tail,94,8,0,0.47011566162109375,1,1,1
A394694266OEA3:18:B00E541OWU,A394694266OEA3,tail,87,8,0,2.342392072081566,1,1,1
A39BEQEYKWZO09:1:B005TI7NQW,A39BEQEYKWZO09,head,99,8,1,-2.0432586669921875,,0,1
A39PE92UTLIR9X:1:B00076X0BS,A39PE92UTLIR9X,tail,99,8,1,-2.917266607284546,,0,1
A39WDZULIH08JY:3:B009SJ7DFE,A39WDZULIH08JY,tail,92,8,1,-1.4889144897460938,20,1,1
A3A62FPWG2SIXD:6:B000VV1ZMU,A3A62FPWG2SIXD,head,96,8,1,-0.23711395263671875,,0,1
A3A7Y3TSPPZU9T:33:B008FZ562E,A3A7Y3TSPPZU9T,head,95,8,1,-1.3608684241771698,4,1,1
A3AC87VK8LM4IA:8:B0083HT86E,A3AC87VK8LM4IA,tail,89,8,1,-6.492038875818253,,0,1
A3ARKGHF6LHFV:5:B001EGP680,A3ARKGHF6LHFV,tail,95,8,0,1.0718002915382385,1,1,1
A3BUG7BM52PNH5:9:B0041QVYS6,A3BUG7BM52PNH5,head,86,8,0,0.7164087295532227,1,1,1
A3BXWNKYIH96TR:1:B00015HBD8,A3BXWNKYIH96TR,tail,99,8,1,-2.0765914916992188,,0,1
A3C2MSP8KCBWP8:17:B00B3XZ76A,A3C2MSP8KCBWP8,tail,87,8,1,-2.549434781074524,29,1,1
A3C6CZC2JP67VK:10:B0027CT5TG,A3C6CZC2JP67VK,head,96,8,1,-0.10061264038085938,2,1,1
A3C6YFFBSS9YK1:7:B006OMHUZQ,A3C6YFFBSS9YK1,tail,82,8,1,-0.4109892249107361,2,1,1
A3CDB38FK94DUX:6:B00CELI1K4,A3CDB38FK94DUX,tail,97,8,1,-3.295570135116577,,0,1
A3CRYCM9RET3P1:6:B003FXG314,A3CRYCM9RET3P1,tail,96,8,1,-3.0718233585357666,,0,1
A3CXIBTXLHVVQ7:5:B004Z40048,A3CXIBTXLHVVQ7,head,90,8,1,-2.5563204288482666,38,1,1
A3E5V5TSTAY3R9:17:B002MJOZTE,A3E5V5TSTAY3R9,tail,86,8,1,-0.5468902587890625,4,1,1
A3EBX7GDQVG04V:2:B00008CMOQ,A3EBX7GDQVG04V,head,100,8,1,-3.343170404434204,,0,1
A3EQFXFAZYY59B:2:B006L1DNWY,A3EQFXFAZYY59B,head,98,8,1,-5.953964352607727,,0,1
A3EXXM8LH53OWF:3:B001JKYD4Y,A3EXXM8LH53OWF,tail,96,8,1,-0.6736831665039062,3,1,1
A3FCU14867U83H:2:B002YR2D5W,A3FCU14867U83H,tail,99,8,1,-2.4574813842773438,,0,1
A3FHSLWEMH7JD8:15:B0054MSBZA,A3FHSLWEMH7JD8,head,98,8,1,-3.513568639755249,26,1,1
A3FY8LBZYT2RPN:3:B001ECQ5IE,A3FY8LBZYT2RPN,head,96,8,1,-3.8759690523147583,35,1,1
A3G1XSJ5RD0PIA:3:B0071900NU,A3G1XSJ5RD0PIA,tail,97,8,1,-4.191951751708984,,0,1
A3GA09FYFKL4EY:27:B00AUFS8I6,A3GA09FYFKL4EY,tail,92,8,1,-0.6712036728858948,,0,1
A3GAIYE8D53CXF:4:B005SPWI3O,A3GAIYE8D53CXF,tail,99,8,1,-1.2290725708007812,,0,1
A3GBQMYUOW4OSK:8:B0078VTGOK,A3GBQMYUOW4OSK,tail,97,8,1,-4.952564120292664,,0,1
A3H7B6718MO83Y:6:B00B8UIQU2,A3H7B6718MO83Y,tail,93,8,1,-0.4189453125,1,1,1
A3HISVKMJY30J9:3:B0013GB1Y4,A3HISVKMJY30J9,tail,94,8,1,-1.7102127075195312,35,1,1
A3I40TV5DZXMO5:3:B0018662UW,A3I40TV5DZXMO5,tail,100,8,1,-1.2034072875976562,,0,1
A3ILDMI4ETJKTR:4:B004K9UAKM,A3ILDMI4ETJKTR,tail,96,8,1,-0.09587860107421875,4,1,1
A3J029KBNG5MNP:19:B000AO2NXS,A3J029KBNG5MNP,head,93,8,1,-0.8839225769042969,14,1,1
A3J4BYNLIX7O4T:6:B002H9L62I,A3J4BYNLIX7O4T,tail,98,8,1,-3.1803205013275146,,0,1
A3JS331R4TEBB8:1:B003FBI9LS,A3JS331R4TEBB8,head,100,8,1,-1.4098663330078125,,0,1
A3KG8S5XXY37L8:3:B001U0ONNY,A3KG8S5XXY37L8,head,99,8,1,-2.8786925077438354,,0,1
A3KQMERZUTHO1R:1:B002KPWZPG,A3KQMERZUTHO1R,tail,99,8,1,-1.4019694328308105,,0,1
A3LFVYR9A27NLT:17:B005KT4T44,A3LFVYR9A27NLT,tail,99,8,1,-7.376014590263367,,0,1
A3LJLRIZL38GG3:36:B00AP1BTZE,A3LJLRIZL38GG3,tail,92,8,1,0.0379486083984375,1,1,1
A3LSGT18TEMFJT:1:B000AO2NXS,A3LSGT18TEMFJT,head,95,8,1,-2.2915114164352417,22,1,1
A3M1K1I80RU7IS:2:B005UBN2AO,A3M1K1I80RU7IS,head,98,8,1,-6.708614110946655,,0,1
A3M6QNJ79UIR18:1:B001P1ZEL8,A3M6QNJ79UIR18,tail,98,8,0,3.233398385345936,1,1,1
A3MJYQFHRYLUUB:17:B00HM6K6XQ,A3MJYQFHRYLUUB,head,92,8,1,-0.16765975952148438,2,1,1
A3MNHS1HHTAP7O:1:B00G75X158,A3MNHS1HHTAP7O,head,99,8,1,-2.512664556503296,,0,1
A3MRF11LISAKY0:6:B0039UTU9U,A3MRF11LISAKY0,tail,91,8,1,-7.788494408130646,,0,1
A3N75I60JM46JX:3:B0011DKKGY,A3N75I60JM46JX,head,97,8,1,-0.990478515625,3,1,1
A3NICTN9ALZ27:2:B005Q06WBU,A3NICTN9ALZ27,tail,96,8,1,-3.811645030975342,,0,1
A3NKKWP831FBVA:1:B001KYQCYS,A3NKKWP831FBVA,tail,99,8,1,-3.2409971952438354,,0,1
A3OC42X7H74D1Y:3:B00AAJTDLI,A3OC42X7H74D1Y,head,96,8,1,-0.9248924255371094,14,1,1
A3OHRVM1B8U24K:1:B003156NMU,A3OHRVM1B8U24K,head,98,8,1,-2.49774169921875,,0,1
A3OMRAMK2DW5QM:3:B0058DC6YM,A3OMRAMK2DW5QM,tail,97,8,1,-3.7878533601760864,4,1,1
A3PIW7ZF4C5ZJL:5:B0068G8EZ8,A3PIW7ZF4C5ZJL,head,97,8,1,-3.235012173652649,,0,1
A3PK762RUX1ECP:2:B004BCT7A2,A3PK762RUX1ECP,tail,99,8,1,-1.153167724609375,,0,1
A3QBQ3Z0LYF70H:1:B004CASKMO,A3QBQ3Z0LYF70H,head,98,8,1,-4.091590642929077,,0,1
A3QPOH33BCOKZI:5:B00A76CPUA,A3QPOH33BCOKZI,head,99,8,1,-6.480522096157074,,0,1
A3QV3H483HN4AI:5:B00DQ7THS0,A3QV3H483HN4AI,tail,99,8,1,-0.6539764404296875,,0,1
A3RKOXJC2CEPDI:2:B006OC431K,A3RKOXJC2CEPDI,tail,99,8,1,-3.1216204166412354,,0,1
A3S3R88HA0HZG3:61:B00GLS5DKM,A3S3R88HA0HZG3,head,97,8,1,-1.2252579927444458,16,1,1
A3SE4NU7AGO47Q:5:B004LEJ8R2,A3SE4NU7AGO47Q,head,97,8,1,-0.017505645751953125,1,1,1
A3TBMCDFAAJAN8:2:B00014GT78,A3TBMCDFAAJAN8,head,98,8,1,-2.2499464750289917,,0,1
A3TJSWA0W9ITYE:15:B00GTC03OG,A3TJSWA0W9ITYE,head,92,8,1,-0.203399658203125,2,1,1
A3U029B8Z5WGI2:63:B00GTBZWPW,A3U029B8Z5WGI2,head,80,8,0,0.28452301025390625,12,1,1
A3UFG0MCVEISAS:1:B00161FCAA,A3UFG0MCVEISAS,head,100,8,1,-1.8254470825195312,,0,1
A3UJDI3ZJ7HA53:8:B00387F426,A3UJDI3ZJ7HA53,head,94,8,1,-2.145149350166321,,0,1
A3ULEVTGO01H5W:2:B0054QHA26,A3ULEVTGO01H5W,tail,99,8,1,-3.1516647338867188,,0,1
A3ULUMA21HUH9P:9:B0071S7EWQ,A3ULUMA21HUH9P,tail,92,8,0,1.1944960355758667,12,1,1
A3V1A3C9DTLPME:4:B004N7DQHA,A3V1A3C9DTLPME,head,99,8,0,1.565567061305046,1,1,1
A3V55DVYU80LDS:7:B0094C43FI,A3V55DVYU80LDS,head,98,8,1,-2.49300754070282,41,1,1
A3VEPQ1LU26253:3:B004P2LL2K,A3VEPQ1LU26253,tail,98,8,1,-0.418121337890625,15,1,1
A3VLCQX7NG1N0E:4:B00ALV8EL0,A3VLCQX7NG1N0E,head,99,8,1,-0.6246721744537354,6,1,1
A4EMX1VK60PM0:6:B0009V8N5E,A4EMX1VK60PM0,head,96,8,1,-0.8771896362304688,7,1,1
A4P9WK7Y65O58:11:B001T8QIIA,A4P9WK7Y65O58,tail,94,8,1,-1.942612648010254,11,1,1
A4T4HNFXIV6L9:2:B003ZVV8WK,A4T4HNFXIV6L9,tail,99,8,1,-2.969200372695923,,0,1
A55QPRK60CF9S:16:B005ITRIOY,A55QPRK60CF9S,tail,96,8,1,-2.159003973007202,,0,1
A595U771M6PLX:2:B00CJ0TZ1E,A595U771M6PLX,head,94,8,1,-2.9651259779930115,13,1,1
A5A9N3HZT14KD:1:B004O3UDQK,A5A9N3HZT14KD,tail,96,8,1,-1.7927625179290771,,0,1
A5BAZRN50NOUM:8:B004OUFZP2,A5BAZRN50NOUM,tail,81,8,1,-8.624769270420074,,0,1
A5OBIE3AR5O92:7:B004S9SEWK,A5OBIE3AR5O92,head,96,8,1,-2.3851088285446167,,0,1
A5WECLZESWPS8:9:B008RTNSJQ,A5WECLZESWPS8,head,92,8,1,-1.0296822786331177,7,1,1
A6D7XIL3CWQLS:2:B003UNPS0Q,A6D7XIL3CWQLS,tail,99,8,1,-3.005157470703125,,0,1
A6JTDTXYV9H0D:1:B005C5FP9Y,A6JTDTXYV9H0D,head,99,8,1,-1.4239159226417542,7,1,1
A6NJO9KSN6EUN:23:B004GEV5XM,A6NJO9KSN6EUN,tail,93,8,1,-3.317497491836548,,0,1
A6VT3OXGHXF58:4:B00A7W13Q6,A6VT3OXGHXF58,tail,90,8,1,-0.3343620300292969,3,1,1
A6XHF110BC856:12:B00DG03Y7M,A6XHF110BC856,tail,96,8,1,-2.076446533203125,4,1,1
A6YIRBOI13F1K:1:B001DJ15KG,A6YIRBOI13F1K,tail,99,8,0,1.2196576595306396,1,1,1
A78OA9LV5E5WB:10:B009799H04,A78OA9LV5E5WB,tail,93,8,1,-1.5762787461280823,37,1,1
A79WII0X5ZOU5:3:B002F5WLOQ,A79WII0X5ZOU5,tail,98,8,1,-0.2434844970703125,4,1,1
A7D574N3I1E3G:2:B008STA7IK,A7D574N3I1E3G,tail,98,8,1,-1.4430999755859375,,0,1
A7MU5WRBVQAO2:3:B000VDUOFM,A7MU5WRBVQAO2,head,97,8,1,-2.4102783203125,8,1,1
A7WH9N159GU2R:5:B0028QVAGW,A7WH9N159GU2R,tail,98,8,1,-1.20623779296875,,0,1
A80LBUXF4KNNC:5:B001AIVBRC,A80LBUXF4KNNC,tail,96,8,1,-3.244514584541321,20,1,1
A8C69Q1OOVFZW:1:B000P6WIHC,A8C69Q1OOVFZW,tail,99,8,1,-0.7061692476272583,1,1,1
A928HCGAQTU6X:3:B000YZGOZQ,A928HCGAQTU6X,head,97,8,1,-0.9691314697265625,5,1,1
A93I0K0DZ9CU4:1:B000PP43XU,A93I0K0DZ9CU4,tail,100,8,1,-4.909698665142059,,0,1
A96U5AO7E41DN:1:B003H25J86,A96U5AO7E41DN,tail,99,8,1,-1.2733840942382812,,0,1
A9LWDP1HECAU0:5:B0035RE2TA,A9LWDP1HECAU0,head,97,8,1,-3.2242621332406998,4,1,1
A9QR13VO22ULU:1:B0007506U2,A9QR13VO22ULU,head,99,8,1,-4.335860967636108,,0,1
AA3EZF22VEB32:10:B0061YRVOC,AA3EZF22VEB32,head,90,8,1,-2.7965086698532104,17,1,1
AA8JH8LD2H4P9:3:B007H4J832,AA8JH8LD2H4P9,tail,96,8,1,-3.315975308418274,,0,1
AAEVYY0PHQUUL:32:B0034KYDSS,AAEVYY0PHQUUL,head,83,8,1,-6.7516469792462885,7,1,1
AAIHPXE9JC9NT:1:B003EUSRNA,AAIHPXE9JC9NT,tail,92,8,1,-0.26506805419921875,2,1,1
AB24Z8PTNQ33I:10:B002DPV8L0,AB24Z8PTNQ33I,tail,94,8,1,-3.8855820894241333,,0,1
ABA1SO9OTBYB5:6:B00005NFBJ,ABA1SO9OTBYB5,head,99,8,1,-3.3205565214157104,,0,1
ABOTQXNUBA1MM:9:B003JTF3VK,ABOTQXNUBA1MM,head,94,8,1,-2.3604201078414917,9,1,1
ABVK7YQNVTOKW:3:B00AC3G0ZY,ABVK7YQNVTOKW,tail,96,8,1,-1.2238616943359375,2,1,1
ABYXQSCA15HEE:1:B005P0OBSM,ABYXQSCA15HEE,tail,98,8,1,-4.846290469169617,,0,1
AC1UO4XW14D6W:22:B004GT440S,AC1UO4XW14D6W,tail,94,8,1,-1.1265183687210083,10,1,1
AC6IDFW34EO9D:19:B003DVNKU0,AC6IDFW34EO9D,head,95,8,1,-1.3009567260742188,,0,1
ACVQMK9EJAKK4:10:B002NBJAWI,ACVQMK9EJAKK4,tail,96,8,1,-1.3616143465042114,3,1,1
ACZPM336YREP7:3:B000AA5VZY,ACZPM336YREP7,head,91,8,1,-5.754986047744751,,0,1
AD0OENWU7N4L6:1:B0015KKU2M,AD0OENWU7N4L6,tail,95,8,1,-1.5699005126953125,,0,1
AD29UXW42GRA4:1:B0034RLFGE,AD29UXW42GRA4,tail,96,8,1,-1.4935646057128906,10,1,1
ADS3MDT29J0JH:1:B00D9NV20C,ADS3MDT29J0JH,tail,99,8,1,-2.699273943901062,11,1,1
ADS5APY1NKTL4:2:B000BR5B2Y,ADS5APY1NKTL4,tail,98,8,0,1.044174075126648,1,1,1
AE88D7OM7YU99:12:B000YZLP4Q,AE88D7OM7YU99,head,96,8,0,0.9319992065429688,1,1,1
AEJ4MVDD54AA2:1:B009HBDK2S,AEJ4MVDD54AA2,tail,98,8,0,0.6496506929397583,1,1,1
AEMSGB00FL3YO:4:B0050QLDGY,AEMSGB00FL3YO,head,96,8,1,-1.6138420104980469,19,1,1
AENH50GW3OKDA:64:B000S01TAC,AENH50GW3OKDA,tail,93,8,1,-2.0154457092285156,5,1,1
AF94WY3I1FAPN:4:B0046VEREY,AF94WY3I1FAPN,tail,98,8,1,-3.2661283016204834,,0,1
AFBZMP3FJUI85:4:B007CDSFKU,AFBZMP3FJUI85,head,97,8,1,-2.095786929130554,,0,1
AFRPU08UKV882:1:B001CS6BIY,AFRPU08UKV882,head,99,8,1,-2.267059087753296,,0,1
AG8DPYVTLT2C2:16:B00HNKRWX8,AG8DPYVTLT2C2,head,94,8,1,-2.7858123779296875,25,1,1
AGEKVD8JPZQMT:12:B007JT7AGC,AGEKVD8JPZQMT,head,83,8,1,-0.4124201536178589,10,1,1
AGMONAK82UL7R:10:B001BBRPSW,AGMONAK82UL7R,tail,98,8,1,-6.9623109102249146,,0,1
AGYVXK5UBP8J7:4:B00178TVXG,AGYVXK5UBP8J7,head,97,8,1,-1.502029299736023,23,1,1
AH1OCMC7UJ71O:1:B0018P2ZEA,AH1OCMC7UJ71O,tail,100,8,1,-2.7019957304000854,,0,1
AH59DZ5AXO8PR:37:B0061JQY40,AH59DZ5AXO8PR,head,79,8,0,1.6890488266944885,1,1,1
AHHTNACQEMXRY:22:B00B4YVU4G,AHHTNACQEMXRY,head,95,8,1,-1.358261227607727,29,1,1
AI1F6D4JREJZU:2:B003GMVD96,AI1F6D4JREJZU,head,95,8,1,-1.2878856658935547,18,1,1
AI2LO8JQ0HH5P:3:B000ZLVUYO,AI2LO8JQ0HH5P,head,98,8,1,-2.1149672865867615,15,1,1
AIAIA2L0HC35S:1:B0016BHJEW,AIAIA2L0HC35S,tail,100,8,1,-3.5385515689849854,,0,1
AIEDQUA2QQYDW:4:B005SD1YVS,AIEDQUA2QQYDW,tail,96,8,1,-0.5014781951904297,9,1,1
AIG644VB0MZVU:4:B005UBN3NU,AIG644VB0MZVU,tail,98,8,1,-4.629751205444336,,0,1
AIIR8E34EDKCQ:23:B00064A5L4,AIIR8E34EDKCQ,tail,95,8,1,-3.6633682250976562,30,1,1
AILB6Z04D4FM5:1:B007TL60IE,AILB6Z04D4FM5,head,96,8,1,-3.897602915763855,22,1,1
AJ6H9ZV7TJUUT:1:B003JA3KQE,AJ6H9ZV7TJUUT,head,99,8,1,-0.6295756101608276,15,1,1
AJNYCPODYU9EZ:3:B004M7WKKK,AJNYCPODYU9EZ,head,98,8,1,-2.156158447265625,,0,1
AJXEAM10YNNZ3:3:B00IBS9QC6,AJXEAM10YNNZ3,head,96,8,1,-0.256805419921875,1,1,1
AK39ADQHX1OK8:8:B0032RMX3U,AK39ADQHX1OK8,head,94,8,1,-3.668052911758423,,0,1
AKCY6EK2ZLV7A:12:B000I82POI,AKCY6EK2ZLV7A,head,95,8,1,-4.0179595947265625,,0,1
AKHS1RYJUXB68:2:B000PNTQW0,AKHS1RYJUXB68,head,98,8,1,-0.9940146803855896,11,1,1
AKL80S0A36V1N:3:B0002X9038,AKL80S0A36V1N,tail,97,8,1,-6.983274385333061,,0,1
AKNQ36HTHDQ94:2:B0017HOMWM,AKNQ36HTHDQ94,head,97,8,1,-3.7530672550201416,,0,1
AKZAHRWQFMUZ9:5:B001MV5TX4,AKZAHRWQFMUZ9,tail,99,8,1,-1.8885424137115479,,0,1
AKZKKYT3VWEM4:3:B000VEN3RW,AKZKKYT3VWEM4,head,97,8,1,-1.9818039536476135,3,1,1
ALFZNFPAOFK3Y:2:B0050PWTMM,ALFZNFPAOFK3Y,tail,98,8,1,-11.413719415664673,,0,1
ALNFHVS3SC4FV:186:B00FDK0V4M,ALNFHVS3SC4FV,tail,88,8,1,-2.1812782287597656,20,1,1
ALOWEXH7NJVJB:6:B00AE07H0M,ALOWEXH7NJVJB,head,96,8,1,-0.05957794189453125,3,1,1
ALPDNNJCJ22DG:5:B000C234ZY,ALPDNNJCJ22DG,head,99,8,1,-2.6742329597473145,,0,1
ALX6TKL1GRPMV:2:B004X8K93S,ALX6TKL1GRPMV,tail,97,8,1,-0.5004768371582031,,0,1
AM4P119PWPRYX:8:B00C2AYH3W,AM4P119PWPRYX,tail,95,8,1,-1.6739082336425781,,0,1
AMDGNMLFVVMVY:6:B005UL1B34,AMDGNMLFVVMVY,head,96,8,1,-2.306293472647667,17,1,1
AMW8468AAG6RS:3:B002C7487U,AMW8468AAG6RS,tail,94,8,1,-0.0996551513671875,1,1,1
AMWC81F6KKKCA:5:B005MIFIW0,AMWC81F6KKKCA,tail,97,8,1,-3.6762547492980957,,0,1
AN65KG18M4SDN:19:B00JT74V1O,AN65KG18M4SDN,head,86,8,0,1.1326904296875,1,1,1
ANOBZWKE25SBY:6:B003156NFW,ANOBZWKE25SBY,head,99,8,1,-3.1808581352233887,15,1,1
ANZUL0D4RP4HE:2:B00005NFBD,ANZUL0D4RP4HE,head,99,8,1,-3.0947645902633667,,0,1
AO2DZ7WIPM74U:7:B004P2RZUC,AO2DZ7WIPM74U,tail,98,8,1,-2.1505128145217896,5,1,1
AO6PIL8RU2255:5:B0039UT9QE,AO6PIL8RU2255,head,96,8,1,-2.2632371187210083,11,1,1
AOGOBRFZ40WFO:1:B000UWDF0A,AOGOBRFZ40WFO,tail,97,8,1,-1.885040283203125,22,1,1
AOR8JZDJ65O0P:6:B0092LDWWQ,AOR8JZDJ65O0P,tail,98,8,1,-0.397125244140625,,0,1
AOZ2MGUTFOE8U:1:B007RTR9G0,AOZ2MGUTFOE8U,head,96,8,1,-2.8998411893844604,6,1,1
AP42XSKSJMNYZ:6:B0072XT8BA,AP42XSKSJMNYZ,head,98,8,1,-2.4180941581726074,36,1,1
APE9I3QPZDKQZ:2:B000OFNDOQ,APE9I3QPZDKQZ,tail,97,8,0,0.2709636688232422,6,1,1
APQYEHH5MOPI0:5:B002KMXO36,APQYEHH5MOPI0,head,99,8,1,-4.088920474052429,,0,1
APU6VNY3PJPXW:6:B003OUBGHO,APU6VNY3PJPXW,tail,98,8,1,-1.0022125244140625,,0,1
APXVA0ZDDW3FV:12:B0042P99WY,APXVA0ZDDW3FV,tail,95,8,1,-1.353729248046875,4,1,1
APYKGTU0LFICH:13:B0036BWIBO,APYKGTU0LFICH,head,95,8,1,-0.9480438232421875,,0,1
AQ69MMHHTOOOU:1:B001ET7HJI,AQ69MMHHTOOOU,tail,99,8,1,-2.763274669647217,,0,1
AQ6AGWKWMTY8H:16:B004DBXKM2,AQ6AGWKWMTY8H,tail,99,8,1,-0.9364089965820312,,0,1
AQDJ79ZSWBMH8:3:B001G0JNP6,AQDJ79ZSWBMH8,tail,97,8,1,-2.926790304481983,9,1,1
AQEJXZW1O9O7O:2:B00176B9JC,AQEJXZW1O9O7O,head,90,8,1,-2.739732801914215,9,1,1
AQLC8NJUZCB5N:1:B00147FGJ8,AQLC8NJUZCB5N,head,97,8,1,-0.37570953369140625,3,1,1
ARFLZVVXBROOK:7:B000EGIQB0,ARFLZVVXBROOK,tail,97,8,0,3.133533537387848,1,1,1
AS12AOZ971ZF1:13:B0009OAH0A,AS12AOZ971ZF1,tail,97,8,1,-4.695487916469574,,0,1
AS39CPG4KHVJW:2:B001KYNXKY,AS39CPG4KHVJW,tail,98,8,1,-4.077339172363281,,0,1
AS44QEHT3KSPK:26:B00C1006ZG,AS44QEHT3KSPK,head,98,8,1,-2.4126700460910797,27,1,1
ASSTEAWHQR78U:3:B0042NQZF0,ASSTEAWHQR78U,tail,99,8,1,-4.523872494697571,,0,1
AT53ZTTO707MB:27:B00GBL8VJY,AT53ZTTO707MB,tail,96,8,1,-1.5670927166938782,3,1,1
ATFD2SSAP1J3P:1:B00HZ7IRSI,ATFD2SSAP1J3P,head,97,8,1,-3.5058822631835938,24,1,1
ATGQFZZ3E4QRN:9:B00D42C9IC,ATGQFZZ3E4QRN,tail,95,8,0,0.24257659912109375,1,1,1
ATLO3YXU2BC16:15:B0095BWFTY,ATLO3YXU2BC16,head,95,8,1,-2.05853271484375,26,1,1
ATSR2L4FZVO8Z:38:B001MP7HYY,ATSR2L4FZVO8Z,head,94,8,1,-1.3241043090820312,,0,1
AU6W46CUQBHZR:4:B007RVHDAK,AU6W46CUQBHZR,tail,95,8,1,-1.3543319702148438,,0,1
AUYKXRJOPHWG2:2:B00CP2IYU4,AUYKXRJOPHWG2,tail,100,8,1,-2.3129310607910156,,0,1
AV2MCBAFW1HXC:1:B002SPVA7M,AV2MCBAFW1HXC,tail,99,8,1,-1.9150242805480957,,0,1
AVAL1T27UJ5HD:14:B00HSNWXYI,AVAL1T27UJ5HD,head,96,8,1,-4.070670902729034,25,1,1
AVM6OR01CPJNQ:2:B004D8T7F4,AVM6OR01CPJNQ,tail,93,8,1,-5.194820627570152,30,1,1
AVOKU5ACZSB0J:1:B005FJQQMC,AVOKU5ACZSB0J,head,100,8,1,-2.8023987412452698,,0,1
AWNQ2PULUBHDH:8:B00AF9DGMA,AWNQ2PULUBHDH,tail,97,8,1,-1.1678236722946167,3,1,1
AXAVI6G8H4EOV:2:B006MAPN4K,AXAVI6G8H4EOV,tail,96,8,1,-2.4820613861083984,20,1,1
AXKR8PE6G5BQ0:2:B001H9275Y,AXKR8PE6G5BQ0,head,96,8,1,-3.5372430086135864,,0,1
AXLUXXK1DLIYZ:2:B00BJ0QHFW,AXLUXXK1DLIYZ,tail,99,8,1,-2.5752034187316895,,0,1
AXR3CV6A4FMBG:9:B003V21WO2,AXR3CV6A4FMBG,head,96,8,0,1.1491661071777344,1,1,1
AXZ746UBDPNO6:3:B0049D54NW,AXZ746UBDPNO6,tail,92,8,1,-6.273116946220398,,0,1
AY2RRT8235Y19:2:B000HGW7G2,AY2RRT8235Y19,tail,99,8,1,-1.8122940063476562,,0,1
AZQGJ5CEAJGXB:5:B00AWLB9EI,AZQGJ5CEAJGXB,head,97,8,1,-2.2723389863967896,29,1,1
AZTYMMD36CXY2:2:B004XA81OU,AZTYMMD36CXY2,tail,97,8,1,-2.522155284881592,,0,1
AZVM27SJPO3GL:2:B0043OYFKU,AZVM27SJPO3GL,head,99,8,1,-3.6006778478622437,20,1,1
