sample_key,user_id,target_group,history_length,competitive_steps,full_legal_ce,best_removal_improvement,oldest_removal_improvement,most_recent_removal_improvement,oracle_advantage_over_oldest,has_harmful_passage
A100WO06OQR8BQ:33:B002MO780W,A100WO06OQR8BQ,head,20,3,1.3535235325494643,0.10509030024214394,-0.04905033111568491,-0.18484612305965697,0.15414063135782885,1
A10G136JEISLVR:10:B00154P3QQ,A10G136JEISLVR,tail,10,2,5.669081926345825,0.1162259578704834,-0.025525808334350586,0.05311846733093262,0.14175176620483398,1
A10HZRDNCSKJRS:7:B007ROD2P2,A10HZRDNCSKJRS,tail,7,3,2.878824877271351,0.04168771122931503,-0.23613560852633508,-1.0082976785197388,0.2778233197556501,0
A10UHQH1YL5Q6B:8:B000JL7Z5S,A10UHQH1YL5Q6B,head,8,3,1.8874619674558442,0.128658037322263,0.10774581972509623,0.128658037322263,0.02091221759716677,1
A112TFLXGBF6NI:8:B002L6NZHG,A112TFLXGBF6NI,head,8,2,2.654284119606018,0.24193894863128662,0.13037371635437012,0.24193894863128662,0.1115652322769165,1
A12VPAGE4NL1YP:16:B003VMV7D8,A12VPAGE4NL1YP,head,16,5,0.3564216461032629,0.01392499841749667,-0.6784275446087121,-0.15850034687900916,0.6923525430262087,0
A12ZI9PVPM278F:9:B0094GHKFE,A12ZI9PVPM278F,tail,9,3,3.061283906300863,0.08579039573669434,0.08579039573669434,-0.36206046740214015,0.0,1
A13IIPSGKZZTFP:9:B009RNUH7C,A13IIPSGKZZTFP,tail,9,4,1.8315408905036747,0.01729135331697762,-0.02128214528784156,-0.3914022920653224,0.03857349860481918,0
A13LHBUYIK9TMC:23:B00GP2N66W,A13LHBUYIK9TMC,head,20,2,2.720295786857605,0.657331109046936,0.12001156806945801,0.657331109046936,0.537319540977478,1
A13M9XSQ4O6NLY:8:B0063A432W,A13M9XSQ4O6NLY,head,8,3,0.8035695484383419,0.027323647009325214,0.027323647009325214,-0.6614958461868811,0.0,0
A14MIG0KAPGSSF:8:B007BLN17K,A14MIG0KAPGSSF,head,8,3,1.3956358693540096,0.10213786674042535,-0.030088712771733528,-0.10152016455928492,0.13222657951215888,1
A15T9G38F589KM:15:B00A0IWRU8,A15T9G38F589KM,head,15,4,1.2054668962955404,0.027293413877487183,0.005374550819396973,-0.011908888816797969,0.02191886305809021,0
A15V46DLC5ODBH:7:B009GIOVKC,A15V46DLC5ODBH,head,7,2,3.619115114212036,0.10638880729675293,0.03635549545288086,0.008754611015319824,0.07003331184387207,1
A1636XD3R40LB6:7:B006HKE2TC,A1636XD3R40LB6,tail,7,2,7.489902496337891,0.17903757095336914,-0.0049245357513427734,-0.2475447654724121,0.18396210670471191,1
A16AXQ11SZA8SQ:13:B000FLJQTA,A16AXQ11SZA8SQ,tail,13,2,3.367694854736328,0.04640793800354004,-0.005732417106628418,-0.14725124835968018,0.05214035511016846,0
A16PXQTJ20GO75:8:B007BETSM4,A16PXQTJ20GO75,tail,8,3,0.28893227378527325,0.07044492413600287,0.013887817040085793,-1.518124590317408,0.056557107095917075,1
A184ZFZZBWEXMS:22:B00C67E3GW,A184ZFZZBWEXMS,head,20,3,0.8409425020799972,0.03064521198393777,-0.029444763068264934,-0.41365959850372747,0.060089975052202704,0
A18YRSWGVSOVOZ:6:B007B469MG,A18YRSWGVSOVOZ,tail,6,3,1.1336180802124243,0.03714362167132412,0.014715646548817629,-1.0340059165221949,0.022427975122506494,0
A190J9MAAVHA8D:6:B00683JILU,A190J9MAAVHA8D,head,6,3,1.7356219788392384,0.2356833120187123,-0.07208631436030077,0.2356833120187123,0.30776962637901306,1
A19685KC5TI7HY:6:B004TTXMQ2,A19685KC5TI7HY,tail,6,2,2.973394989967346,0.07432472705841064,-0.20054268836975098,-1.169439435005188,0.2748674154281616,1
A19ACDIQPD3ERF:12:B004Z1L3JC,A19ACDIQPD3ERF,tail,12,4,1.3810943993739784,0.044037876185029745,0.002524300944060087,-0.8471156698651612,0.04151357524096966,0
A19E7ZX9RYUI3F:7:B003GDBEBM,A19E7ZX9RYUI3F,tail,7,3,3.109014352162679,0.12495764096577977,-0.03389088312784816,0.12495764096577977,0.15884852409362793,1
A19KLWTEW9KRJ8:5:B007LANY2S,A19KLWTEW9KRJ8,head,5,2,4.196332931518555,0.06704533100128174,0.003647923469543457,-0.7051272392272949,0.06339740753173828,1
A19SDJ2TSSL8HI:8:B000052YJM,A19SDJ2TSSL8HI,head,8,3,2.5218384166558585,0.39999498178561543,-0.21858301510413458,0.08211128537853574,0.61857799688975,1
A19UTUEBWKIZFT:52:B006RFZ81S,A19UTUEBWKIZFT,head,20,3,1.1482616265614827,0.16213781759142865,-0.17371780176957463,0.16213781759142865,0.3358556193610033,1
A19WEEGB05YAZ3:28:B00GTC0DYQ,A19WEEGB05YAZ3,head,20,2,0.21224486688151956,0.04115241253748536,0.0006148410029709339,-2.3094339384697378,0.04053757153451443,0
A19XFJFZ7PRSD2:8:B005M4GDKU,A19XFJFZ7PRSD2,tail,8,2,6.39317512512207,0.7214791178703308,0.044821739196777344,0.7214791178703308,0.6766573786735535,1
A19ZYWIWRT7TJF:7:B0006PJSSO,A19ZYWIWRT7TJF,tail,7,2,1.4446475207805634,0.0811980664730072,-0.26364484429359436,-4.945352524518967,0.34484291076660156,1
A1AG4U1Z7GQUTV:5:B004DIUWAI,A1AG4U1Z7GQUTV,head,5,3,1.8781277139981587,0.017387986183166504,-0.2639410396416981,-0.22864025831222556,0.28132902582486463,0
A1AHG23GNXBYYY:15:B005UL6QDO,A1AHG23GNXBYYY,tail,15,2,0.04600825533259467,0.024987606331706047,0.003588695079088211,-7.020710084587449,0.021398911252617836,0
A1AHTRLLNVXGLW:5:B00876T3W0,A1AHTRLLNVXGLW,head,5,2,1.5502026826143265,0.03710351884365082,-0.013998672366142273,-1.63865827023983,0.05110219120979309,0
A1AK356546890Q:6:B005TI7L6O,A1AK356546890Q,head,6,3,1.2504150452441536,0.014911585332204824,-0.03940425471713138,-0.14469464935245924,0.054315840049336206,0
A1APERZNMEU8PW:5:B006ZUNMLS,A1APERZNMEU8PW,tail,5,4,2.339435636997223,0.0911206603050232,-0.004336804151535034,0.0911206603050232,0.09545746445655823,1
A1B38RE10GQC4U:9:B005I64ZDY,A1B38RE10GQC4U,tail,9,3,2.370254168907801,0.46756947537263227,-0.06998452544212341,0.46756947537263227,0.5375540008147557,1
A1BA5TYY7QSZVV:12:B004510MT4,A1BA5TYY7QSZVV,tail,12,2,2.7254209518432617,0.39995840191841125,-0.008687257766723633,0.39995840191841125,0.4086456596851349,1
A1BHYUFWRTEKVP:13:B004NMTMUK,A1BHYUFWRTEKVP,head,13,6,0.5578575916588306,0.047091906269391415,-0.003037704775730732,-0.3775620485345522,0.05012961104512215,0
A1BYTWGKRF0LGJ:5:B000UO9POI,A1BYTWGKRF0LGJ,tail,5,2,4.458564877510071,-0.04277241230010986,-0.18999946117401123,-0.11768233776092529,0.14722704887390137,0
A1CEY9FUPMW9ZI:8:B0058P6S2Q,A1CEY9FUPMW9ZI,head,8,3,0.355863043863792,0.09674513402084511,-0.02278616389958188,-0.26050924930799135,0.119531297920427,1
A1CFB02LQOTYI1:9:B008UA2PYG,A1CFB02LQOTYI1,tail,9,3,2.2525877952575684,0.08057401577631618,0.08057401577631618,-0.0005889137585959325,0.0,1
A1CI63P473W5RJ:5:B0092SVTGA,A1CI63P473W5RJ,head,5,4,0.9391060583293438,0.13402628991752863,-0.15414870530366898,0.13402628991752863,0.2881749952211976,1
A1CRXCI3SAVCGV:11:B0035RKSYS,A1CRXCI3SAVCGV,tail,11,2,4.6285741329193115,0.09507536888122559,0.09507536888122559,-1.8099669218063354,0.0,1
A1DAFWS98LQD2R:26:B004JLEGTC,A1DAFWS98LQD2R,tail,20,4,1.6903026464860886,0.0710416145157069,-0.002692761365324259,-0.12097808416001499,0.07373437588103116,1
A1DC1O4VX6AHPP:15:B0098JU8TW,A1DC1O4VX6AHPP,head,15,2,2.885716736316681,0.3228970170021057,0.039923667907714844,0.3228970170021057,0.28297334909439087,1
A1DCNXNF0JWB5T:19:B006L16BHS,A1DCNXNF0JWB5T,head,19,4,1.7043066048427136,0.12849337132502114,-0.017208771612786222,0.12849337132502114,0.14570214293780737,1
A1E50L7PCVXLN4:14:B00JR4FOLA,A1E50L7PCVXLN4,tail,14,2,3.019440770149231,0.15124058723449707,-0.08546078205108643,-3.078393340110779,0.2367013692855835,1
A1EGI4DHOH1GE:5:B00ATWDTIE,A1EGI4DHOH1GE,head,5,3,2.0408398509025574,0.16607671976089478,-0.04487643639246608,0.16607671976089478,0.21095315615336085,1
A1F7YU6O5RU432:90:B00IFVHJCI,A1F7YU6O5RU432,tail,20,3,0.12372016792263214,0.022912611727103155,-0.041195362959721635,-3.3355789990746416,0.06410797468682479,0
A1FQ3HRVXA4A5B:6:B00IH49VBU,A1FQ3HRVXA4A5B,head,6,3,1.3375441796767216,0.1814851496989529,-0.021978759866518205,-0.03228547463974474,0.2034639095654711,1
A1FR87EBHPZHBJ:21:B002VCJHU4,A1FR87EBHPZHBJ,tail,20,5,0.7442504197359086,0.07865646779537205,0.03247097432613377,-0.4348616868257522,0.04618549346923828,1
A1FTR9SRY3EMLB:6:B001J4IM5G,A1FTR9SRY3EMLB,tail,6,3,0.49740071098009747,0.015472263097763062,0.0029092033704122278,-2.243401974439621,0.012563059727350834,0
A1FWAXD75PZR05:6:B001E6O8WU,A1FWAXD75PZR05,head,6,3,2.038640416537722,0.08950379828456811,-0.011131792872522972,-0.14446989970747381,0.10063559115709109,1
A1GW922HWTQRNC:11:B001ABLKK2,A1GW922HWTQRNC,head,11,2,2.0500175952911377,0.4471482038497925,-0.17247682809829712,-0.5264965891838074,0.6196250319480896,1
A1GY9PNKENH32D:5:B000QUM5LG,A1GY9PNKENH32D,head,5,3,2.9693807549774647,0.13333422781821946,-0.052014037074210595,-0.17185971086534346,0.18534826489243006,1
A1HD0BF7SJH4CG:12:B002RS6L10,A1HD0BF7SJH4CG,tail,12,2,4.366871356964111,0.17923974990844727,0.17923974990844727,-0.5781271457672119,0.0,1
A1HOPKK8E3MIX6:35:B00115TXRE,A1HOPKK8E3MIX6,tail,20,4,1.5533073442056775,0.05696109216660261,-0.05247071385383606,-0.25783167872577906,0.10943180602043867,1
A1I0VUDG1OCC82:7:B001GNBW0W,A1I0VUDG1OCC82,head,7,2,4.373074531555176,0.46848058700561523,0.051342129707336426,0.46848058700561523,0.4171384572982788,1
A1I2M9BG7J3BRF:13:B006T8BWOA,A1I2M9BG7J3BRF,head,13,2,2.9173699617385864,0.10449522733688354,0.015184640884399414,-0.42765116691589355,0.08931058645248413,1
A1ILWPH1GHUXE2:8:B009FKNGRA,A1ILWPH1GHUXE2,head,8,4,1.7429708202253096,0.06113913609806332,-0.04097974058822729,-0.05257261165206728,0.1021188766862906,1
A1IR201ES7ATEP:5:B0069FDR96,A1IR201ES7ATEP,head,5,3,1.378554493188858,0.0802729489902656,0.03954845046003652,-0.48456793278455734,0.04072449853022908,1
A1IREJVK1WBRXF:12:B0000535RC,A1IREJVK1WBRXF,tail,12,3,2.8532263284238675,0.10620060989943614,-0.016723658734311808,-0.03843369660899043,0.12292426863374795,1
A1J1451U7NXL8E:5:B00JNI1DZQ,A1J1451U7NXL8E,tail,5,2,2.4556381879374385,0.016275253146886826,-0.010966702364385128,-0.10511107463389635,0.027241955511271954,0
A1JOANG98KBFKU:12:B003V265QW,A1JOANG98KBFKU,head,12,3,1.6720010042190552,0.22063642678161455,-0.015927885969479805,-0.5157858630021415,0.23656431275109435,1
A1KXONFPU2XQ5K:30:B00HSNWXV6,A1KXONFPU2XQ5K,head,20,2,1.694658100605011,0.21873950958251953,0.015738248825073242,-0.989602267742157,0.2030012607574463,1
A1LW6AUNFNF890:5:B00385WMK0,A1LW6AUNFNF890,tail,5,2,5.044894814491272,0.1185445785522461,0.030805230140686035,-0.3294295072555542,0.08773934841156006,1
A1MI1I73Z5J9MI:16:B00112AJ5C,A1MI1I73Z5J9MI,tail,16,3,1.4202889278531075,0.023498376210530525,-0.030285951991875892,-2.27845413548251,0.05378432820240642,0
A1NHAZLR9R38H:5:B0049CUIWA,A1NHAZLR9R38H,tail,5,4,1.738759484142065,0.047589678317308426,0.01684221252799034,-0.3073803298175335,0.030747465789318085,0
A1NHB2VC68YQNM:22:B00CEPM91M,A1NHB2VC68YQNM,head,20,2,1.901928976571071,0.3428539697342785,0.04334707157977391,0.3428539697342785,0.2995068981545046,1
A1NJ1ZGIENPM7A:5:B000JWM7FA,A1NJ1ZGIENPM7A,head,5,3,1.3013933698336284,0.09748772780100512,-0.05403831601142883,-0.506868024667104,0.15152604381243395,1
A1NRAKBX91K3SF:6:B001B7CJDM,A1NRAKBX91K3SF,tail,6,2,6.070177316665649,0.14179277420043945,0.14179277420043945,-0.17527318000793457,0.0,1
A1NTOJIK31EBU7:5:B004MGAGP2,A1NTOJIK31EBU7,head,5,4,1.3203606663737446,0.13620305876247585,-0.11190843279473484,0.0031301078852266073,0.24811149155721068,1
A1O9UKL52DIGJA:8:B00150LT40,A1O9UKL52DIGJA,head,8,4,1.408137439051643,0.07752502209041268,0.008053335594013333,-1.374247239320539,0.06947168649639934,1
A1ODOGXEYECQQ8:30:B0020122ZS,A1ODOGXEYECQQ8,head,20,2,2.6745673418045044,0.14160728454589844,-0.0210343599319458,0.10598784685134888,0.16264164447784424,1
A1OS4KPCCWY936:26:B00KHGIK54,A1OS4KPCCWY936,head,20,3,0.4166679823150237,0.03995780895153678,0.03995780895153678,-0.24954854060585302,0.0,0
A1OVD6VCG9NN35:9:B0015E5YX8,A1OVD6VCG9NN35,tail,9,2,1.1430418491363525,0.10282778739929199,-0.10866081714630127,-5.808980941772461,0.21148860454559326,1
A1P5QZJB3QWL0B:6:B00AO4EMKQ,A1P5QZJB3QWL0B,head,6,4,1.4512531999498606,0.03344295173883438,0.02680744044482708,0.03344295173883438,0.006635511294007301,0
A1PAGHECG401K1:6:B000GX4BSS,A1PAGHECG401K1,tail,6,3,2.363474796215693,0.08351552486419678,0.08351552486419678,-0.016038070122401216,0.0,1
A1QBOC76MIOJYP:39:B007RTR9G0,A1QBOC76MIOJYP,head,20,2,1.4650795459747314,0.05290096998214722,-0.03002244234085083,-0.013868629932403564,0.08292341232299805,1
A1QO88MU0PYJON:6:B001D0IWEC,A1QO88MU0PYJON,head,6,2,0.8225981369614601,0.06570379808545113,-0.020523693412542343,-0.4415558949112892,0.08622749149799347,1
A1QODBWBN5U9YE:5:B0041K91FK,A1QODBWBN5U9YE,tail,5,2,0.11905024200132175,0.04255969822429506,-0.06989338247512933,-2.26763845964706,0.11245308069942439,0
A1QRRMR2MQCN5:7:B00HSNWXTI,A1QRRMR2MQCN5,head,7,3,1.5876437822914038,0.05643546581692749,-0.014849384626662188,-0.1457033554561349,0.07128485044358968,1
A1QT3N5FUQ4I47:22:B00C0CVAY6,A1QT3N5FUQ4I47,tail,20,3,1.9781208770970504,0.5573654460410278,0.011357477555672402,0.5573654460410278,0.5460079684853554,1
A1QTICTBQKS6I6:26:B003IXP6P0,A1QTICTBQKS6I6,head,20,4,1.427177813835442,0.1352787809446454,-0.03443116694688797,-0.27076933812350035,0.16970994789153337,1
A1QV5IH6HDRN0L:17:B000WTHKVQ,A1QV5IH6HDRN0L,head,17,2,1.7178290486335754,0.0704004168510437,-0.06830257177352905,-0.8228949904441833,0.13870298862457275,1
A1QXWM5P0CT45:10:B00AE07CT8,A1QXWM5P0CT45,head,10,3,0.6568484281500181,0.09069196196893858,0.022963635623455048,-0.9910900518298148,0.06772832634548354,1
A1QZ9EE6391HEP:10:B001KYQA1S,A1QZ9EE6391HEP,head,10,3,2.3967981232951083,0.07637737256785204,0.01278274071713259,0.032464068693419,0.06359463185071945,1
A1R8ZJLQ569BYU:10:B008C130XS,A1R8ZJLQ569BYU,head,10,2,3.667160987854004,0.09221845865249634,-0.000870048999786377,0.09221845865249634,0.09308850765228271,1
A1ROZSS0KIE0CC:17:B006MRM2TW,A1ROZSS0KIE0CC,head,17,2,5.621896505355835,0.08285260200500488,0.06414079666137695,-0.13384485244750977,0.01871180534362793,1
A1S40CBMJJU7:6:B000LW1I2Q,A1S40CBMJJU7,tail,6,2,9.155935049057007,0.14652085304260254,-0.16206717491149902,0.11456775665283203,0.30858802795410156,1
A1T5SIV8M5N7LB:17:B008148R8E,A1T5SIV8M5N7LB,tail,17,3,3.4417285124460855,0.2222574154535928,-0.029596646626790513,-0.26425687472025583,0.2518540620803833,1
A1TNOFHQ4OW508:9:B005OFAARY,A1TNOFHQ4OW508,tail,9,3,0.6881497098365799,0.01936515001580119,0.0006645369188239547,-4.94122344321416,0.018700613096977237,0
A1TW2N6WG0XAAU:8:B002LSTMB2,A1TW2N6WG0XAAU,tail,8,2,2.0559264421463013,0.09573239088058472,-0.21099793910980225,-1.5369240045547485,0.30673032999038696,1
A1U2HFSCT74J1R:23:B0048ICI3C,A1U2HFSCT74J1R,tail,20,2,3.8814966678619385,0.14646530151367188,-0.6636533737182617,0.14646530151367188,0.8101186752319336,1
A1UM1LLZ4AW68A:7:B0034E702U,A1UM1LLZ4AW68A,tail,7,4,1.2118584513664175,0.035439252853393555,-0.001243889331817627,-2.3667264580726695,0.03668314218521118,0
A1UUQ1GHSO2QTU:9:B002XITZ6W,A1UUQ1GHSO2QTU,tail,9,3,0.8000817472639028,0.09538007743928267,0.02697480932692997,-4.861879251907037,0.0684052681123527,1
A1UWSU5ETQRQKX:12:B00AE07IEM,A1UWSU5ETQRQKX,head,12,2,1.9050942659378052,0.5255354642868042,0.00021588802337646484,0.5255354642868042,0.5253195762634277,1
A1V1EP514B5H7Y:38:B00FRDPP6O,A1V1EP514B5H7Y,tail,20,3,0.06449520015909609,0.012960782223672147,-0.003700830046000192,-1.361124402044273,0.01666161226967234,0
A1VDX3M5KAZKY7:10:B0013L3XMM,A1VDX3M5KAZKY7,head,10,3,3.7682118117809296,0.12218352158864354,-0.24225527296463678,0.12218352158864354,0.3644387945532803,1
A1VUUBLDB2QP7N:6:B001AZIY6Q,A1VUUBLDB2QP7N,tail,6,3,2.4688792626063027,-0.005613485972086885,-0.1256318489710493,-0.3464693824450178,0.1200183629989624,0
A1VW9L2KWNUURJ:6:B001B7GJ2E,A1VW9L2KWNUURJ,head,6,3,2.330322620769342,0.2073438735678792,0.03013229703841125,0.2073438735678792,0.17721157652946795,1
A1VWX0NPENPNWR:8:B005OTEH3S,A1VWX0NPENPNWR,tail,8,2,7.585830926895142,0.06452727317810059,-0.03075122833251953,-0.5336825847625732,0.09527850151062012,1
A1W31W7O8D5EW:18:B001P24VEI,A1W31W7O8D5EW,tail,18,3,0.16268498698157904,0.016505599021760048,-0.001972556113893603,-5.396529247033413,0.01847815513565365,0
A1W7BLYXHXWUYU:6:B005HIH7YM,A1W7BLYXHXWUYU,head,6,4,1.3962405705824494,0.059580379631370306,0.003611708991229534,0.059580379631370306,0.05596867064014077,1
A1W7BPELKI494R:5:B00G5WO2VK,A1W7BPELKI494R,head,5,2,1.5126252174377441,0.03613924980163574,0.03613924980163574,-0.4303886890411377,0.0,0
A1W9OSF4ZWL94R:28:B00IIBB7A0,A1W9OSF4ZWL94R,tail,20,3,0.9566834602737799,0.2037303536587084,0.010042906079130831,-2.663341936073266,0.19368744757957757,1
A1WA6BR7VO71QQ:10:B008X4RE36,A1WA6BR7VO71QQ,tail,10,2,5.371169090270996,0.22760009765625,-0.024752140045166016,-1.3405072689056396,0.252352237701416,1
A1WSQ0QRWQC7VI:11:B005TI7LB4,A1WSQ0QRWQC7VI,head,11,3,1.6642623605827491,0.04383589141070843,-0.03649346592525626,-0.006841350346803665,0.08032935733596469,0
A1X3ESYZ79H59E:46:B00AE07FUE,A1X3ESYZ79H59E,head,20,2,1.5260561108589172,0.08961433172225952,0.022553324699401855,-1.2672098278999329,0.06706100702285767,1
A1X5E11UND3CD4:14:B005IY2IHG,A1X5E11UND3CD4,tail,14,4,0.2727111936546862,0.01204342907294631,-0.00030668638646424995,-6.310785317327827,0.01235011545941056,0
A1X9Q4I1NUPRHN:9:B0000C0XL8,A1X9Q4I1NUPRHN,head,9,3,2.8752205769220986,0.056884586811065674,0.028024633725483916,0.056884586811065674,0.028859953085581758,1
A1YEMA3KHCVSEZ:9:B00154P3QQ,A1YEMA3KHCVSEZ,tail,9,2,5.025203704833984,0.1564178466796875,-0.16230106353759766,-0.15390992164611816,0.31871891021728516,1
A1YSA2U70V9E21:17:B007UZO2G6,A1YSA2U70V9E21,head,17,3,0.6816854396214088,0.2547661531721133,-0.00527528921278031,0.2547661531721133,0.26004144238489363,1
A1YW778P40UHY1:12:B003SYYEG6,A1YW778P40UHY1,tail,12,2,5.376082420349121,0.22325849533081055,0.05419778823852539,-0.2407982349395752,0.16906070709228516,1
A1ZENB34HH2EIM:8:B005TI7LD2,A1ZENB34HH2EIM,head,8,2,1.0433145388960838,0.026904895901679993,0.0009456127882003784,-0.4352356567978859,0.025959283113479614,0
A1ZONPVLYPO1MT:5:B00DAYGJVW,A1ZONPVLYPO1MT,tail,5,2,4.049264311790466,0.16488969326019287,0.16488969326019287,0.12940406799316406,0.0,1
A1ZRD3WNHP8O3T:20:B0071GQ78U,A1ZRD3WNHP8O3T,tail,20,2,6.9670729637146,0.8755620718002319,0.14917922019958496,0.8755620718002319,0.726382851600647,1
A200Z8R9KMMYYB:6:B006FRS9O6,A200Z8R9KMMYYB,head,6,3,1.1172529757022858,0.1185635129610697,-0.020556539297103882,0.1185635129610697,0.1391200522581736,1
A20HKT7NCHNR65:16:B000VPPUEA,A20HKT7NCHNR65,head,16,3,1.9390472977732618,0.1243376461789012,0.004068694543093443,-0.02806062669939524,0.12026895163580775,1
A20KJABXJLXG9G:5:B00121UVU0,A20KJABXJLXG9G,head,5,3,1.9039781503379345,0.04276788979768753,0.04276788979768753,-0.06333908935387922,0.0,0
A216IDOSTSO8OO:5:B006U420FS,A216IDOSTSO8OO,tail,5,4,2.400909053743817,0.15105396835133433,0.13767461420502514,-0.26756106154061854,0.013379354146309197,1
A217PCW72U1ULQ:7:B005C3SNVS,A217PCW72U1ULQ,tail,7,3,3.6524303356806436,0.06172712643941214,-0.08733566602071141,-0.5273922681808476,0.14906279246012355,1
A21C05ZSO2HH09:5:B004L18FY2,A21C05ZSO2HH09,tail,5,3,4.264973560969035,0.5012244383494062,-0.20878084500630667,0.5012244383494062,0.7100052833557129,1
A21EDMG94ID7D:12:B00D86VPHK,A21EDMG94ID7D,head,12,2,2.024454817874357,0.014021082781255245,0.011437688721343875,-0.24270130624063313,0.0025833940599113703,0
A21P8RKP4HRO1W:6:B002UBVZYC,A21P8RKP4HRO1W,tail,6,3,3.178089718023936,0.0881657997767129,-0.01992573340733861,0.003830293814341079,0.10809153318405151,1
A21PJ01XMG8H45:6:B003JUY38I,A21PJ01XMG8H45,tail,6,3,2.5920478304227195,0.024425655603408813,-0.08093108733495047,-0.17919435103734305,0.10535674293835928,0
A21SESEJ8E52B7:8:B00ALV8EJM,A21SESEJ8E52B7,head,8,4,0.18122571412823163,0.015866318375628907,0.010864674994081724,-1.5856114673952106,0.005001643381547183,0
A21VGNU5959O85:38:B00EYZY5VC,A21VGNU5959O85,head,20,2,1.553892396390438,0.03761480748653412,0.025171563029289246,-0.4745025411248207,0.012443244457244873,0
A224KM22RQ5CD4:15:B004FLR418,A224KM22RQ5CD4,tail,15,2,7.636923789978027,0.7952625751495361,-0.11760592460632324,0.7952625751495361,0.9128684997558594,1
A228NL6M5TLOAL:5:B009RNUH8G,A228NL6M5TLOAL,tail,5,4,1.26244380697608,0.17718558385968208,0.05169963091611862,-1.2363292761147022,0.12548595294356346,1
A22J92A80WI059:11:B007JWZL3I,A22J92A80WI059,tail,11,2,3.7429516315460205,0.060491979122161865,-0.10625720024108887,-0.8550529479980469,0.16674917936325073,1
A22KF5KPBPD872:14:B007RTR9E2,A22KF5KPBPD872,head,14,2,2.3438782691955566,0.2310791015625,0.0715254545211792,0.2310791015625,0.1595536470413208,1
A22KMCKYE5KQ2X:26:B004BCT7G6,A22KMCKYE5KQ2X,head,20,3,1.5194902221361797,0.1086307168006897,-0.025209248065948486,-0.19151821732521057,0.13383996486663818,1
A22QOZZLLIMW6I:5:B005UBN5AQ,A22QOZZLLIMW6I,head,5,3,1.4456421832243602,0.049733005464076996,0.008912821610768784,-0.18701659639676405,0.04082018385330821,0
A22YJ5L9ER0FJC:5:B008EKY8VK,A22YJ5L9ER0FJC,head,5,2,4.160844683647156,0.2635725736618042,0.07367658615112305,-0.37268924713134766,0.18989598751068115,1
A2319UZ54A8WGL:20:B000NRQ89M,A2319UZ54A8WGL,tail,20,2,5.61656129360199,0.17145884037017822,-0.1798001527786255,-0.5817810297012329,0.3512589931488037,1
A234X1MVIMPMMC:26:B00ATY942M,A234X1MVIMPMMC,head,20,2,2.47286057472229,0.10977780818939209,-0.3338329792022705,0.10977780818939209,0.4436107873916626,1
A235UFZGCFN3J5:27:B00BV5EX88,A235UFZGCFN3J5,head,20,3,1.7650733003295802,0.09862383615109138,0.07528125160024501,-1.5825556426716505,0.023342584550846368,1
A237EZHUI40SAJ:5:B000PHUKEE,A237EZHUI40SAJ,head,5,3,2.3338234027226767,0.24163047472635935,0.03617958227793405,0.24163047472635935,0.2054508924484253,1
A23E9ZPS2RQZS0:13:B007L0CBZO,A23E9ZPS2RQZS0,head,13,2,4.6678361892700195,0.1648693084716797,-0.08966660499572754,-0.11935210227966309,0.2545359134674072,1
A23UA9TNKZ6SB9:5:B00028OU5Q,A23UA9TNKZ6SB9,tail,5,2,5.0643086433410645,0.12661290168762207,-0.026870012283325195,0.0914914608001709,0.15348291397094727,1
A23ZNGL704AW7O:18:B003GC4GHM,A23ZNGL704AW7O,tail,18,3,1.284560610850652,0.03529655933380127,-0.8169373497366907,-0.6816569864749908,0.852233909070492,0
A24H7H89DXSYTI:5:B007L8QLU2,A24H7H89DXSYTI,tail,5,3,0.6189069161191583,0.07564911091079318,-0.07121799855182565,-2.2385264853946865,0.14686710946261883,1
A24VASNAOK0TY:12:B007WR91F4,A24VASNAOK0TY,tail,12,3,4.388083658957233,0.11329700324373881,-0.04070429888088256,-0.12271207749533186,0.15400130212462138,1
A24X7HDKJBRKWP:9:B00JL2TURM,A24X7HDKJBRKWP,head,9,4,0.9662635623253664,0.2578411697327283,-0.017431646579098015,0.2578411697327283,0.2752728163118263,1
A250RUL0S744OM:17:B00I2495QG,A250RUL0S744OM,head,17,2,0.3518659919500351,0.06201964616775513,-0.00688423216342926,-0.6169411092996597,0.06890387833118439,1
A255S4FUADBMZ0:5:B002XQ1YT0,A255S4FUADBMZ0,head,5,3,2.5922704935073853,0.09731290241082524,0.005782621602217208,-0.07166503183543682,0.09153028080860803,1
A2582KMXLK2P06:6:B000ODNSR0,A2582KMXLK2P06,head,6,3,2.0223642092508576,-0.004509092774242163,-0.004509092774242163,-0.14137843996286392,0.0,0
A25C2M3QF9G7OQ:8:B007K449EC,A25C2M3QF9G7OQ,head,8,2,1.116111308336258,0.04158008098602295,-0.05238190293312073,-0.14332535862922668,0.09396198391914368,0
A25C5MVVCIYT5D:5:B000K7E2G6,A25C5MVVCIYT5D,head,5,2,1.0091558992862701,0.3384409546852112,-0.07644069194793701,0.3384409546852112,0.4148816466331482,1
A25GDJ31WLG4U1:7:B009FKNGGQ,A25GDJ31WLG4U1,head,7,4,0.3274483666718879,0.05293814903780003,0.05293814903780003,-0.6431019010524324,0.0,1
A25N5ZDZ5CJIPZ:5:B000260KIO,A25N5ZDZ5CJIPZ,tail,5,3,2.442858556906382,0.10497603813807155,-0.048039237658183076,-0.43039508660634374,0.15301527579625462,1
A26BDXG9KVH7SU:9:B00GTBZHUW,A26BDXG9KVH7SU,head,9,2,2.113901674747467,0.39275962114334106,-0.021598637104034424,0.39275962114334106,0.4143582582473755,1
A26WHR1IP0A250:13:B002RT71Y0,A26WHR1IP0A250,tail,13,3,3.2697783509890237,0.06522015730539943,-0.006660471359889009,0.0236378014087677,0.07188062866528844,1
A276OI0NHBYORX:17:B009G0E59M,A276OI0NHBYORX,head,17,4,1.7553232011005093,0.21496173788091255,-0.020005762625260104,0.21496173788091255,0.23496750050617266,1
A27DU9NJ3KHF0F:10:B000NGJOBC,A27DU9NJ3KHF0F,tail,10,2,4.704395413398743,0.13267970085144043,0.028528571128845215,-0.4587944746017456,0.10415112972259521,1
A27E44IWS3B7VD:16:B004Q8GYES,A27E44IWS3B7VD,head,16,3,1.8159294029076893,0.3655576854944229,0.06075130899747205,0.3655576854944229,0.30480637649695086,1
A27JMU4CHS8MM0:5:B002B8VE4U,A27JMU4CHS8MM0,tail,5,5,1.3821491479873658,0.02288399636745453,0.02288399636745453,-0.18609437718987465,0.0,0
A27L11UKO4KQUE:10:B004CDQ73K,A27L11UKO4KQUE,tail,10,3,3.399630998571714,0.058082133531570435,0.001856456200282075,-1.8520521074533458,0.05622567733128836,1
A281NPSIMI1C2R:55:B000F63TW0,A281NPSIMI1C2R,head,20,3,0.974838932355245,0.07547785838445031,0.02070407072703051,-0.41667192677656806,0.054773787657419803,1
A281XZHQ2MDWO7:7:B00B7ZFMA0,A281XZHQ2MDWO7,tail,7,3,0.2817838191976989,0.057640194893110674,-0.011217077573367817,-9.953023195267633,0.06885727246647849,1
A284F70PTVG7Z1:5:B003QKL5YQ,A284F70PTVG7Z1,head,5,3,2.75888454914093,0.18791158994038915,0.18791158994038915,0.12595005830129002,0.0,1
A28IBOLVCSQRLQ:11:B005JTSS6K,A28IBOLVCSQRLQ,tail,11,4,2.191175850108266,0.13768171519041061,0.006874151527881622,0.019002705812454224,0.130807563662529,1
A28IIVKXOE1ATF:7:B00A0J09C0,A28IIVKXOE1ATF,head,7,2,1.8588773012161255,0.19489678740501404,0.0024015605449676514,-0.09471789002418518,0.1924952268600464,1
A28VIMG9J06BLP:5:B00COVNG7W,A28VIMG9J06BLP,tail,5,4,2.093044511973858,0.014371883124113083,0.014371883124113083,-0.13573214411735535,0.0,0
A292V24Y5TJIIC:10:B0009EXMB6,A292V24Y5TJIIC,tail,10,2,0.7417949397568009,0.07434481375821633,0.007256569202581886,-4.319544677018712,0.06708824455563445,1
A297LJ18W4UHLT:5:B003ILUQPM,A297LJ18W4UHLT,head,5,3,0.9596443027257919,0.03671218454837799,-0.020553556581338284,-0.29810205598672224,0.057265741129716274,0
A29B2TOMJOUES3:6:B00006JT6O,A29B2TOMJOUES3,head,6,4,1.4742635390721262,0.23453298350796103,-0.18080283422023058,0.23453298350796103,0.4153358177281916,1
A29D7CG7TLY35O:6:B00D7MZ224,A29D7CG7TLY35O,tail,6,2,3.5395877361297607,0.09443032741546631,0.09443032741546631,-0.6100220680236816,0.0,1
A29DVO8KLQJCX0:7:B00KHH2VOY,A29DVO8KLQJCX0,head,7,3,0.3213613430621057,0.06471677621099536,0.00559242566487228,-1.1238123731104703,0.05912435054612308,1
A29J95UBFWESG4:20:B00FYQ6Y7I,A29J95UBFWESG4,tail,20,3,2.921959321363829,0.07922915241215378,-0.226797316184578,-0.29860877513419837,0.30602646859673177,1
A29M09QBG9TZLP:22:B003ZYM8CQ,A29M09QBG9TZLP,tail,20,3,2.8792238235473633,0.15807747840881348,0.002490242322286118,-0.25721236069997166,0.15558723608652736,1
A29NP54H9WI5TR:8:B004BCT860,A29NP54H9WI5TR,tail,8,2,5.019030570983887,0.15104174613952637,-0.05239701271057129,0.15104174613952637,0.20343875885009766,1
A2BD4PA680QAY1:6:B00CTYIMQE,A2BD4PA680QAY1,tail,6,3,1.2815094875792663,0.06676238402724266,-0.015603851526975632,-4.040041199574867,0.08236623555421829,1
A2BLRRNYU9XO9R:7:B000GCWJV0,A2BLRRNYU9XO9R,tail,7,2,5.36072039604187,0.09528160095214844,-0.11747384071350098,-0.36052966117858887,0.21275544166564941,1
A2BV6D29EIY9MY:5:B0084A5NOQ,A2BV6D29EIY9MY,tail,5,2,3.569840669631958,0.09572815895080566,-0.03510904312133789,-0.583733081817627,0.13083720207214355,1
A2C33BD9TFUW2R:5:B004TP9FHG,A2C33BD9TFUW2R,tail,5,4,1.28741209465079,0.056047634978313,0.016743669053539634,-0.7018686278024688,0.039303965924773365,1
A2C7692O3VOPJY:14:B00AQBGBJC,A2C7692O3VOPJY,tail,14,3,4.1917618115743,0.2866880098978677,-0.48349936803182025,0.2866880098978677,0.7701873779296879,1
A2C9XE9I8RSKNX:6:B006KFWPNO,A2C9XE9I8RSKNX,tail,6,2,0.13623976707458496,0.06697539240121841,0.020156636834144592,-10.622418880462646,0.04681875556707382,1
A2CF66KIQ3RKX3:6:B00A0IWSN4,A2CF66KIQ3RKX3,head,6,4,0.5614750273525715,0.011738602072000504,0.011738602072000504,-0.8785726241767406,0.0,0
A2CZPM110DW516:31:B00GTC1JVM,A2CZPM110DW516,head,20,3,1.0716540950040023,0.1579723395407201,-0.051478710025548935,0.1579723395407201,0.20945104956626903,1
A2D0M86MMZREM:6:B00154NY5S,A2D0M86MMZREM,tail,6,3,2.592456499735514,0.0341022809346514,-0.09219014644622803,-1.3380566438039145,0.12629242738087942,0
A2DLRRMRYOCLU3:18:B00A2MJFSY,A2DLRRMRYOCLU3,tail,18,2,1.4759681519353762,0.07295293011702597,0.02499263489153236,-4.499401539913379,0.04796029522549361,1
A2E1EFNIZL2FVA:7:B001J2ZXMI,A2E1EFNIZL2FVA,head,7,3,0.7451479832331339,0.05516409873962402,-0.0738379955291748,0.05516409873962402,0.12900209426879883,1
A2E52KEGFRHSJ5:9:B0018DAUKI,A2E52KEGFRHSJ5,head,9,3,1.706468219558398,0.012385119994481553,-0.0009823491175968702,-0.6152365058660505,0.013367469112078423,0
A2EBR70V6P9W0N:18:B0034ZHMRW,A2EBR70V6P9W0N,tail,18,2,6.455140590667725,0.2005937099456787,0.029424428939819336,-1.001197099685669,0.17116928100585938,1
A2EWHC4E4NJWMI:38:B006UET5UG,A2EWHC4E4NJWMI,head,20,2,2.460460066795349,0.07709378004074097,-0.17761433124542236,0.0276297926902771,0.25470811128616333,1
A2FWDBKX76ILA7:29:B0062GZB4Q,A2FWDBKX76ILA7,head,20,4,1.7256263494481345,0.08187839388841667,0.03422692418075712,-0.04772064089729611,0.047651469707659544,1
A2G1TC45S8CGXU:5:B005356O34,A2G1TC45S8CGXU,tail,5,4,1.9774150324519724,0.17438428674358875,-0.051271848147735,0.17438428674358875,0.22565613489132375,1
A2GHU8I0P3HFRW:24:B009GEUPMY,A2GHU8I0P3HFRW,head,20,2,2.1759950490923075,0.014037907145393547,-0.016308725898852572,-0.26451325879679644,0.03034663304424612,0
A2GIT4MXW79GCY:8:B007JT7AGC,A2GIT4MXW79GCY,head,8,2,4.550702095031738,0.12600940465927124,0.030421793460845947,-0.5334596037864685,0.09558761119842529,1
A2GIZHT38UVDWO:8:B004W5RCNM,A2GIZHT38UVDWO,head,8,3,0.5804145150468685,0.07261919874387479,0.016640071941461998,-2.3788090732608302,0.05597912680241279,1
A2GJBEDWM7V1JJ:5:B000EBIDJ0,A2GJBEDWM7V1JJ,tail,5,3,2.3940149943033853,0.07248089710871364,0.07248089710871364,-0.609746297200521,0.0,1
A2GOHBNQ58WOKC:10:B007E0FQ1W,A2GOHBNQ58WOKC,head,10,3,0.6645646095275879,0.29732145617405575,0.03251290321350098,0.29732145617405575,0.2648085529605548,1
A2HMLVLFUVBB7M:7:B0069FDR96,A2HMLVLFUVBB7M,head,7,3,0.4979267244537671,0.06474696286022663,0.004951607435941696,-0.1320434754403929,0.059795355424284935,1
A2HP2KYIXS7GX4:5:B0040PDKPI,A2HP2KYIXS7GX4,tail,5,4,2.255126178264618,0.058012016117572784,0.058012016117572784,-0.1323954313993454,0.0,1
A2HT05OASZO53B:6:B009LOJ5MA,A2HT05OASZO53B,head,6,3,1.1068206627387553,0.2158493864505241,0.06217712283250876,0.2158493864505241,0.15367226361801534,1
A2I05FGBTCRRB8:11:B00GTC1JVM,A2I05FGBTCRRB8,head,11,3,1.3799482583999634,0.1930633783340454,0.00013502438863111088,-0.46574699878692627,0.1929283539454143,1
A2IK5CHTYMHMRX:5:B006YFRE90,A2IK5CHTYMHMRX,tail,5,2,0.003781294449709094,0.001032977830504933,-0.0043181655810258235,-6.774580562487699,0.0053511434115307566,0
A2J1NC721YS9UC:6:B005P0W90Y,A2J1NC721YS9UC,tail,6,3,0.9921629135108864,0.021158362079101378,-0.023493026965297648,-3.6145700907412297,0.044651389044399026,0
A2JCZMRVXV13MA:5:B0069UA4GK,A2JCZMRVXV13MA,head,5,3,1.709574159855644,0.016994923663636197,-0.06955091158548976,-0.3799325333287318,0.08654583524912596,0
A2JZGJNLAZ7XSY:9:B006POOQ1E,A2JZGJNLAZ7XSY,tail,9,3,1.7376474936803181,0.01869245370229078,-0.046611905097961426,0.01869245370229078,0.0653043588002522,0
A2K08BTRLCXMTN:5:B00013YZ7U,A2K08BTRLCXMTN,tail,5,3,3.139977137247721,0.12687400976816798,-0.15346304575602243,-0.20748432477315282,0.2803370555241904,1
A2K35M5UPYN318:7:B0092SVTGA,A2K35M5UPYN318,head,7,4,1.4062498845160007,0.06695201992988586,0.0016017332673072815,-0.2706110291182995,0.06535028666257858,1
A2K70V3JE9SV7F:17:B002L6NZHG,A2K70V3JE9SV7F,head,17,2,2.887078881263733,0.6681951284408569,-0.09391415119171143,0.6681951284408569,0.7621092796325684,1
A2KUK2GLJDWAVQ:5:B00B8Z2LRQ,A2KUK2GLJDWAVQ,tail,5,2,3.824065327644348,0.039322853088378906,-0.01905238628387451,-1.270082950592041,0.05837523937225342,0
A2LRWPOU63KCW8:15:B005GDAZCE,A2LRWPOU63KCW8,tail,15,3,2.7198509176572165,0.15824672331412648,0.026081773142020204,0.12103523065646504,0.13216495017210628,1
A2LTKAPWNUNUFZ:7:B004ROW0QM,A2LTKAPWNUNUFZ,tail,7,2,1.2470710873603537,0.06146216392522774,0.038815498352107625,-6.314779460430174,0.022646665573120117,1
A2LX85V0TVHUQK:11:B002Y1Y1I0,A2LX85V0TVHUQK,tail,11,3,2.602753979464372,0.1921037696301937,-0.06863092382748892,-0.2157007368902364,0.26073469345768263,1
A2LXC5ZHHP0WXP:19:B00BB9WBC4,A2LXC5ZHHP0WXP,head,19,3,1.6907532662153244,0.2415473610162735,-0.007235815127690559,0.2415473610162735,0.24878317614396406,1
A2MTPVW8JI634V:11:B00GXBEV0A,A2MTPVW8JI634V,head,11,2,1.292406439781189,0.27883558720350266,-0.07847154140472412,0.27883558720350266,0.3573071286082268,1
A2NHBHS924DATE:8:B005KO7NK6,A2NHBHS924DATE,head,8,4,2.3640995025634766,0.03392937779426575,0.03392937779426575,-0.2054264098405838,0.0,0
A2NTDBVOZIPYRP:6:B007CY0EHG,A2NTDBVOZIPYRP,tail,6,2,0.41685280203819275,0.09770652651786804,-0.06339403986930847,-8.319943577051163,0.1611005663871765,1
A2NUBL2UYWPBWR:12:B00GXZS7AG,A2NUBL2UYWPBWR,tail,12,2,2.9860222935676575,0.03381770849227905,0.015689611434936523,-0.3167204260826111,0.01812809705734253,0
A2NZUVOGJ1DR2L:5:B0085XXNBC,A2NZUVOGJ1DR2L,tail,5,3,0.4946918376566221,0.040982686953308645,-0.0791610952777167,-6.32221556819665,0.12014378223102534,0
A2O56QHTYVTAT6:20:B0013TM9UQ,A2O56QHTYVTAT6,head,20,3,2.6973103135824203,0.13376267751057958,-0.030391524235407363,0.13376267751057958,0.16415420174598694,1
A2OBDNQ5ZYU1L8:11:B00HSNWXYI,A2OBDNQ5ZYU1L8,head,11,2,1.530201032757759,0.09585036337375641,0.004183411598205566,-1.177635595202446,0.09166695177555084,1
A2OCDK0BOW6UCY:14:B0095BWGIE,A2OCDK0BOW6UCY,head,14,2,2.3988945484161377,0.19718635082244873,0.030216217041015625,0.19718635082244873,0.1669701337814331,1
A2OJCTT5WLB2HR:16:B00A0IWRU8,A2OJCTT5WLB2HR,head,16,4,1.248263567686024,0.057729974389021166,-0.02702051401129779,0.057729974389021166,0.08475048840031896,1
A2OMBZEMV5VZRK:6:B005UBN5AQ,A2OMBZEMV5VZRK,head,6,3,2.2361195782820382,0.16030595948298743,-0.12322032948335027,-0.6214325452844305,0.2835262889663377,1
A2PN55MTK1BIL5:6:B00005B9FV,A2PN55MTK1BIL5,tail,6,4,1.4973687822530337,0.02138859039041563,-0.011817005928605795,-0.07102531241707766,0.033205596319021424,0
A2PTX32OTTTEF:6:B005IUGRBI,A2PTX32OTTTEF,head,6,3,1.786257396141688,0.06620195508003235,0.01269504427909851,-0.22763140996297193,0.05350691080093384,1
A2QNMR8164Z337:6:B003G08A9E,A2QNMR8164Z337,tail,6,3,3.049946390092373,0.04243159294128418,0.04243159294128418,-0.4268497650822005,0.0,0
A2QP4H55POTR8Q:9:B003FBMFS6,A2QP4H55POTR8Q,tail,9,3,2.9880730311075845,0.030032674471537124,-0.024753848711649873,-0.39476585388183594,0.054786523183187,0
A2R9M9ALI356JU:29:B000GIL1UE,A2R9M9ALI356JU,tail,20,3,2.8160503109296164,0.14700426657994603,0.14700426657994603,0.05913742383321141,0.0,1
A2RJZ26I30VFUZ:6:B008MJ1V3G,A2RJZ26I30VFUZ,tail,6,4,0.486795866418106,0.03583571328636026,-0.04032082603953313,-2.0648477584836655,0.07615653932589339,0
A2RKI7RPP5CJMG:5:B000C1W2DK,A2RKI7RPP5CJMG,head,5,3,3.5418904225031533,0.13373519976933768,-0.09124785661697388,-0.5141901373863225,0.22498305638631155,1
A2RP6MW2PVZO8D:14:B00CEK81YQ,A2RP6MW2PVZO8D,tail,14,3,0.2501873981285219,0.020244103623554083,-0.0689806597462545,-0.27323663432616746,0.08922476336980859,0
A2S6QCNNN8AK91:10:B00AO4E9DG,A2S6QCNNN8AK91,tail,10,4,1.9723962247371674,0.06503824889659882,0.019248053431510925,0.06503824889659882,0.04579019546508789,1
A2S7YBFPZX1IGQ:28:B000UPRSKA,A2S7YBFPZX1IGQ,head,20,3,1.4950887113809586,0.05029573043187452,0.01619211584329605,-0.6116327941417694,0.03410361458857847,1
A2S83REJR973X7:10:B002UU9Q6W,A2S83REJR973X7,head,10,3,0.8914846181869507,0.0643276572227478,0.024691840012868282,-0.9413616557916005,0.03963581720987952,1
A2SA1FQNYT0X00:5:B000RTDUOW,A2SA1FQNYT0X00,tail,5,2,4.598157286643982,0.03257972002029419,-0.05123031139373779,0.03257972002029419,0.08381003141403198,0
A2SAKBTBTR2BNB:7:B00AZBSPQA,A2SAKBTBTR2BNB,head,7,4,0.8882797937840223,0.03237765468657017,0.007496064528822899,-0.8445976097136736,0.02488159015774727,0
A2SSV6KM3W1VFD:41:B00A3Q9LPG,A2SSV6KM3W1VFD,head,20,3,0.7680915893482355,0.028307877073530108,0.014505945262499154,-0.8135839842143467,0.013801931811030954,0
A2SZLNSI5KOQJT:47:B002MOBZSS,A2SZLNSI5KOQJT,head,20,3,1.2611999712826218,0.02331850742727215,-0.041148573431807334,-0.7457766691853371,0.06446708085907948,0
A2T0A56GUCNL4S:6:B00A0MBBW4,A2T0A56GUCNL4S,tail,6,3,0.2410302265683034,0.03491280725575052,-0.012953460420249002,-2.061479260106959,0.047866267675999524,0
A2T9BT0JW2VUQ8:10:B004EBSHEC,A2T9BT0JW2VUQ8,tail,10,5,1.7822601956315338,0.21073987269774075,0.18350035781040774,0.21073987269774075,0.027239514887333005,1
A2TKIOLTED0PA1:10:B003H83U36,A2TKIOLTED0PA1,tail,10,3,2.0333568159257993,0.13392514310544357,-0.10616736261484538,0.06624531911802478,0.24009250572028895,1
A2U8QA856AC193:6:B00008ZPG9,A2U8QA856AC193,head,6,2,3.722240686416626,0.12393736839294434,0.017288029193878174,0.12393736839294434,0.10664933919906616,1
A2UBTMZRMMIVKB:5:B006GQO2Z6,A2UBTMZRMMIVKB,tail,5,2,6.362256050109863,0.1227034330368042,0.044222354888916016,-0.3028843402862549,0.07848107814788818,1
A2UGT8JVH48A0Z:6:B000GX77NO,A2UGT8JVH48A0Z,tail,6,2,1.1920348047278821,0.012723390012979507,0.012723390012979507,-4.350819027516991,0.0,0
A2UJT1C0E0DWVQ:11:B002XTZUNI,A2UJT1C0E0DWVQ,tail,11,2,0.7050361633300781,0.04065734148025513,0.007290005683898926,-5.078307151794434,0.0333673357963562,0
A2UM324B00HBC8:31:B007WGJHT0,A2UM324B00HBC8,tail,20,2,5.41850209236145,0.30944299697875977,-0.023884057998657227,-0.7942078113555908,0.333327054977417,1
A2UO0FUR8IPDK7:6:B000H3I3Y0,A2UO0FUR8IPDK7,head,6,2,3.066772997379303,0.2317884862422943,-0.15535545349121094,0.2317884862422943,0.38714393973350525,1
A2UX1QYTF609V:5:B001U0OQL8,A2UX1QYTF609V,head,5,3,1.703210989634196,0.26131801803906773,0.051688094933827866,-0.30771732330322243,0.20962992310523987,1
A2VAD79S4A06DD:9:B0063A432W,A2VAD79S4A06DD,head,9,3,1.1463812577033725,0.0739956797527459,0.064571684206991,0.005340027681086212,0.009423995545754904,1
A2VEXB3BRAE74H:7:B0069FDR96,A2VEXB3BRAE74H,head,7,3,1.7204525855680306,0.6379357492551208,0.005269783238569747,0.6379357492551208,0.632665966016551,1
A2VH0UT5EQFB6P:22:B00AE07EIM,A2VH0UT5EQFB6P,head,20,4,0.6075745695270598,0.031051181198563427,0.01453772935201414,-0.14216296473750845,0.016513451846549287,0
A2W0O92FZFHJOJ:9:B000GCV588,A2W0O92FZFHJOJ,tail,9,4,0.46171690290793777,0.051830722542945296,-0.015684099082136527,-7.128909210208803,0.06751482162508182,1
A2W0XCWOK3MW6F:13:B009GEUPMY,A2W0XCWOK3MW6F,head,13,2,3.0362219227827154,0.07786154927453026,0.0016016223235055804,0.07786154927453026,0.07625992695102468,1
A2W3ABLWMJ84NS:6:B007004PZO,A2W3ABLWMJ84NS,head,6,3,3.062694549560547,0.09687018394470215,0.09687018394470215,-0.0047457218170166016,0.0,1
A2W4014S06NAIT:7:B003BJZ1M4,A2W4014S06NAIT,head,7,3,1.3125666392346222,0.06998999292651797,-0.030249015738566865,-0.3577808799842994,0.10023900866508484,1
A2WHV0YLBOK0I0:8:B001OMI93S,A2WHV0YLBOK0I0,head,8,4,1.446581329451874,0.05314931902103126,-0.02633635315578431,-0.13793056271970272,0.07948567217681557,1
A2WKSS6AHD155:5:B00HZDYHGI,A2WKSS6AHD155,tail,5,2,2.6404711604118347,0.2600949630141258,-0.4346649646759033,0.2600949630141258,0.6947599276900291,1
A2XAQO5PJODOEI:5:B0051O0BG8,A2XAQO5PJODOEI,tail,5,2,0.8397399186906114,0.08927756547518584,0.014989554915700865,-4.780464649218629,0.07428801055948497,1
A2XHW8AG61FYIQ:9:B0087HZ15W,A2XHW8AG61FYIQ,tail,9,2,1.0052798382239416,0.014533997655234998,-0.0023239849288074765,-4.790809870581143,0.016857982584042475,0
A2XK9NPCPIF8HJ:5:B000C1VX5S,A2XK9NPCPIF8HJ,tail,5,4,1.5155063793063164,0.028765126829966903,0.028765126829966903,-0.3925349352648482,0.0,0
A2XO5ILBZHBEV6:9:B0030O3VRW,A2XO5ILBZHBEV6,head,9,2,1.4567933082580566,0.1835678368806839,0.1835678368806839,-1.7747676372528076,0.0,1
A2Y4S4CNGKF21S:61:B00005V5OU,A2Y4S4CNGKF21S,tail,20,3,2.71363473435243,0.06891308724880219,0.05946182956298207,-0.033498793840408325,0.009451257685820114,1
A2YFVFXAM8WV9T:12:B003JNQV7G,A2YFVFXAM8WV9T,tail,12,3,2.863608439763387,0.11478439966837595,-0.22563894589741995,0.03613487879435251,0.3404233455657959,1
A2YIJV9LM4KVZ0:5:B000092OX4,A2YIJV9LM4KVZ0,head,5,4,1.4695276618003845,0.025302931666374207,0.014134988188743591,-0.11202413588762283,0.011167943477630615,0
A2ZJF26DWW28MO:7:B0048KSGZO,A2ZJF26DWW28MO,head,7,2,2.92917001247406,0.07185095548629761,0.01925671100616455,0.01778942346572876,0.05259424448013306,1
A2ZLIWPN6JXD68:13:B006OMHU4C,A2ZLIWPN6JXD68,tail,13,5,1.118048500243458,0.15100471963232842,-0.08531727765221153,-0.3022586820428843,0.23632199728453995,1
A2ZY49IDE6TY5I:78:B0055S4BZ2,A2ZY49IDE6TY5I,head,20,3,1.5502749681472778,0.10088428854942322,-0.01172095537185669,-0.6913817723592124,0.11260524392127991,1
A305XM71TF83CY:23:B00AWLBACE,A305XM71TF83CY,head,20,3,1.2165690660450916,0.6849337282313476,-0.02884928385416652,0.6849337282313476,0.7137830120855141,1
A30610D3WDM52Z:6:B0096OBH4Y,A30610D3WDM52Z,tail,6,2,3.000200629234314,0.08589315414428711,0.08589315414428711,-0.5225492715835571,0.0,1
A3091RP0SPZLMN:32:B00A0IWRT4,A3091RP0SPZLMN,head,20,4,1.1016188412898487,0.03936909886471085,0.007705286145153423,0.03936909886471085,0.03166381271955743,0
A3094EPI56GKZ6:31:B000YZGPKU,A3094EPI56GKZ6,head,20,3,0.9672727671762308,0.01940912753343582,0.01880664999286341,-0.1765093753735224,0.0006024775405724103,0
A30J6HM62M6RCS:6:B004HYMJRC,A30J6HM62M6RCS,tail,6,3,3.0940343042214713,0.022970080375671387,0.022970080375671387,-0.00026601552963256836,0.0,0
A30QGVRN6I0Y00:25:B009IROIRM,A30QGVRN6I0Y00,tail,20,2,3.1301751136779785,0.32126784324645996,0.06999337673187256,-0.1759055256843567,0.2512744665145874,1
A30ZDSLMMKZTT5:14:B0012NX8UI,A30ZDSLMMKZTT5,tail,14,2,4.455612301826477,0.2705026865005493,-0.04409182071685791,-0.6285377740859985,0.3145945072174072,1
A31BAAGW4XKSCM:7:B006ZAHBLU,A31BAAGW4XKSCM,tail,7,2,6.451785087585449,0.06815409660339355,0.015628695487976074,-1.1045939922332764,0.05252540111541748,1
A31DVKL8JE4XAH:17:B000H8UN3Y,A31DVKL8JE4XAH,head,17,4,2.470428163651377,0.6455110195092857,-0.23541933577507734,0.6455110195092857,0.880930355284363,1
A32O98PFC3OP7K:6:B00BB8ZHJE,A32O98PFC3OP7K,head,6,3,2.0679916851222515,0.044188042481740464,0.022422555834054947,-1.3393659678598246,0.021765486647685517,0
A32OXHKOLZWI8G:6:B009I0LDC2,A32OXHKOLZWI8G,tail,6,3,3.6155482729276023,0.06597288449605321,0.06597288449605321,-0.40560462077458714,0.0,1
A32STGRWB3FI2U:10:B008B9PVJC,A32STGRWB3FI2U,tail,10,3,3.4896597138916454,0.061857014816875555,0.02694422099739313,0.061857014816875555,0.034912793819482424,1
A337MH4DW79U1N:10:B00641UCY8,A337MH4DW79U1N,head,10,3,1.943013866742452,0.09895173708597804,0.05986154079437256,-1.0174698034922283,0.039090196291605483,1
A3484X2SGLA9WK:8:B0081NLR0K,A3484X2SGLA9WK,tail,8,4,0.39604894863437323,0.04237760463729501,0.014208556385696625,-5.804340555798305,0.028169048251598383,0
A34KGD6ZYDDVT0:13:B004LJ0ZK6,A34KGD6ZYDDVT0,tail,13,2,4.254202365875244,0.3137191832065582,-0.061008453369140625,0.3137191832065582,0.37472763657569885,1
A34QK4RTBT2ZAA:14:B0037LG6UW,A34QK4RTBT2ZAA,tail,14,4,1.451207920908928,0.4340931698679924,-0.012636348605155945,0.4340931698679924,0.44672951847314835,1
A34T6SD5HUGLCJ:10:B00AE078YM,A34T6SD5HUGLCJ,head,10,2,1.6085759177803993,0.03647482767701149,0.005674194544553757,-0.8082076534628868,0.030800633132457733,0
A35HOUWHAYZZN6:11:B0072XRJ20,A35HOUWHAYZZN6,head,11,3,0.8004359384552421,0.02422193310242926,0.019505818287143484,-0.018857813081315955,0.004716114815285777,0
A35N4FNDV5L3LK:7:B0041P4XTE,A35N4FNDV5L3LK,tail,7,3,2.938690503438314,0.06572214762369821,-0.011805295944213867,-0.3555864493052163,0.07752744356791208,1
A35NOFKHK8P2LU:11:B007JT7AIA,A35NOFKHK8P2LU,head,11,2,1.709285318851471,0.12837159633636475,-0.02330833673477173,0.12837159633636475,0.15167993307113647,1
A36BHVA80D0OHU:7:B00150DC04,A36BHVA80D0OHU,tail,7,2,1.4312939927185653,0.09411350389564177,-0.07354389759711921,-1.0030999496375443,0.16765740149276098,1
A36D7WQB72HZB1:11:B004MPZLVC,A36D7WQB72HZB1,tail,11,3,2.659588914461589,0.052973317001790754,-0.08095309640824189,-0.07905730389757082,0.13392641341003264,1
A36NVJRJUI8BMB:12:B00CG2LGL2,A36NVJRJUI8BMB,tail,12,3,2.1850080688794455,0.06811149915059422,-0.008942584196726333,-0.2442957361539202,0.07705408334732056,1
A36P36J16DE34K:17:B00H0LVCVI,A36P36J16DE34K,head,17,2,1.9962458317168057,0.13360528508201241,0.017153372522443533,-0.6992992679588497,0.11645191255956888,1
A377RYV182M3D7:6:B004RK7I2W,A377RYV182M3D7,tail,6,3,0.9035521302818476,0.04252882718962303,0.00030148103542160243,-5.720537905474581,0.04222734615420143,0
A37D55NJF1DW9R:7:B002RT71Y0,A37D55NJF1DW9R,tail,7,3,2.7430974344412484,0.0012629081805544118,-0.027795866131782532,-0.44056297341982553,0.029058774312336944,0
A37OYVYHR5U4NU:12:B001FOFI0W,A37OYVYHR5U4NU,tail,12,3,2.8769528567790985,0.17496675749619817,-0.01645072301228856,-0.10404567917188023,0.19141748050848673,1
A37YUFBI23UPB8:5:B002QANC2A,A37YUFBI23UPB8,head,5,3,2.0704331596692405,0.12265223264694236,-0.0011444886525469045,-0.30166178941726685,0.12379672129948927,1
A38CLMYP4XUODX:5:B00028MLG6,A38CLMYP4XUODX,head,5,3,2.001239130894343,0.011692310372988235,-0.009579290946324814,-0.37207067012786865,0.02127160131931305,0
A38MTIH211HAGE:10:B00631JA8S,A38MTIH211HAGE,head,10,3,1.967058777809143,0.056997497876485115,0.03592721621195483,-0.08443494637807225,0.021070281664530288,1
A390XPHE9J7DBO:56:B00L5KTZ0K,A390XPHE9J7DBO,tail,20,3,1.2967235650867224,0.33252797834575176,0.020929280202835798,0.33252797834575176,0.31159869814291596,1
A391OOGZ9TPB5:10:B004DGLCFE,A391OOGZ9TPB5,tail,10,2,4.449627101421356,0.06350785493850708,-0.16219383478164673,-0.338600218296051,0.2257016897201538,1
A39CGMH5A4XO7Q:7:B00BB8ZHJE,A39CGMH5A4XO7Q,head,7,3,2.9977631270885468,0.0609128872553506,0.02242608865102147,-0.5078742802143097,0.03848679860432913,1
A39E4H4LK0RB82:8:B0034ZZ4RM,A39E4H4LK0RB82,tail,8,4,0.9976124654767773,0.2532971526215988,-0.04284247850046086,-1.3611587745926954,0.29613963112205965,1
A39GFZUNMWJ44J:6:B002XY7HDE,A39GFZUNMWJ44J,tail,6,3,2.0769912004470825,0.18197075525919604,-0.060414592425028335,0.18197075525919604,0.24238534768422437,1
A39LRXD7THXB4B:12:B004DHYZU2,A39LRXD7THXB4B,head,12,3,1.8075329177081585,0.33632060823341203,-0.049914514645934105,0.33632060823341203,0.38623512287934614,1
A3AC87VK8LM4IA:7:B000ZV0D9W,A3AC87VK8LM4IA,head,7,4,0.9942440241575241,0.1482291966676712,-0.007285177707672119,0.1482291966676712,0.15551437437534332,1
A3AIL332D1GIX5:7:B0039KOL1W,A3AIL332D1GIX5,tail,7,2,2.3572278022766113,0.06711983680725098,0.017741799354553223,-1.3039510250091553,0.049378037452697754,1
A3AK8ZGHM26KTM:5:B000YBZIAC,A3AK8ZGHM26KTM,tail,5,2,4.821462631225586,0.25510740280151367,0.04257655143737793,-0.5001883506774902,0.21253085136413574,1
A3AL9NFNWTRV39:11:B004BYSOYK,A3AL9NFNWTRV39,head,11,4,1.0753444686852163,0.02540070288523566,-0.07126001891447231,-0.03937305326689966,0.09666072179970797,0
A3AVK3RQ40JLH:10:B00C8YCFU4,A3AVK3RQ40JLH,head,10,4,0.4418207174676354,0.051785944888251834,-0.00021824855502927676,-0.05523813450054149,0.05200419344328111,1
A3B7J2945PU1P0:8:B00ANJQ8RC,A3B7J2945PU1P0,head,8,2,1.8203688773792237,0.5411399740260094,-0.02106851013377309,0.5411399740260094,0.5622084841597825,1
A3BMI7VGJT60Y7:20:B002PBGBX2,A3BMI7VGJT60Y7,head,20,3,2.6417582829793296,0.02774202823638916,0.002544720967610825,0.01361735661824559,0.025197307268778335,0
A3BWTK4MOKW25Y:10:B0026I8M72,A3BWTK4MOKW25Y,tail,10,2,4.860902786254883,0.12157058715820312,-0.12245559692382812,-0.19452786445617676,0.24402618408203125,1
A3BXWNKYIH96TR:6:B0035RE2TA,A3BXWNKYIH96TR,head,6,3,1.619630432377259,0.3750764302288494,0.028156384825706482,0.3750764302288494,0.3469200454031429,1
A3C2MSP8KCBWP8:5:B004TSF996,A3C2MSP8KCBWP8,head,5,6,0.20002764289771827,0.01609808864304796,0.01609808864304796,-0.27727432140576036,0.0,0
A3C6CZC2JP67VK:15:B0043OYFKU,A3C6CZC2JP67VK,head,15,4,0.8092257637872535,0.06246465522053768,0.008922917011659592,-0.17725905155020882,0.05354173820887809,1
A3C89WADVMXRNL:7:B003EIOWTA,A3C89WADVMXRNL,tail,7,4,2.2922227196395397,0.09453028161078691,-0.038993947207927704,-0.1429334795102477,0.13352422881871462,1
A3C9Q3KTNNLJJ:13:B00BB8ZHJE,A3C9Q3KTNNLJJ,head,13,3,0.9998224241038164,0.11069900045792269,0.005189673975110054,-0.21731251043577993,0.10550932648281264,1
A3E5V5TSTAY3R9:27:B000127UUA,A3E5V5TSTAY3R9,tail,20,5,1.451116514741443,0.03369532653596252,-0.019213050522375763,-0.30691512536723176,0.052908377058338285,0
A3EQK5B6NT9IT7:5:B001RVFZQU,A3EQK5B6NT9IT7,tail,5,2,2.7375264167785645,0.1356908082962036,0.008242666721343994,-0.08552271127700806,0.12744814157485962,1
A3EV788FCRKQYM:9:B000VOHR88,A3EV788FCRKQYM,head,9,3,1.8848122656345367,0.049482616285483116,-0.008725376178820854,-0.586576615770658,0.05820799246430397,0
A3EXWV8FNSSFL6:12:B004MBJKRC,A3EXWV8FNSSFL6,head,12,3,2.1051580160856247,0.15272463858127594,0.06927226980527257,-0.781712606549263,0.08345236877600337,1
A3F21LTIITHPN0:13:B000H3I3Y0,A3F21LTIITHPN0,head,13,2,3.2245930433273315,0.48292040824890137,0.005388498306274414,0.48292040824890137,0.47753190994262695,1
A3FHSLWEMH7JD8:26:B009YSYNIY,A3FHSLWEMH7JD8,tail,20,3,4.144090946763754,0.12246733531355858,0.026702939843137763,-0.09198274572069476,0.09576439547042082,1
A3FU4UD3Q105YB:6:B004S2G4FG,A3FU4UD3Q105YB,head,6,3,2.204706716195991,0.0392165394344679,-0.10650872974656522,-0.22104948448638106,0.14572526918103312,0
A3FXT4UPI30K7S:8:B00IG9L8QM,A3FXT4UPI30K7S,tail,8,3,0.03856891401422521,0.009115935400283586,-0.0024599251337349415,-0.5878311165142804,0.011575860534018528,0
A3FY3H6F4249E0:6:B000NYL3UE,A3FY3H6F4249E0,tail,6,2,2.7107384502887726,0.3244572877883911,-0.09542632102966309,-0.6088172495365143,0.4198836088180542,1
A3G007LQX6KGOD:16:B00AE07BMQ,A3G007LQX6KGOD,head,16,3,0.5617781380812327,0.04218662281831098,-0.02392808596293139,-0.0004957964022954675,0.06611470878124237,0
A3GA09FYFKL4EY:24:B0094GFW68,A3GA09FYFKL4EY,tail,20,2,6.328084468841553,0.10705041885375977,-0.06308174133300781,-0.43143725395202637,0.17013216018676758,1
A3GNEPABXLTKON:19:B007TY3IAE,A3GNEPABXLTKON,tail,19,2,3.3120577335357666,0.07779628038406372,-0.07694602012634277,-0.24355483055114746,0.1547423005104065,1
A3GVD3O9QG6I0V:5:B00547H5U2,A3GVD3O9QG6I0V,head,5,2,2.137665764428675,0.08065197709947824,0.08065197709947824,-0.29308613296598196,0.0,1
A3H2UW6OLVEWXA:13:B001V3TVEQ,A3H2UW6OLVEWXA,head,13,3,1.962846224506696,0.1424061755339303,-0.03397533297538757,-0.42053397496541334,0.17638150850931789,1
A3H62VYLEK8X1V:6:B00021DDR4,A3H62VYLEK8X1V,tail,6,2,3.649660110473633,0.4672970771789551,0.05012035369873047,0.4672970771789551,0.4171767234802246,1
A3H7087YTQO9PO:5:B009FKNGRA,A3H7087YTQO9PO,head,5,4,1.0427380617547897,0.031902614444334176,0.01949950236303266,-0.45443567968686693,0.012403112081301515,0
A3HLUZYBO1S49X:8:B0070TSNO4,A3HLUZYBO1S49X,head,8,3,1.8096458266178768,0.07419158394138026,-0.19070024043321587,-0.06802219028274203,0.26489182437459613,1
A3HQAPXAJV7PRX:7:B007JT7AGC,A3HQAPXAJV7PRX,head,7,2,1.666224181652069,0.012971490621566772,-0.08359891176223755,-1.259956419467926,0.09657040238380432,0
A3I92O1R3S4H1U:5:B004SY3X3A,A3I92O1R3S4H1U,tail,5,3,0.89066982321674,0.07005074498010799,-0.014034415226584884,-0.3885899590677582,0.08408516020669288,1
A3IGQMALGUJJUV:10:B000PQDKU6,A3IGQMALGUJJUV,head,10,4,1.0324594676494598,0.025681443512439728,-0.012137115001678467,-0.31265266984701157,0.037818558514118195,0
A3IKA9SP1N0BSK:15:B004XJNQXW,A3IKA9SP1N0BSK,head,15,3,1.4104884068171184,0.05082289377848315,0.03141649564107274,-1.2897819280624387,0.019406398137410408,1
A3IX7DV8BO7I16:5:B0030F2X6G,A3IX7DV8BO7I16,tail,5,2,4.329834461212158,0.10653722286224365,-0.1642664670944214,0.028239727020263672,0.27080368995666504,1
A3J029KBNG5MNP:50:B00AWLB9EI,A3J029KBNG5MNP,head,20,3,0.8994337183500344,0.01754673570242926,-0.023291493450718348,-0.5706343952178942,0.04083822915314761,0
A3J0VW0KVW3UQ:9:B000V2F9RQ,A3J0VW0KVW3UQ,tail,9,2,5.0988112688064575,0.10162007808685303,0.04036545753479004,-0.8369463682174683,0.06125462055206299,1
A3J4BYNLIX7O4T:12:B00390MKOM,A3J4BYNLIX7O4T,tail,12,3,2.5999321142832437,0.15603041648864746,0.01306023200352957,-0.21137801806132028,0.1429701844851179,1
A3KJ8RMIQTQKEG:6:B008DFR2UU,A3KJ8RMIQTQKEG,tail,6,2,0.9043330391286872,0.07743604583083652,-0.004710843961220235,-3.9283571998239495,0.08214688979205675,1
A3L1DTUER1OUR8:8:B00AHF1GK6,A3L1DTUER1OUR8,head,8,3,1.7875950698653469,0.2065356146219226,0.2065356146219226,-0.10730612238694448,0.0,1
A3L2KYOYDWSRPL:25:B0072XRJ20,A3L2KYOYDWSRPL,head,20,3,0.8516702222016951,0.033935331118603584,-0.019903221012403494,0.033935331118603584,0.05383855213100708,0
A3LFVYR9A27NLT:18:B002Y26V00,A3LFVYR9A27NLT,tail,18,3,3.0961890618006387,0.2616507609685259,-0.016405701637268066,-0.3861900568008423,0.278056462605794,1
A3LHIRT4SR3F9T:15:B00BB5YHFW,A3LHIRT4SR3F9T,head,15,3,2.009732484817505,0.0801968971888225,-0.12363171577453613,-0.5404313007990518,0.20382861296335864,1
A3LJLRIZL38GG3:33:B009FIR05Q,A3LJLRIZL38GG3,tail,20,2,0.9247217439115047,0.07920640334486961,0.07920640334486961,-0.547854695469141,0.0,1
A3LMILRM9OC3SA:14:B00CBYAP0S,A3LMILRM9OC3SA,tail,14,2,5.759817957878113,0.19550859928131104,0.017190098762512207,-0.8962172269821167,0.17831850051879883,1
A3LWK86I8UV25C:5:B00028MLHA,A3LWK86I8UV25C,tail,5,2,5.9913671016693115,0.1828007698059082,-0.13182449340820312,0.1828007698059082,0.31462526321411133,1
A3MJYQFHRYLUUB:8:B00AWLBACE,A3MJYQFHRYLUUB,head,8,3,0.8289305474606105,0.2343878687046299,-0.006736590837438938,0.2343878687046299,0.24112445954206885,1
A3MNHS1HHTAP7O:21:B00BAZ7Y6M,A3MNHS1HHTAP7O,tail,20,3,1.4952236382911603,0.5749610535567627,-0.0375545245284834,0.5749610535567627,0.6125155780852461,1
A3MW6AIZWLJCOO:7:B001FWXIBU,A3MW6AIZWLJCOO,tail,7,3,1.523884216943922,0.827286005019687,0.017289042472915295,0.827286005019687,0.8099969625467717,1
A3MY639RL2TNK8:10:B001991SHK,A3MY639RL2TNK8,tail,10,2,4.562036514282227,0.032652854919433594,-0.03464937210083008,-0.05124664306640625,0.06730222702026367,0
A3N6JG64P2G9EV:18:B00DQ7THS0,A3N6JG64P2G9EV,tail,18,3,2.9172403812408447,0.03773462772369385,0.0029503504435219874,-0.18982930978139256,0.03478427728017186,0
A3NPETMZXGIG65:11:B00AE07IEM,A3NPETMZXGIG65,head,11,2,2.2870104983448982,0.1632496565580368,0.027525484561920166,0.1632496565580368,0.13572417199611664,1
A3NT30VSDHJ2MC:9:B0002DPG1I,A3NT30VSDHJ2MC,tail,9,2,5.414499282836914,0.21395277976989746,0.0324094295501709,0.1763629913330078,0.18154335021972656,1
A3NYZB4V55CZIM:8:B009M1K396,A3NYZB4V55CZIM,tail,8,2,3.1583383083343506,0.18003404140472412,-0.02766275405883789,-0.005415052175521851,0.207696795463562,1
A3OBI9T5SQ4GFR:9:B003BMGAUI,A3OBI9T5SQ4GFR,tail,9,3,2.751316577196121,0.12535562117894505,-0.038172682126363267,-0.8514008224010468,0.16352830330530832,1
A3OHMGD1YUVNSR:5:B001U2BUJW,A3OHMGD1YUVNSR,tail,5,4,2.2566745044023264,0.04309964511776343,0.0023178170376922935,-0.3058825852058362,0.040781828080071136,0
A3OSSZXMJ7FPEU:5:B003FITQGI,A3OSSZXMJ7FPEU,tail,5,3,2.46248726050059,0.1719262202580767,-0.0755840142567954,-0.11003069082895944,0.24751023451487209,1
A3OW4DVJ23FTVV:9:B003V57Q5I,A3OW4DVJ23FTVV,head,9,3,2.0287639300019387,0.09905719757148268,0.012057145437059269,0.04984335105564219,0.08700005213442341,1
A3P49VUFZRBD24:11:B00HJD8NLY,A3P49VUFZRBD24,head,11,3,1.5114880005518596,0.42061122258504247,0.01465706030527758,0.42061122258504247,0.4059541622797649,1
A3PCY3GWYEN50B:6:B005JYP96W,A3PCY3GWYEN50B,tail,6,3,2.8869661750892797,0.01953473376731063,0.018766395126779578,-0.30600905915101384,0.0007683386405310522,0
A3QNTCW231XY7K:6:B002ZTT9II,A3QNTCW231XY7K,head,6,2,2.5531128644943237,0.12369692325592041,0.07652294635772705,-0.37146973609924316,0.04717397689819336,1
A3QNV9LUNM589P:17:B004OG90X4,A3QNV9LUNM589P,tail,17,3,3.263749599456787,0.16061818599700928,-0.01672871907552098,-0.12572662035624171,0.17734690507253026,1
A3QOAEXTCJAU13:11:B0032H4FPO,A3QOAEXTCJAU13,tail,11,4,2.5462485551834106,0.09450864791870117,-0.001912832260131836,-0.6719193160533905,0.09642148017883301,1
A3QOMXYGWJ6HYB:7:B003OGSX4M,A3QOMXYGWJ6HYB,head,7,2,4.253600478172302,0.021015524864196777,0.0015043020248413086,-0.24228274822235107,0.01951122283935547,0
A3R3ZDTQAFD92R:8:B001CBEQME,A3R3ZDTQAFD92R,head,8,3,2.0137677465875945,0.10167983671029424,0.005946904420852661,-0.3413223802732923,0.09573293228944157,1
A3RDMG6QT8TFFR:9:B000BKXGXW,A3RDMG6QT8TFFR,tail,9,3,2.8683403730392456,0.07489923636118556,0.01185574134190892,0.07489923636118556,0.06304349501927664,1
A3RNZZOOCRT99L:5:B000QE5GU4,A3RNZZOOCRT99L,head,5,3,2.2607616186141968,0.0793234507242837,-0.10544478893280029,-0.4547433455785117,0.184768239657084,1
A3S15YGZ6W6EV2:11:B007JT7AGC,A3S15YGZ6W6EV2,head,11,2,1.708631455898285,0.08028411865234375,0.016702353954315186,-0.5894649624824524,0.06358176469802856,1
A3S3R88HA0HZG3:8:B001E96OZ6,A3S3R88HA0HZG3,head,8,4,1.7886477448046207,0.09267030283808708,0.035494367592036724,-0.354026734828949,0.05717593524605036,1
A3T1LD0C65QCWK:8:B00AE078TM,A3T1LD0C65QCWK,head,8,4,1.6098075304180384,0.3318225108087063,-0.004355262033641338,-0.4607510585337877,0.3361777728423476,1
A3T1R05UYT66KS:7:B0026J10CU,A3T1R05UYT66KS,head,7,3,3.255128582318624,0.33906145890553807,-0.09094293912251761,0.33906145890553807,0.4300043980280557,1
A3T91KE7L448ON:7:B003E3IOPS,A3T91KE7L448ON,tail,7,3,2.9429033398628235,0.042059123516082764,-0.051513493061065674,-0.1373281081517539,0.09357261657714844,0
A3THYM7XMB8B0U:8:B00FRDPOVU,A3THYM7XMB8B0U,tail,8,3,0.6169326653083166,0.12884191175301873,-0.04058147470156348,-1.6924345145622888,0.16942338645458221,1
A3TJSWA0W9ITYE:11:B00GTBZHUW,A3TJSWA0W9ITYE,head,11,2,1.8709018230438232,0.07352834939956665,0.003978073596954346,-1.1574298739433289,0.0695502758026123,1
A3U029B8Z5WGI2:35:B00AE078TM,A3U029B8Z5WGI2,head,20,4,0.039867387153115885,0.008501237258267125,-0.006142185069620609,-0.8398265824497244,0.014643422327887734,0
A3UB7SA13JT5A1:9:B000NSQI4Q,A3UB7SA13JT5A1,head,9,4,0.38298150259649333,0.048168611523564664,-0.00804465654073283,-0.4361024134086904,0.056213268064297495,0
A3ULUMA21HUH9P:9:B0071S7EWQ,A3ULUMA21HUH9P,tail,9,2,2.3413052558898926,0.2692607343196869,-0.07816648483276367,0.2692607343196869,0.34742721915245056,1
A3UNR8PMJLC8ER:7:B000PW7K38,A3UNR8PMJLC8ER,head,7,3,3.00971511999766,0.20204548041025783,0.034122149149576675,0.1848586002985635,0.16792333126068115,1
A3UZ99BQWAJACU:16:B004TSF8R4,A3UZ99BQWAJACU,head,16,6,0.7760957085217038,0.01724064171624673,0.01724064171624673,-0.09549109606693196,0.0,0
A3V55DVYU80LDS:12:B009ZRFJFA,A3V55DVYU80LDS,head,12,2,1.9378352537169121,0.04311174509348348,0.005436054198071361,-1.8979929267952684,0.03767569089541212,0
A3W41UE9IRP39O:7:B006OZF4KG,A3W41UE9IRP39O,head,7,4,1.7479391895758454,0.2501108481155825,0.013417242749710567,0.2501108481155825,0.23669360536587192,1
A3W43ZV9NIVHCE:8:B004O6184I,A3W43ZV9NIVHCE,tail,8,2,0.45017024350818247,0.03016243560705334,0.019312876975163817,-5.286187326186337,0.010849558631889522,0
A4EWK1BCKU4OC:16:B002B4NP00,A4EWK1BCKU4OC,tail,16,2,4.386249780654907,0.20235836505889893,-0.08102774620056152,0.20235836505889893,0.28338611125946045,1
A4F7O7T8FLEXD:20:B007IX2DL6,A4F7O7T8FLEXD,tail,20,3,0.8762890423337618,0.04541615893443418,-0.001312670608361599,-0.8027929539481798,0.04672882954279578,0
A4P9WK7Y65O58:10:B001QX2OIG,A4P9WK7Y65O58,tail,10,5,2.8047824962064625,0.07985479328781375,-0.018378395587205887,-0.7280643556267021,0.09823318887501964,1
A4XWX7XXB7D4Q:7:B004I94DF2,A4XWX7XXB7D4Q,head,7,3,2.5475014448165894,0.048859556516011704,0.04867575565973903,-0.22108290592829372,0.00018380085627267562,0
A55QPRK60CF9S:27:B002K8W58K,A55QPRK60CF9S,head,20,5,1.6707119113765656,0.021339008165523365,-0.0278552419971676,-0.042571275890805005,0.04919425016269097,0
A56AUIA2KJ3KQ:8:B0070WVEWE,A56AUIA2KJ3KQ,tail,8,3,0.8327192329258347,0.044376363085272374,0.044376363085272374,-2.9140631494034706,0.0,0
A5A9N3HZT14KD:14:B001KYVOJQ,A5A9N3HZT14KD,head,14,4,1.0951529815793037,0.047386338002979755,0.02690361998975277,0.008079446852207184,0.020482718013226986,0
A5S99I7R7ZAC3:7:B0011N77IS,A5S99I7R7ZAC3,tail,7,3,2.4735905528068542,0.37784543633461,-0.06625946362813329,-0.8022180000940957,0.44410489996274327,1
A5ZJKS3MH6QO6:5:B005UKOXMG,A5ZJKS3MH6QO6,tail,5,4,0.5566520876891445,0.02226399673963897,0.01936687860870734,-3.256730657099979,0.0028971181309316307,0
A60E8FTIA3XW8:10:B004LUZ956,A60E8FTIA3XW8,head,10,4,1.4368000105023384,0.013218747451901436,0.0015645157545804977,-0.2868595067411661,0.011654231697320938,0
A6HYRF8E9J50O:9:B00363H8IU,A6HYRF8E9J50O,tail,9,3,2.0376769701639432,0.04798400402072889,-0.04774971803029393,-0.458303948243421,0.09573372205102282,0
A6NJO9KSN6EUN:27:B001B2RX10,A6NJO9KSN6EUN,tail,20,4,0.7032790975645185,0.014611756429076195,-0.0009570810943841934,-3.4465263290330768,0.015568837523460388,0
A6VPK7X53QNAQ:11:B008U5XS2O,A6VPK7X53QNAQ,head,11,3,1.8098093072573345,0.07093605399131775,0.014163712660471672,-0.18574812014897657,0.05677234133084608,1
A78537UQRSMF4:15:B0026IJF96,A78537UQRSMF4,tail,15,3,2.9442714154720306,0.06870077302058553,0.0013992140690484156,-0.29900893568992615,0.06730155895153711,1
A7T2VY28U2IDB:21:B001EWF2SI,A7T2VY28U2IDB,tail,20,3,2.149238129456838,0.06911783417065953,-0.03918923934300711,-1.115085780620575,0.10830707351366664,1
A8710RWTFG3IY:10:B008X7I234,A8710RWTFG3IY,tail,10,3,2.8737951119740806,0.03976353009541844,-0.004671216011047363,-0.5397042433420816,0.044434746106465806,0
A8V9AM4WK5AFU:10:B002MZ8BK2,A8V9AM4WK5AFU,head,10,3,1.8453105092048645,0.06664125124613451,-0.0047153433163960035,-0.05470331509908033,0.07135659456253052,1
A96K1ZGW56S2I:6:B00GTC1JVM,A96K1ZGW56S2I,head,6,3,0.29142860074838,0.03127126892407733,0.03127126892407733,-0.49505199491977697,0.0,0
A9DWCIFTLE58O:5:B005UL1B34,A9DWCIFTLE58O,head,5,4,1.6848688423633575,0.024046476930379868,0.024046476930379868,-0.5474460832774639,0.0,0
A9LLBMFJ0G0TH:5:B0048NTJ0W,A9LLBMFJ0G0TH,tail,5,3,1.1436267492827028,0.06712213756206142,0.06712213756206142,-5.4426720343374955,0.0,1
AA71MQ3FJV5VX:5:B001501N7I,AA71MQ3FJV5VX,tail,5,3,1.0632256267526827,0.11243287711658922,0.02223662649218272,-1.8934310055713772,0.0901962506244065,1
AA8JH8LD2H4P9:8:B00028M3N2,AA8JH8LD2H4P9,head,8,2,3.9425268173217773,0.08222293853759766,-0.30363988876342773,-0.9056768417358398,0.3858628273010254,1
AAABR1XF7GJRE:5:B001HTCYPC,AAABR1XF7GJRE,head,5,4,0.7961529053573031,-0.004531192273134366,-0.004531192273134366,-0.007513323653256521,0.0,0
AACE6APIUZFHN:6:B003YM5RA4,AACE6APIUZFHN,head,6,6,1.2702470821871732,0.007001315408463826,-0.003206417973463882,-0.04451252431317698,0.010207733381927708,0
AAEVYY0PHQUUL:55:B0094ELMBY,AAEVYY0PHQUUL,tail,20,2,0.013335337862358188,0.005361511372029781,-5.6118704364394034e-05,-2.657706300087753,0.005417630076394175,0
AB0X04XM7CLS2:11:B007IAE5WY,AB0X04XM7CLS2,tail,11,2,4.130615770816803,0.16251462697982788,-0.08514219522476196,0.16251462697982788,0.24765682220458984,1
ABC68JUCPTVOE:5:B00B33Y2JI,ABC68JUCPTVOE,head,5,3,1.266005734602383,0.13921485344621942,0.001553654670715332,-0.42109336410696097,0.1376611987755041,1
ABKOVXEYT0DPE:5:B00BXKET7G,ABKOVXEYT0DPE,tail,5,2,6.147985935211182,0.11679863929748535,-0.2656576633453369,-0.08382987976074219,0.38245630264282227,1
ABOTQXNUBA1MM:9:B003JTF3VK,ABOTQXNUBA1MM,head,9,2,2.0593748837709427,0.04354323446750641,0.0025212913751602173,-2.8650261610746384,0.04102194309234619,0
ABUFQ9H04Y3E1:6:B008G95K70,ABUFQ9H04Y3E1,head,6,2,1.7352870106697083,0.08493834733963013,0.014348775148391724,-0.6284342408180237,0.0705895721912384,1
ABY77ZEHN9WLU:17:B006L6A06Q,ABY77ZEHN9WLU,head,17,3,1.918658553622663,0.11373711222161842,-0.06257543967027845,-0.38596501996895904,0.17631255189189687,1
AC1UO4XW14D6W:19:B007SG2QT2,AC1UO4XW14D6W,tail,19,2,3.641814947128296,0.1811065673828125,-0.13144302368164062,-0.26783156394958496,0.3125495910644531,1
AC3L4NSBMED4W:10:B007JBF99U,AC3L4NSBMED4W,head,10,2,2.191501632332802,0.10737041383981705,-0.002485916018486023,-1.8477427810430527,0.10985632985830307,1
AC49SUB24WIN7:8:B00A73ZCP8,AC49SUB24WIN7,tail,8,3,4.521057844161987,0.03943268458048532,0.026981910069783233,-1.5696220397949219,0.01245077451070209,0
AC6IDFW34EO9D:13:B00411B4CC,AC6IDFW34EO9D,head,13,3,0.33534545078873634,0.02830309389779967,-0.0032105424130956517,-2.9650417727728686,0.03151363631089532,0
ACYMT1PL5FO9C:13:B00G0K6ZQC,ACYMT1PL5FO9C,head,13,2,2.7897604554891586,0.04848502576351166,0.03467640280723572,-0.2713794857263565,0.01380862295627594,0
ADE5RB84FF9JP:15:B001OMI93S,ADE5RB84FF9JP,head,15,4,1.2106541816610843,0.012611246551387012,0.012611246551387012,-0.16178853658493608,0.0,0
ADFUH4HVZPBLE:5:B001IAINFU,ADFUH4HVZPBLE,head,5,3,2.4856743812561035,0.02804732322692871,-0.0055333773295083155,-0.09213972091674805,0.033580700556437026,0
ADS5APY1NKTL4:15:B002AMUIBM,ADS5APY1NKTL4,head,15,3,1.604408899943034,0.17217445373535156,0.007266044616699219,-0.2669753233591714,0.16490840911865234,1
AE7V92R2LVEJF:32:B005RFD1N6,AE7V92R2LVEJF,tail,20,2,4.5051186084747314,0.06107068061828613,-0.06737112998962402,0.052570223808288574,0.12844181060791016,1
AE8G8WYF8PUXE:6:B003UA5ECQ,AE8G8WYF8PUXE,tail,6,4,2.006925182417035,0.0645193550735712,0.0645193550735712,-0.14942269958555698,0.0,1
AEBNOFNP172KK:6:B00GPWYF94,AEBNOFNP172KK,head,6,4,0.4479248672701033,0.09730961918967296,0.01082260909379329,-0.3752478437695572,0.08648701009587967,1
AELXPRAGKLERS:6:B004Q0NVU6,AELXPRAGKLERS,tail,6,3,0.16767328977582943,0.05140784382822024,-0.030120273431123223,-4.629544874032357,0.08152811725934346,1
AENH50GW3OKDA:47:B00E4XRM6E,AENH50GW3OKDA,tail,20,2,0.13226845487952232,0.02141648903489113,-0.0069139376282691956,-5.049384851008654,0.028330426663160324,0
AFFVUZEGP1FDQ:10:B001U0OQN6,AFFVUZEGP1FDQ,head,10,3,1.8641255438172568,0.10977189289405942,-0.019490007621546734,0.0681836854394835,0.12926190051560615,1
AG05BT5GLNYLZ:29:B0076D1YF4,AG05BT5GLNYLZ,head,20,2,3.023529291152954,0.053505659103393555,0.04838985204696655,-0.10127079486846924,0.005115807056427002,1
AG8DPYVTLT2C2:14:B005I2MP62,AG8DPYVTLT2C2,head,14,4,0.8591229770609061,0.03419566268712515,0.03419566268712515,-0.12890867774967774,0.0,0
AGMONAK82UL7R:12:B000XCS9U8,AGMONAK82UL7R,tail,12,4,0.5444752990733832,0.03846211126074195,-0.007212818833068013,-0.4247699507759535,0.04567493009380996,0
AGU9KOE2ESHWA:6:B0023AV2UM,AGU9KOE2ESHWA,tail,6,4,2.797432191669941,0.09241365455091,-0.09278806485235691,-0.42898497357964516,0.1852017194032669,1
AGWTRZ50VYBKI:12:B00006FRW7,AGWTRZ50VYBKI,head,12,2,3.3172624111175537,0.13728266954421997,-0.05023670196533203,-0.16948246955871582,0.187519371509552,1
AH1OCMC7UJ71O:6:B0062PIHZW,AH1OCMC7UJ71O,tail,6,3,0.043756152096345126,0.010070008517989962,0.0005253305795728594,-3.191805417435414,0.009544677938417102,0
AH59DZ5AXO8PR:11:B002XXAUE8,AH59DZ5AXO8PR,head,11,2,0.07095066296460573,0.019988284624560038,0.006130404843133874,-2.4227251650154358,0.013857879781426163,0
AHHTNACQEMXRY:15:B008PQ5YC0,AHHTNACQEMXRY,tail,15,2,4.559350609779358,0.24323409795761108,-0.014463961124420166,0.24323409795761108,0.25769805908203125,1
AIFPCDUD7B14B:12:B00A8ODE7Y,AIFPCDUD7B14B,tail,12,3,0.17182974020640054,0.043177783489227295,-0.001645803451538086,-4.352860283771102,0.04482358694076538,0
AIIR8E34EDKCQ:28:B001A5S3BM,AIIR8E34EDKCQ,head,20,2,1.3154967725276947,0.06933172047138214,-0.08499428629875183,-0.44293859601020813,0.15432600677013397,1
AIQWQDZDTPQIO:7:B001RQI512,AIQWQDZDTPQIO,tail,7,2,6.068057179450989,0.3743983507156372,0.01896369457244873,0.3743983507156372,0.3554346561431885,1
AITPVQ9TKUIZT:8:B0000682T7,AITPVQ9TKUIZT,tail,8,2,4.052123069763184,0.20061540603637695,-0.022225141525268555,-0.60603928565979,0.2228405475616455,1
AJ0LVMSVJ0CN1:8:B004Z209HS,AJ0LVMSVJ0CN1,head,8,2,3.0782302618026733,0.09674930572509766,0.03618454933166504,-0.22025299072265625,0.06056475639343262,1
AJ105GCIU6C12:5:B005S4H3IA,AJ105GCIU6C12,tail,5,3,3.3602653642495475,0.05840635796388005,-0.01679897556702281,-0.4625879277785616,0.07520533353090286,1
AJ7NR31ZL4CBI:5:B000052WY7,AJ7NR31ZL4CBI,tail,5,3,4.460089365641276,0.13688174883524606,-0.03144566218058209,-0.21348873774210553,0.16832741101582815,1
AJFE35OSDDSE7:10:B006LF04LS,AJFE35OSDDSE7,tail,10,3,3.4377275727068386,0.06567265248547027,0.00695642177015543,-0.3774674314384656,0.05871623071531484,1
AJHL7N62ROBOQ:10:B003VMFITM,AJHL7N62ROBOQ,head,10,4,0.5488714203238487,0.03866092301905155,-0.007068723440170288,-0.508818656206131,0.04572964645922184,0
AJM05EYT7T0KM:5:B0012RYDWG,AJM05EYT7T0KM,tail,5,2,2.2318543784549547,0.12880903482073336,0.0493924621023325,-4.02008420301172,0.07941657271840086,1
AJZFT4AFY3EUG:12:B00FPROWWU,AJZFT4AFY3EUG,tail,12,2,3.540761947631836,0.5003040730953217,-0.07720416784286499,-0.8365374803543091,0.5775082409381866,1
AL4SB31UAZLXL:10:B00ITA8HD0,AL4SB31UAZLXL,tail,10,3,2.0764059672753015,0.20273164659738518,-0.07760128627220819,-0.7755358169476194,0.2803329328695934,1
AL5TT5U0GQHZ5:13:B000W0YAOA,AL5TT5U0GQHZ5,head,13,2,1.7383899688720703,0.051584601402282715,0.03480267524719238,-0.18257421255111694,0.016781926155090332,1
AL9FEJ3JWL515:6:B0050OX4O0,AL9FEJ3JWL515,tail,6,2,1.5379195213272396,0.07772344350701132,-0.09734374284812475,-5.761871576313752,0.17506718635513607,1
ALDAF4VVLFRHP:28:B00AWLB9G6,ALDAF4VVLFRHP,head,20,4,0.614643347060337,0.05312633956418722,0.018981633238581708,-0.6725020615558606,0.03414470632560551,1
ALLSZRJL9YBCO:7:B003XUMQ56,ALLSZRJL9YBCO,tail,7,3,1.6156767294742167,0.04463168947647023,0.04463168947647023,-0.9045736306967833,0.0,0
ALNFHVS3SC4FV:183:B00HSNWZKU,ALNFHVS3SC4FV,head,20,4,0.8514306545245631,0.03692889213635908,0.03692889213635908,-0.13408008217010092,0.0,0
ALOWEXH7NJVJB:6:B00AE07H0M,ALOWEXH7NJVJB,head,6,3,0.9541359680394331,0.13749020779505372,-0.016129473224282265,0.13749020779505372,0.15361968101933599,1
ALSAOZ1V546VT:10:B0072XRJ20,ALSAOZ1V546VT,head,10,3,1.0360008006294568,0.12666633228460944,0.006371380140383964,0.12666633228460944,0.12029495214422548,1
AMB2Z4FMDBWQY:14:B00I073WLE,AMB2Z4FMDBWQY,head,14,3,1.1973794737520318,0.05070323414596123,-0.016814288692936774,-0.6119192950330519,0.067517522838898,1
AMCAID3LTHKEC:6:B00AHF1GTM,AMCAID3LTHKEC,head,6,2,0.6393992304801941,0.045980945229530334,-0.01819305121898651,0.045980945229530334,0.06417399644851685,0
AMFMVWHYF2Q6T:5:B002USQUNQ,AMFMVWHYF2Q6T,tail,5,3,2.4555014769236245,0.10336029529571533,0.04565691947937012,0.10336029529571533,0.057703375816345215,1
AMWC81F6KKKCA:7:B00187EX6G,AMWC81F6KKKCA,tail,7,4,1.1150933268945664,0.6164764215936884,0.029321568086743355,0.6164764215936884,0.5871548535069451,1
AN2AI0NUCJZIB:5:B000O16ATK,AN2AI0NUCJZIB,tail,5,2,3.731092870235443,0.17062875628471375,-0.11377334594726562,-0.12934936583042145,0.28440210223197937,1
AN65KG18M4SDN:23:B00IZQ66V8,AN65KG18M4SDN,head,20,3,0.09757615059303741,0.019436668915053218,-0.00405545998364687,-0.9740052925578008,0.023492128898700088,0
ANCOMAI0I7LVG:8:B0089JVEPO,ANCOMAI0I7LVG,head,8,3,1.0654681206991274,0.04497921179669584,0.024818355372796308,-0.03361052608427917,0.02016085642389953,0
ANXVK6D3IC1UJ:12:B00HHR0SYW,ANXVK6D3IC1UJ,head,12,2,0.9456364512443542,0.04976305365562439,0.009240180253982544,0.04976305365562439,0.040522873401641846,0
ANYYGU5FTCV5L:6:B00787QT6W,ANYYGU5FTCV5L,head,6,3,2.0768458992242813,0.07731189330418897,0.007218683759371292,-0.15262761215368892,0.07009320954481768,1
ANZUL0D4RP4HE:7:B002QI1E9K,ANZUL0D4RP4HE,head,7,3,2.2930974662303925,0.013975898424784194,-0.02157287796338414,-0.37475642561912537,0.035548776388168335,0
AO16D5VV91API:7:B000SA8FRM,AO16D5VV91API,tail,7,3,3.0965277701616287,0.047419145703315735,0.025548920035362244,-0.08871281643708562,0.02187022566795349,0
AO2BSY9E345DZ:8:B003IUGO5E,AO2BSY9E345DZ,tail,8,3,0.8257000788968677,0.03509274063011003,-0.03674027508047106,-11.245620454855574,0.0718330157105811,0
AO2DZ7WIPM74U:10:B003DAXHW2,AO2DZ7WIPM74U,tail,10,2,5.377729892730713,0.047684669494628906,-0.030154943466186523,-0.09169363975524902,0.07783961296081543,0
AOLECCQ2WCMY9:6:B000HZW5CY,AOLECCQ2WCMY9,tail,6,2,0.7109559178352356,0.15851622819900513,-0.0825226902961731,-9.08889788389206,0.24103891849517822,1
APDCTBUOUSGZ4:7:B003VGMOR2,APDCTBUOUSGZ4,head,7,5,0.5515970379114151,0.019109648466110296,-0.015289342403411843,-0.025462892651557878,0.03439899086952214,0
APIVUAZF0TW3T:13:B00KQBR9FM,APIVUAZF0TW3T,head,13,2,0.9467933475971222,0.05184908211231232,-0.0014050304889678955,-0.25336939096450806,0.05325411260128021,1
APYKGTU0LFICH:55:B001EWET96,APYKGTU0LFICH,tail,20,4,0.8768250910798088,0.07821662403875962,-0.02832998736994341,-0.04632216354366392,0.10654661140870303,1
AQ6RFEL4KNUD1:10:B0082UHGCU,AQ6RFEL4KNUD1,tail,10,2,2.0334122180936447,0.05686414241881721,0.00946027040475883,-8.892395257950056,0.04740387201405838,1
AQ9JTZBF30IW0:7:B0072XR560,AQ9JTZBF30IW0,head,7,3,0.44241438309351605,0.04619071135918301,-0.02257712433735526,-0.3588190625111262,0.06876783569653827,0
ARFRKID8WSIIL:41:B00KQVTX06,ARFRKID8WSIIL,tail,20,2,0.6455481888260692,0.06509916175855324,0.010223027435131371,-0.5110371271148324,0.054876134323421866,1
ARRSXZ6G1745Y:5:B002QI1E9K,ARRSXZ6G1745Y,head,5,3,1.6717658241589863,0.05018697182337428,-0.0197870135307312,-0.11314113934834813,0.06997398535410548,1
AS12AOZ971ZF1:9:B001E96N48,AS12AOZ971ZF1,tail,9,3,1.1519891421000164,0.105082059899966,-0.017563223838806152,-0.40128497282663966,0.12264528373877215,1
ASAMTXBXBILGZ:7:B00762XYKI,ASAMTXBXBILGZ,tail,7,3,0.12731138865152994,0.01688432569305101,-0.023217812180519104,-8.018978953361511,0.040102137873570115,0
ASIWJTQBF7FCN:5:B002N0U37A,ASIWJTQBF7FCN,tail,5,3,3.3832407792409263,0.10278558731079102,0.10278558731079102,-0.7827735741933188,0.0,1
ASJ0MKRFZC47B:7:B00BRGUNV2,ASJ0MKRFZC47B,head,7,2,1.9242063462734222,0.04249781370162964,0.03617480397224426,-1.5794375240802765,0.006323009729385376,0
ASP7WZLP5C2MW:6:B00D76IPK6,ASP7WZLP5C2MW,tail,6,3,2.848942836125692,0.03219083944956491,-0.09472620487213135,-0.5184365908304849,0.12691704432169626,0
ASW3I4V90PWH4:9:B001KWB85S,ASW3I4V90PWH4,head,9,3,1.9510901769002278,0.2015118201573689,-0.09997187058130907,-0.6051828861236574,0.301483690738678,1
ASXG2R5LLYI6L:5:B000V8MTIC,ASXG2R5LLYI6L,head,5,3,2.9162886272921846,0.2961302563004815,0.07385793351568282,-0.2834820092927357,0.2222723227847987,1
ASYHWUQLVS433:6:B00AFECPAE,ASYHWUQLVS433,tail,6,2,4.225513458251953,0.03794407844543457,-0.07062935829162598,0.021096467971801758,0.10857343673706055,0
AT53ZTTO707MB:15:B009FKNGGQ,AT53ZTTO707MB,head,15,4,0.6831381916999799,0.13625224679709014,-0.09986847639083862,-0.40377335203447906,0.23612072318792876,1
ATECU14VUIOJ0:11:B00GLS55DC,ATECU14VUIOJ0,head,11,3,1.7927518089612324,0.21785686413447047,0.024878303209940444,0.21785686413447047,0.19297856092453003,1
ATGQFZZ3E4QRN:11:B000F65JSC,ATGQFZZ3E4QRN,head,11,2,1.035214604344219,0.04710325482301414,0.04710325482301414,-3.290838418994099,0.0,0
ATLO3YXU2BC16:23:B00AE07BDU,ATLO3YXU2BC16,head,20,4,0.5071353772964358,0.03531602167731762,-0.01669998472698353,-0.34087113473594854,0.05201600640430115,0
ATSR2L4FZVO8Z:8:B004THWBLQ,ATSR2L4FZVO8Z,tail,8,3,3.822177030146122,0.0732128694653511,-0.08133018265167857,0.0732128694653511,0.15454305211702968,1
ATVQPSLBYTFCK:7:B0039UTTC8,ATVQPSLBYTFCK,tail,7,3,2.2733202974001565,0.0377689401308694,-0.02979187170664499,-0.3006070852279663,0.06756081183751439,0
AUBKXJYRKGOF4:7:B004L5L4FU,AUBKXJYRKGOF4,tail,7,3,0.7745401889551408,0.015532151369067604,-0.031292670367595976,-7.63602471048944,0.04682482173666358,0
AUCAB45IVEPQR:9:B0002JKPA4,AUCAB45IVEPQR,head,9,3,2.912119130293528,0.022428711255391143,-0.029840449492136933,-0.0998999277750654,0.052269160747528076,0
AUFD1F1DZKLWX:6:B001DYM62C,AUFD1F1DZKLWX,head,6,2,4.049079060554504,0.04359030723571777,0.04359030723571777,-0.005631089210510254,0.0,0
AUV8RBM82692U:5:B002D48QMK,AUV8RBM82692U,tail,5,2,5.590588331222534,0.08919620513916016,0.08919620513916016,-1.2096633911132812,0.0,1
AV2MATDO0LZAO:7:B0075GXW0W,AV2MATDO0LZAO,tail,7,3,0.7004579713878533,0.33835457036426914,0.01909955420220899,0.33835457036426914,0.31925501616206015,1
AVAL1T27UJ5HD:10:B00AWLB9EI,AVAL1T27UJ5HD,head,10,3,0.8158796924775137,0.018083930013138683,-0.007543355288362363,-0.5612074336980489,0.025627285301501046,0
AVBR6EYD2CVYP:5:B006EOCS1U,AVBR6EYD2CVYP,tail,5,5,0.5269804570745691,0.004918142773794876,0.004918142773794876,-0.5386325519411912,0.0,0
AVOKU5ACZSB0J:10:B008XKBW4M,AVOKU5ACZSB0J,tail,10,3,2.814540566255649,0.10178251316150044,0.024173491944869507,0.100108715395133,0.07760902121663094,1
AVR9OJQJN1PFN:6:B0015YIHXC,AVR9OJQJN1PFN,tail,6,3,2.8671884139378867,0.050198256969451904,0.050198256969451904,0.007777820030848481,0.0,1
AVUR4EQOXEV10:6:B000A408VC,AVUR4EQOXEV10,tail,6,3,0.5785816113154093,0.047126611073811775,-0.035149653752644894,-4.364475084158281,0.08227626482645667,0
AVYV7GG3JUKT3:7:B00882ZPTS,AVYV7GG3JUKT3,tail,7,2,5.486814975738525,0.16059398651123047,-0.06760692596435547,0.16059398651123047,0.22820091247558594,1
AW3VZ5O895LRK:10:B004UKENRC,AW3VZ5O895LRK,head,10,3,1.4768091502288978,0.1140518834193549,0.0786536832650504,-0.23270929232239723,0.035398200154304504,1
AW8UW3OFEZR8T:6:B00EB10Q1W,AW8UW3OFEZR8T,tail,6,3,0.5144721666335196,0.009810248991319215,-0.024487574770925447,-2.0546561873155347,0.03429782376224466,0
AWH559IOOC68X:6:B007RT19V6,AWH559IOOC68X,head,6,3,1.6885181268056233,0.09103846549987793,-0.10458997885386156,-0.5120300849278767,0.1956284443537395,1
AWIF8AR75LL9L:5:B0010A9RYO,AWIF8AR75LL9L,head,5,2,2.4090560970362276,0.34073850914865034,0.029531895648688078,0.34073850914865034,0.31120661349996226,1
AWNQ2PULUBHDH:8:B00AF9DGMA,AWNQ2PULUBHDH,tail,8,3,0.94138896279037,0.057300832122564316,0.00046687759459018707,-2.750282885506749,0.05683395452797413,1
AWXV15G9ZNXG1:14:B006LPVGCO,AWXV15G9ZNXG1,tail,14,2,0.329315316863358,0.041595470160245895,-0.03151471819728613,-4.055498111061752,0.07311018835753202,0
AY3D7DG5L5WCK:56:B001118AYU,AY3D7DG5L5WCK,tail,20,2,3.5378026962280273,0.1060105562210083,-0.04698610305786133,-0.7979023456573486,0.15299665927886963,1
AY62MSYT6Q9JF:6:B000YHQLRK,AY62MSYT6Q9JF,tail,6,3,4.338841358820598,0.047620296478271484,0.03666392962137888,-0.8277847766876221,0.010956366856892608,0
AY6A8KPYCE6B0:16:B00A0J09G6,AY6A8KPYCE6B0,head,16,4,0.8036765329434274,0.1622621490550955,-0.009186122442770284,-0.03224447922002582,0.1714482714978658,1
AY9HUIJWJ8TT7:21:B00373OK3A,AY9HUIJWJ8TT7,tail,20,2,3.436354160308838,0.24738538265228271,0.08085751533508301,0.24738538265228271,0.1665278673171997,1
AYDEEM2BX0467:21:B002U774PK,AYDEEM2BX0467,head,20,2,3.9485493898391724,0.08138549327850342,-0.05318748950958252,-0.20698201656341553,0.13457298278808594,1
AYSSQP705RRKV:5:B000UUNY0I,AYSSQP705RRKV,tail,5,3,2.1301058729489646,0.01933335264523839,0.01933335264523839,-0.24468793968359615,0.0,0
AZ0PCEZUTF5QO:5:B00AE07BDU,AZ0PCEZUTF5QO,head,5,4,0.700148393130803,0.04309586376984953,-0.09162290147833119,-0.3380432537305751,0.13471876524818072,0
AZ26CDSJ363AH:8:B000FIFJBM,AZ26CDSJ363AH,tail,8,2,3.751858949661255,0.08105462789535522,0.0532299280166626,-0.3644024729728699,0.027824699878692627,1
