user_id	history_length	target_frequency	hit_g50	hit_c10	hit_c20	hit_c50	hit_u10	hit_u20	hit_u50	union_size	intersection_size	cf_only_size	jaccard	filtered_union_size
AQW172A5SG5OC	5	10	1	0	0	0	1	1	1	77	23	27	0.29870130	75
A3E9UK6ANIX73Q	3	38	0	0	0	0	0	0	0	97	3	47	0.03092784	96
A38N7SFDOB3MR3	8	5	0	0	0	0	0	0	0	87	13	37	0.14942529	80
A1BR7B2D7QXL83	6	12	0	0	0	0	0	0	0	92	8	42	0.08695652	90
A3JLBL62FPGY98	6	14	0	0	0	0	0	0	0	95	5	45	0.05263158	94
A3VNB1W7N079T2	7	5	0	0	0	0	0	0	0	80	20	30	0.25000000	74
A1P9UMP1XSE6MI	12	52	1	1	1	1	1	1	1	82	18	32	0.21951220	77
A18AO94P2ZIEF3	3	3	0	0	0	0	0	0	0	90	10	40	0.11111111	88
A2BRAVOAYRHDVR	13	6	0	0	0	0	0	0	0	96	4	46	0.04166667	89
A2F0AYUD1X0AMV	3	119	1	1	1	1	1	1	1	93	7	43	0.07526882	92
A2B8O4VOUC1Y5B	3	16	0	0	0	0	0	0	0	85	15	35	0.17647059	83
A1LG1DKUZXGJ6J	20	26	0	0	0	0	0	0	0	84	16	34	0.19047619	80
A18CF71GKLDS48	5	5	0	0	0	0	0	0	0	90	10	40	0.11111111	86
A2BFEMPHZAZE80	3	27	1	1	1	1	1	1	1	93	7	43	0.07526882	92
A2UAQ83AY3C3CY	3	3	0	0	0	0	0	0	0	99	1	49	0.01010101	97
A7EJERNB7IK3Z	20	22	0	0	0	0	0	0	0	93	7	43	0.07526882	88
A3MKKQT9ECS0S6	3	42	1	0	0	0	1	1	1	90	10	40	0.11111111	87
A279XQT50MB44R	3	4	0	0	0	0	0	0	0	82	18	32	0.21951220	79
A2B0KZ54I63XNX	3	32	0	0	0	0	0	0	0	93	7	43	0.07526882	91
A1D8KV88A3D7IZ	3	139	1	0	0	0	1	1	1	94	6	44	0.06382979	92
A1CYKFUPE5ZGBA	4	12	1	0	0	0	1	1	1	89	11	39	0.12359551	87
A2X6FC7OXFB61U	3	8	0	0	0	0	0	0	0	96	4	46	0.04166667	94
A37XBQWYQ1N1FF	12	3	1	0	0	0	1	1	1	92	8	42	0.08695652	87
A3FGWQHVQGOAGL	10	19	0	0	0	0	0	0	0	95	5	45	0.05263158	89
A17LDNW8GIFID1	3	3	0	0	0	0	0	0	0	97	3	47	0.03092784	95
AK9N3O4FT8DNQ	5	50	0	0	0	0	0	0	0	96	4	46	0.04166667	92
A198M311Q3VRYF	3	12	0	0	0	0	0	0	0	95	5	45	0.05263158	94
AN05GBGE65X9J	4	23	1	1	1	1	1	1	1	96	4	46	0.04166667	95
A35NGY49ZY896M	4	12	0	0	0	0	0	0	0	90	10	40	0.11111111	87
A1BP92HYW0HQST	6	4	0	0	0	0	0	0	0	87	13	37	0.14942529	82
A144U5041CFKQR	6	4	0	0	0	0	0	0	0	91	9	41	0.09890110	89
A3VAGT9TQUS9WE	4	3	0	0	0	0	0	0	0	92	8	42	0.08695652	90
A2RXOQQCU6Z2X8	8	23	0	0	0	0	0	0	0	97	3	47	0.03092784	95
A2OETFZ7IA6XSQ	3	3	0	0	0	0	0	0	0	92	8	42	0.08695652	89
A1N03V52IRZ5PR	3	26	0	0	0	0	0	0	0	86	14	36	0.16279070	85
A17B2QIN8RVRBJ	6	2	0	0	0	0	0	0	0	93	7	43	0.07526882	90
AO9XKAUG5XH22	4	10	0	0	0	0	0	0	0	91	9	41	0.09890110	88
A3G7BEJJCPD6DS	17	25	0	0	0	0	0	0	0	83	17	33	0.20481928	78
A1V23RXLRBR73T	15	14	0	0	0	0	0	0	0	98	2	48	0.02040816	92
A3N9DRV2RSEU6Y	6	11	0	0	0	0	0	0	0	90	10	40	0.11111111	87
A25OJH02IZ86EP	7	3	0	0	0	0	0	0	0	82	18	32	0.21951220	76
A2OD23539QMZS5	4	27	0	0	0	0	0	0	0	91	9	41	0.09890110	89
A2M87ULJS7K5TQ	3	12	0	0	0	0	0	0	0	96	4	46	0.04166667	96
A2R9PCIR3X3CAC	3	17	1	1	1	1	1	1	1	66	34	16	0.51515152	63
A1CM9DM8R7ODFX	3	12	1	1	1	1	1	1	1	82	18	32	0.21951220	79
A2CBPT24N2SQDJ	3	8	0	0	0	0	0	0	0	96	4	46	0.04166667	93
A9RTRKZM3IEOY	4	29	0	0	0	0	0	0	0	99	1	49	0.01010101	97
A3BRSKXH5657SJ	5	9	0	0	0	0	0	0	0	97	3	47	0.03092784	93
A2NN8PP67SRX44	3	83	0	0	0	0	0	0	0	84	16	34	0.19047619	83
A2J8P71K1DWF6J	6	24	1	1	1	1	1	1	1	74	26	24	0.35135135	69
A3SU0OXYEQXLEK	6	94	1	1	1	1	1	1	1	87	13	37	0.14942529	83
A316PEISP38C8O	7	7	0	0	0	0	0	0	0	98	2	48	0.02040816	95
A3ARXE2KRSM0VF	8	23	0	0	0	0	0	0	0	98	2	48	0.02040816	95
AQ1XM9TPJZ5MR	3	127	0	0	0	0	0	0	0	91	9	41	0.09890110	90
AW9BJULSBM5Q	3	2	0	0	0	0	0	0	0	98	2	48	0.02040816	97
A3UKTZTJRBF719	9	9	0	0	0	0	0	0	0	98	2	48	0.02040816	94
A2WP8B9T3X61P0	3	21	0	1	1	1	1	1	1	89	11	39	0.12359551	86
A2AVTJPQVX4OWG	8	51	0	0	0	0	0	0	0	81	19	31	0.23456790	78
A5V4PMU0M4ILG	6	36	1	0	0	0	1	1	1	91	9	41	0.09890110	87
A3M450F1MI9G5X	3	12	0	0	0	0	0	0	0	99	1	49	0.01010101	98
A1AGUB4IUV7MFU	3	9	0	0	0	0	0	0	0	99	1	49	0.01010101	96
ARIDN94LOCQFD	20	13	0	0	0	0	0	0	0	91	9	41	0.09890110	88
A38K7SSI5890AP	5	7	0	0	0	0	0	0	0	97	3	47	0.03092784	96
A1KHLGSQO7G7J0	4	6	0	0	0	0	0	0	0	98	2	48	0.02040816	96
AEXG2O420LTLY	3	18	0	0	0	0	0	0	0	95	5	45	0.05263158	93
A1O9TQSCKSLG9J	5	6	0	0	0	0	0	0	0	98	2	48	0.02040816	95
APB9ABGPIWISR	5	1	0	0	0	0	0	0	0	97	3	47	0.03092784	94
ARJ30AM9A4VPS	5	10	0	0	0	0	0	0	0	94	6	44	0.06382979	91
A3MJ6KO3BG5PSX	3	130	0	0	0	0	0	0	0	89	11	39	0.12359551	88
A2ILF5254TTZ98	3	7	0	0	0	0	0	0	0	98	2	48	0.02040816	96
ADLYO655RWJUI	4	49	0	0	0	0	0	0	0	96	4	46	0.04166667	94
A1VSD1TTO9LTA6	3	55	0	0	0	0	0	0	0	98	2	48	0.02040816	97
A4PPZNQF1X2IY	3	8	0	0	0	0	0	0	0	79	21	29	0.26582278	76
A2XOGLJ3V3X7DR	4	31	0	0	0	0	0	0	0	94	6	44	0.06382979	93
A2H2W4UV8OHUDI	4	38	1	0	0	1	1	1	1	85	15	35	0.17647059	81
A7YLDDB1MZP8H	4	51	0	0	0	0	0	0	0	93	7	43	0.07526882	89
A1KU2VHK8BECRW	4	20	1	1	1	1	1	1	1	93	7	43	0.07526882	92
AK9QPADLB9CV0	6	1	1	0	0	0	1	1	1	94	6	44	0.06382979	89
A2I1B7GHNP1JTA	4	3	0	0	0	0	0	0	0	91	9	41	0.09890110	88
A234HXDATOAYEY	20	14	0	0	0	0	0	0	0	86	14	36	0.16279070	82
A2IJZWRR8GJ9A	4	71	0	0	0	1	0	0	1	93	7	43	0.07526882	91
A4ONPTKOHKXPB	3	132	1	0	0	0	1	1	1	85	15	35	0.17647059	83
ALYO802XSAPL7	20	4	0	0	0	0	0	0	0	96	4	46	0.04166667	88
ASSJWXLNP773X	3	4	0	0	0	0	0	0	0	94	6	44	0.06382979	93
A31ORAA66G2I2P	3	2	1	0	1	1	1	1	1	93	7	43	0.07526882	92
AUMB4GTLYFGY9	7	13	0	0	0	0	0	0	0	96	4	46	0.04166667	93
A139KRFZTCSJE6	3	11	0	0	0	0	0	0	0	93	7	43	0.07526882	91
A3S2TOPDUII9K0	3	4	0	0	0	0	0	0	0	96	4	46	0.04166667	94
ASB4QQBKZD6W2	5	17	0	0	0	0	0	0	0	98	2	48	0.02040816	97
A241UDYWOGCAGX	7	9	0	0	0	0	0	0	0	99	1	49	0.01010101	94
A1JTTI1KH3DOCY	20	3	0	0	0	0	0	0	0	90	10	40	0.11111111	81
A1BOJE4E44MYW6	4	6	1	0	0	0	1	1	1	96	4	46	0.04166667	93
A1PVOHZGN3G8VN	3	9	0	0	0	0	0	0	0	81	19	31	0.23456790	78
A238ZSESNZ0OPF	13	15	0	0	0	0	0	0	0	95	5	45	0.05263158	89
A2KB9VJBOMIC4Y	4	17	0	0	0	0	0	0	0	91	9	41	0.09890110	88
A102DV5B0MSC68	3	74	1	0	0	0	1	1	1	93	7	43	0.07526882	91
A1VLDIHYXRTMAH	3	24	0	0	0	0	0	0	0	92	8	42	0.08695652	91
A3RRHT01JBVE5N	3	14	0	0	0	0	0	0	0	98	2	48	0.02040816	96
A2B8V5HGXLYIDV	5	6	0	0	0	0	0	0	0	92	8	42	0.08695652	89
A3A2AVD40MO6QT	7	5	0	0	0	0	0	0	0	81	19	31	0.23456790	74
A2OW5HR1083Q0G	3	7	0	0	0	0	0	0	0	96	4	46	0.04166667	94
A2380HQZW3LHP	3	5	1	1	1	1	1	1	1	88	12	38	0.13636364	86
A1II2ZRPKZAQQD	20	7	1	0	0	1	1	1	1	73	27	23	0.36986301	63
A1IDAKX7OM3QIE	16	32	1	0	0	0	1	1	1	91	9	41	0.09890110	87
A16QWJNSAWFCQ4	3	12	0	0	0	0	0	0	0	99	1	49	0.01010101	97
A1ZR54GWZM4QYK	7	17	1	1	1	1	1	1	1	69	31	19	0.44927536	64
A1A4QTASZGJL3W	6	1	0	0	0	0	0	0	0	95	5	45	0.05263158	93
A3R4GFCDXI93C1	15	34	0	0	0	0	0	0	0	94	6	44	0.06382979	89
A14UOOROH3XRQ9	18	11	0	0	0	1	0	0	1	88	12	38	0.13636364	86
A265B1IZE5RVG6	20	4	0	0	0	0	0	0	0	94	6	44	0.06382979	88
A2L6QS8SVHT9RG	3	38	1	0	0	0	1	1	1	82	18	32	0.21951220	80
A6879F1Z2OQVX	4	3	1	0	0	0	1	1	1	88	12	38	0.13636364	85
A3UOJ4RLVUUDMI	3	11	0	0	0	0	0	0	0	81	19	31	0.23456790	79
APDPA11IZPYLN	20	25	0	0	0	0	0	0	0	88	12	38	0.13636364	84
A45B33GH6R0FJ	3	7	1	0	0	0	1	1	1	93	7	43	0.07526882	90
A2OXB18PCWKLX1	3	11	1	0	0	1	1	1	1	85	15	35	0.17647059	84
A1FJ5KR8PK0QF1	4	4	0	0	0	0	0	0	0	100	0	50	0.00000000	97
A3UBR469X3HQF9	5	11	1	0	0	0	1	1	1	94	6	44	0.06382979	91
A31JC6RV4951A0	5	7	0	0	0	0	0	0	0	89	11	39	0.12359551	85
A1D0PIT85H5VO9	5	5	0	0	0	0	0	0	0	96	4	46	0.04166667	93
A23TGI02RB7JC	20	22	0	0	1	1	0	1	1	84	16	34	0.19047619	80
A2PFI4YA2DW1RF	7	51	1	0	0	0	1	1	1	89	11	39	0.12359551	83
A3DTP68HT6DBJL	5	72	0	0	0	1	0	0	1	92	8	42	0.08695652	92
A3N27L13CWJ9HY	9	36	0	0	0	0	0	0	0	96	4	46	0.04166667	96
A1AK05CHLZX3GF	16	72	1	0	1	1	1	1	1	77	23	27	0.29870130	73
A3TOH9LAG3SVDJ	3	41	0	0	0	0	0	0	0	97	3	47	0.03092784	96
A26AYSYQM0TBNI	3	4	0	0	0	0	0	0	0	97	3	47	0.03092784	95
A2C1R5BBL1WXTB	5	3	0	0	0	0	0	0	0	94	6	44	0.06382979	92
