user,stratum,target,history_length,full_hit50,target_tail,selection_hash,newest_item,oldest_item
AIB5B9WTNVEKC,tail_hit,B00B83G0OS,5,1,1,0004f4325877a8c1b53b38d29ffa7c8b964fc59dc39b9055142a150420977a1d,B005JYP96W,B007NXZ0T8
A08409921GVN7C8RD97CV,tail_hit,B004X9BSIC,3,1,1,0006a92000d846ed9325dc2e586750309ef5e3d267541b26a29a5f1a1b6f2a87,B002KFR628,B000GHF3JA
A17S9Q2RZW4NVJ,tail_hit,B004W24LQ6,3,1,1,003f08aca7f560b6ff53a93bf11b669ba16f3c9b56b631a0717bd6c5e698ea32,B004VMGTY4,B0043TUSME
A1CBCTJ0VF4RI1,tail_hit,B00469CIMO,3,1,1,017b68a7304412bf29ee5f18590067cde74c5a2a3a7c11ad289d4b9d081cdba4,B003VMXYLG,B003VMU63K
A2A5DGNAJRHSH,tail_hit,B00ELN94GS,5,1,1,018ee4c268f1bce6008715f597a5d705e76341474a4add44ae9d9004ba59a780,B0092V5BGG,B00GM3G6WK
A23RZIU0N8K2KR,tail_hit,B00EOP3O3C,20,1,1,01b97345a133c8a4dbd1dbd28789a04b74d9fa522a3358e4106d07bdeb4f5b3d,B004BYSOYK,B007JT7AIK
A2UXV0M5RRYT0L,tail_hit,B009HBDK2S,3,1,1,01c9af3ca7fb8d89aef14c3eba8c19e40edf654d1dc20f2aa71bca4b8257ccf5,B006Z9ACMG,B002RXK1UC
A2900PFIZYAJ0H,tail_hit,B00CIX1SLW,3,1,1,01cd54bea301ac0200e308d987a3f5d1f54874cdafe69a7cd4378d03d048df5c,B00CHFRIDS,B00480GXTK
A1RLP0R1N8H8C4,tail_hit,B006X1INQI,11,1,1,01e0eb8815727b4beed5134bd39b915c87f8a682ca1ad66cea9f00b389e6817d,B003CW9VCG,B000F6UJ32
A3G3UIABN8BEFH,tail_hit,B001FORJXQ,3,1,1,01e6d5e21ec04546a6db6d505af62d7e0e95612075942b63c7e4ef4b5abbe03f,B0012RYDWG,B0009OAHVO
AZKN9KO2ECFFZ,tail_hit,B008QMWVP6,5,1,1,021bad72b2149c5d33b49e72127554c13bbd683f5bc1e419d45f11fa49cac3d3,B008QMWUMK,B000C1UFM0
AQNNNYLDZEY2H,tail_hit,B001PHDT4Q,4,1,1,0230cb163b00d25fcfc45f1b8e25041dd0eb7f98cc85d0761afcb565632f42bb,B000QE6U54,B000TK99NU
ASYVI9TLV4WPI,tail_hit,B000H74SE0,3,1,1,026258886df0ca813de3b50ce7af45694c65cb875252136bdaf992f55113e83b,B000X1LOJM,B000JG1QDA
A3AHOSISKNBLZ6,tail_hit,B00L3LB0IG,14,1,1,02853b4840fdb3122303de1f57d6b373dbbbd26b5523f976bfe51c341e3a70f2,B00L3K91OW,B00DLRNSSK
A1R75AU7A2K4VR,tail_hit,B0039OQ0FI,3,1,1,02abae207e8615d5d2e3ded27468beffd5df3598b83832b0da721a3b0787b8e6,B002X0WLEI,B000T9ZCL4
A1HFSY6W8LJNJM,tail_hit,B00ES2EZTS,9,1,1,033059e7439260397e7a5f550a29422c2bb3b022216bd3b5f5984fdb95ceb90c,B00ES0Z206,B0017T398S
ADJGWYUDUXXB7,tail_hit,B00G0EJYFW,3,1,1,03b6905e18708a41adf165852c6401fad3fad93f99b4adb7337c365181173116,B00HI6FN3S,B00FXH7YZ4
AEDW02H5TT0LJ,tail_hit,B00543733U,5,1,1,03bcd261de702447c8f3482dd34a5de63015bf6eedca9be6e43987ccce8af2cd,B004LUZ956,B0007W1R58
A4R79I9TIZDPR,tail_hit,B001V9LUWQ,4,1,1,03cdc522593cdb094559de31b4f24823dc1ef1b9ad0b93ebb93fbb2343e0fbb8,B001V9LUO4,B003KWMSPU
A2JO2R4FX91KD2,tail_hit,B00KPKIV8I,6,1,1,0404c1e644c91cf383c7d9622091f4ac3a6eb761edc52ca2597ef0078b45e1a3,B00ILH0IE2,B00KHH2VOY
A25FX5SH169PWQ,tail_hit,B00655DP1K,3,1,1,041cfcd4e5653a7ff9c5ab130b84ee15f4433cfb58c0b8e017b59ec3e6183bf5,B0019QHUTI,B0049VQGL8
A3FNDWADUT516X,tail_hit,B0015XWQLW,4,1,1,04dee610a26158262dd93af4b1855f17c28a6d4624bddaa11778e5be9e7e06eb,B000QSDHPG,B000HIYE0M
A2K4HN6EECBNR3,tail_hit,B00EYZY6SY,20,1,1,058ce7b9b42c790cf7292d13ae8a73da0f60d1f6f6d990383a9753a537554698,B00GMWMMOW,B00GTBZXTC
A3BE0FXM74OHSK,tail_hit,B0054Y0PMK,4,1,1,05cec95e4d2f43a98593d185d9f1cce1dba4f619c1b36490cd54df66ddf2e961,B002O0D8P8,B0026RR9KO
A3VEY6S5325K20,tail_hit,B003GDDGQI,4,1,1,05dd5fd11842adc7583cde981854317f3f704b1c99c83283d6c01845e828b56a,B001KYQ3DS,B003BMNE4I
A3B8498BJESEGB,tail_hit,B005MIFIQG,3,1,1,05f0a1a3b5da1aeeeec1d8c9c84789f5fa61216114360f68d4afa77e9d8cb35b,B005MIFI3E,B0050OAHY0
A2KZ88FJPSBU8E,tail_hit,B001EWET96,5,1,1,06189d7519830ad5671ec37506baaec7cc97438536c12e2f25e3425375c3a697,B0017SWIU4,B0009P4PZC
AVELT2UOALKEM,tail_hit,B00EP2P3ME,4,1,1,065ed19a8cc9909fc9b73841b3d29cef57e1c36f9031daa75dd235839ac29619,B00ELN94GS,B00DQ2I0G0
A6LD1EKWZB49M,tail_hit,B000MASTM4,3,1,1,06b271a64c7864ee47b40748add7507ac65f57334710578ac3cece14b571f692,B000MAOWP2,B000MASTMO
A3NQHL0D2ODQQL,tail_hit,B006YFRE90,6,1,1,06caf44e3732ce78e4de332aff5b4443802c9a776328f3b0d66935a12c60f0d8,B00644YNAO,B000O3OZD6
A2LBR5V8W5JCHD,tail_hit,B006448CW4,9,1,1,06cf789b709fde5a08ef9c9517f4bb17542b549218300b1576cd1966b4f43fde,B006QFCDDK,B0028SVO98
A1I1PLTN223ERB,tail_hit,B006RHYSLM,3,1,1,0706eae30d54780a605ee1ef41b9e0f4a2cf0da285d3bf406eff77c702e6ee23,B006K3ONSQ,B002TSA90M
A2CQCK7SRD2J02,tail_hit,B003KUD702,4,1,1,071585afdace7d686add798fcda514140125716954223a74b8d9a99ec40ed9aa,B000N8CN4U,B001V3TVEQ
A1BVALMLWA8IW3,tail_hit,B00AUVPOLO,3,1,1,0763b3a20bafc494714bab2901d6f3f33b161c11d801fea9064e411fdabf12d5,B009CS493U,B004WDV2XA
A2RWR4QOMFFO63,tail_hit,B00DPTW8JY,4,1,1,0793705595902efba936f10640b705a973d9aa86c08aca1d56296e0e5bfed609,B00CJ3MDJW,B00AUV9GH2
A13NR8NV9C8VVZ,tail_hit,B00KNIL36E,8,1,1,08431778f235b9d38cd1271491bbb3e792b1aed7a82f576332c0b7b522a88703,B00KH6F6TM,B00DCF7QW0
A32TCWAILP09A2,tail_hit,B00IC9AG5A,6,1,1,093170315b983b705abf85e2c83d538624f1aa1fd15f8b46d8dd59481c58509a,B00IC8JBIE,B00GYJWL7G
A2T7QV5SLJXBN8,tail_hit,B003J48F3I,3,1,1,094062aa939125f4c7bfd0c1735efbd4713e866b8e9769f65bedbc32b8436e6e,B000TDFA3K,B007ROD202
AOAOARIH72UWI,tail_hit,B00EOP3MJI,20,1,1,098b35573ced735325d4859397d774bf4c9719d280a915b31eb7b4875e370e4c,B00HSNWXYI,B00A0IWT9C
A6JSPMY3YH1K,tail_hit,B00CNXK6WO,14,1,1,09b8f93cb8c36dbf3b39b0256f089c183790bbbd0db2dd463203f3c3769c80c2,B00CNXJYUO,B003GVCU62
AEZD6FM4V0BZL,tail_hit,B001G7PMOK,3,1,1,0a9c0e0515a8808e848ce754adfa6ca148523f1e8c5a04fb57d491394c72f9e9,B0012J30KU,B00006JT6O
AZ2UU2UYXECYX,tail_hit,B007O7AZ3O,6,1,1,0ad5fac11c45ba1f0dd844e530913c723730dbd1a6c7eae276ecce41114786d4,B004TSFE6Y,B004TSF8R4
A2DQQUEPK53ORW,tail_hit,B009RNUH8G,7,1,1,0b3a816cf52b4720740a6adcc6ad6fb7200e9a485b49677be404580cfb38e7a3,B009RNUH4A,B0036WTTBK
A2C0SBRSJNEDPW,tail_hit,B003CEA88U,4,1,1,0b85e86d4e95523817725072967c393c929c06d60a1c6705ef856ea681cb0397,B002KFOX38,B001AO0WCG
A2ZY49IDE6TY5I,tail_hit,B004L5L4FU,20,1,1,0ba4ebdee4174a8cd354cfb677b72bfe1b5941e58349c425420ac6894a88a3e6,B003GC4GHM,B0055S4BZ2
A2GAR1ZPZFO28,tail_hit,B004SY3X4Y,8,1,1,0bc2b17d4f98cdddf7276245c8dbed059c61817e31e392705f8058d09df0b6b6,B004SXTF38,B0012K1R3G
A4ZGDN3SEMB7T,tail_hit,B009EE9JFK,7,1,1,0c86d8fe0a548236d728bd7c0a24c2c3a079cc3f28ba96ceb800e9c5b860d3fc,B0084HCIHY,B003CTU5MO
A2RJTIE73NPN3C,tail_hit,B00EU7DBQ4,3,1,1,0cb1cde7190a244f298705d4f8b9c1e0654a25e2903ccebb8228b812138f6d9d,B00B7N7CTQ,B004367X70
A1BZHQ8C4F0M3T,tail_hit,B006FM3UVS,5,1,1,0cdcfc0b20f3f012e46b87e98121c6d416f2850c2b79d453169fe12ca3a58633,B0068DF82S,B00164RON0
A1UXNOX03UE9F4,tail_hit,B00I14O9C2,5,1,1,0d2bf47b64bb6d649e570753e992c48cc14973bd8e05ceb48dcb4d89a0006023,B00D5MQHCK,B00E68NX60
AU1QS79HSMNFV,tail_hit,B004X9BSIC,3,1,1,0ddfcd28783c43c0d2a202f23537d177f7b9ba4705004e86641a596411541608,B004X9BRU6,B003CE8BAW
A1SAHMB8L5XG2D,tail_hit,B0084HCIHY,15,1,1,0de955476c16a4f0f33d1fc5c6b9303e369062d9e5fe5f25aa37e1f87ad7c1de,B0027Z2720,B004NX17J8
A33H01BTWQ1H7X,tail_hit,B00HD4F8DK,4,1,1,0e461b240c605a953e03e56d647005c2093b807001b752244db1915ac1082625,B00DIH6CMW,B005UHS46U
A1KQJNUMPXAQWQ,tail_hit,B0054GLD1U,5,1,1,0eb28f7df7634ebf81900e1cf6dba607898b2bbb0fbde46f1f0e32a4e6205013,B0054GBXOW,B002QI1E9K
A8BI1AL5ITVDO,tail_hit,B005XCCE4A,3,1,1,0eb9fcae79661e3b85d548cbef11a8b71eca64f03bbd0f98ba61e1d18d5ae148,B005GVY48M,B003RS8ZYU
A265KF0CQ058RZ,tail_hit,B00EP49AX0,5,1,1,0ec20f7cb8f9c19bbfe799974cebcb900a8f2e62ec2812715f185736cfc88fed,B00GJYQCB2,B00DQ2I0G0
A1S4J5EF987DZV,tail_hit,B004BOUWD6,3,1,1,0ee055e3466827cec3602b594ca95145763709edfd62aa3b8bafca2cf79ee4c9,B004BOS5BM,B0049RBZRC
A2AIRFEAWEQC91,tail_hit,B00A7H8ECW,13,1,1,0eee2ab0a19882aa602c27ecb1124a5e46a47c2fddf0a81a20ad4dc9b6e11c8a,B004TSFEBY,B000VSG1PO
A3LOGP4VA9DX46,tail_hit,B00GMWMMOW,20,1,1,0f49cb46914d2794a6f8f8461ab6cf4a4d1d255a6c1b0127e9ca74b151d9ed28,B00H345TXO,B007RTR8AC
A3IAU6ZPVF2R5K,tail_hit,B00J3JDCH2,18,1,1,0fac03a3209d0dedb8969e86ca98ebe97e4665aafcd04ba979b70665577a0854,B00J4JWN2Q,B003V21WO2
A3RYJDTXDFBN7Q,tail_hit,B003VAIG3Y,3,1,1,0ff9f489ba264fd3ceb58b5364478654efeda6886a7ac5ad13a6b361f7f85b1b,B002T71I3U,B00166KXTU
A1MDDJ2XUPZZOE,tail_hit,B00ISW8ZVS,20,1,1,107d6ca48d9e8dafbe28de9e606a1309414adbe8b33fc98aab406f8c064bb7bc,B00H345TXO,B00604MSSC
A1NJARL37C9BEO,tail_hit,B004DIUX16,3,1,1,109e93be57a3786b804a1ef8d93442350b1c1e0fc42fdf2e1e12eacd39990564,B0019QQ13Y,B002CKYZMK
A2UF5R4TZ9R4JS,tail_hit,B0046MMCFY,3,1,1,10c710bf79e1f0ec73ad3e20173dd8f1b6d68d9b703605b9684ebad059c1448c,B0006IJA5C,B003MJ7Z0O
A10OTOBL3K2BHE,tail_hit,B005OZN56M,3,1,1,10f9756aedb6cd3427ece5c5c218f7c717e3ec6491d62ad221268f2073c26af4,B000PHRIQM,B003UH0528
A24840XIEH2EE7,tail_hit,B0002JKQ8K,3,1,1,11597b830c5b05b261ac775813623d9be05274465020e77e8d82e6797bd7e951,B0002JKPA4,B001KYS1YM
AT28RL25Q2OLK,tail_hit,B00F2AFCJM,20,1,1,118e1d741bdff31c9e02ffcc68c47266344ee3f35f2eea3142a84c4d35ebaa32,B00HVSQ4UE,B007A592HU
A3MFD96AMFQ5BX,tail_hit,B007O7AZ3O,3,1,1,11b424709ed56a9bfad750950ea9493e847753300a352ff0ec2e904c01e11cb6,B004TSF8R4,B000R8WOT0
AGYFY5SM8YJE0,tail_hit,B007CNDZIW,3,1,1,11cb78aa85efc97d23fb118d6981e0040b12dee179f4ab73fc639a1a998dc31c,B007CMQ9B8,B003E6FVXS
A1AZDXLH2LSSBK,tail_hit,B0037ZA4GU,4,1,1,11f6097ce5f5c289ed89ecf65aa3c5c79e47d28b9ea9ec34096c3cbdea0ce531,B002CML1R0,B00150DC04
A1Y98ZI1D2V84X,tail_hit,B003NMVN9E,4,1,1,121bb75a60b58e5d317bf9b05f658d268848f053db059f58e71e8ec54dfbddf9,B003NMQUF6,B001CJE0Y0
A9NYG83TEGG4O,tail_hit,B002HEW7QM,4,1,1,1222b9e2ad13536ee67f27050e1ed6ffb01f0aae02696610211352ffc34e92bb,B0019QHUTI,B000Y144SE
AQD0L8H1MIEI9,tail_hit,B00A4F86KC,6,1,1,128b8b27905d1dc88e44e10e5ed545dc9b5d7369113945327c2d7416f32ce2af,B00A4DSLK4,B005N2ZLHW
AAXLAV096NKIL,tail_hit,B007UTZQO4,3,1,1,130749e3f3348063aa51f883335f60d278956d1fe5daae6713c44c1cc3b7bbe1,B00766SGE8,B003UVLO7E
A25SFE4WC46G4B,tail_hit,B008LF5U7E,4,1,1,1331f85bbf5c6ecacfee6451b7fa4b1c8f82f5679ed8d2232a1786ef4dce587a,B006RILXKA,B001Q8560Y
A10L198Q8ZKC0H,tail_hit,B00FPROWWU,7,1,1,1377ec8bee99300278bd0abd3ac0fca9becb8417dfb5f77d5f141498ad777272,B00KD73PBQ,B002CVTY0C
A3A582ZMCKUYBI,tail_hit,B000260KIO,6,1,1,14057068c82856a1b2eb481fd2c825361ec3966c14c36bdc498f76c27e7c3f0f,B001ET76EY,B000G8LWZI
A1ABSMOMA1M0RR,tail_hit,B00G0EJYFW,4,1,1,14c0218de3b620e4beeee7fded2f2a066158e41bda00136969e4ed1098972564,B00FZESMKG,B00FXH7YZ4
A18IMN843SVCSF,tail_hit,B000TDG2PU,3,1,1,15126204f11f57bad2c4e1c1d6729f29747d79b1a43acad75391691639cc857d,B000TDFJZY,B000TDFA3K
A3U16LITWT2PQJ,tail_hit,B002G60MAO,5,1,1,156f2c0e48d8ee4c335326714e093edcdff52d0e851d2551b7cab4211c2d3cda,B003E0KC2Y,B00021AK4I
A2UQGGK8VJPUH5,tail_hit,B00EOP3O3C,10,1,1,15c8287083fa378b480693317c4684f1da9fe9f991d5b0ef9326a46c07d2b79c,B00FLRHYCE,B0063A432W
A3GU0WUASNFV0W,tail_hit,B0009I4MCU,3,1,1,16231ba5bb966c8bba461de1413fa0a316bce8f3564fb14dd790084715f3d071,B007P296VA,B0006ZHK7A
A2Q2J1CF4Y5JWE,tail_hit,B002HEW8QQ,3,1,1,163bc78cce41c4eaca1c0314eab199aca7453edf27f46971b6b7da097c043e7f,B00147FGJ8,B0019CBAZW
AVVJPCS9YX7PL,tail_hit,B00507T7XO,3,1,1,1673daa4698eb836832ec6ee1b4f928d8734896a7730647637db7eb638e594f8,B004L5L4FU,B003GC4GH2
A3A4G4GWWZU04J,tail_hit,B007A7PTWA,6,1,1,16e4d7a9de673e88b6476df6cb13ea2d82b7133cb494592720bf005b9a58026e,B006VJMM50,B0053PTTU4
A2MHLQ3X4OO6V4,tail_hit,B005MIFIWK,3,1,1,175db86a8748c1ad7f692e528953d5a530ef3660fec798a79cd009a0ffaf478a,B005MIFIW0,B001FB5IDW
A1NVH8VWFYT7WJ,tail_hit,B007L5ISQ0,4,1,1,17b0e204265118e0b7f0e7b915560e775f57e38d9f24d208bb3cc9f1c62b4f5c,B000P8559S,B001C9QET4
AWFGKB5SCJAO2,tail_hit,B00KNIL36E,11,1,1,1807fda1f972a7290da0567b3a5ac3dbb7ea89306b11d90a5247e252359b4c1e,B00J5D8BY0,B00JPK2K0Y
ANSVJD1WOPIDH,tail_hit,B0054QJCQI,3,1,1,19027f90af04797b207e3c772cbacfc3d8089d177c9db9555718140bcaf46e89,B0033ZDSIA,B000142C1A
A1WH5J3AP5JR7H,tail_hit,B00FRDPNA2,11,1,1,194d88e3f4ea80ef76faca0557672e2d9596a47724d1c7060d6ee7068962240e,B00I073WLE,B004D267RG
A2CWI8C6HJP3B7,tail_hit,B00JJ3QMFQ,5,1,1,196348e864bcccd61ea26fb613968faeed649f8d194164da9d62e944ccb27286,B0085XS98Y,B005D0WXPC
A2D5129GY6KDUP,tail_hit,B00KEGG6S0,6,1,1,196a6b8be854ec2f539d3bfa4c159b253057c13ef119bf3d34a9d0dc28f794b5,B00GDKBUDM,B00GDJZH5K
A18R9VW929LL70,tail_hit,B004ZNEMK2,6,1,1,19c2087239c358628f33faca512f41b68800c5fcaaf55e5cdf54e929ffc63c27,B00KAL5JAU,B00JX979CQ
A3DAMIW77Z4NRT,tail_hit,B004SSIW5K,9,1,1,19c49e8d9339adcabe8b1234e0b7902fcfd06cb5b6a20277b816a62303a12c2b,B0045K1N8E,B00AM8923G
A3LNS2C7V8IFO4,tail_hit,B00CQGUSZ8,3,1,1,1a44a9a49293b36d1bff346e8e7b196bc6de4a099772613d4c26c85d1cc70607,B00BE2OKXQ,B001EDHAU0
A2L3J6A347GF9P,tail_hit,B00IM7O15S,4,1,1,1a9aaf491f861a2b0fdaef14705c27fab2c2ca53374129f8ab73ccb620af13df,B00GDJZH5K,B00EP2P3ME
A1A1PYS58T6URZ,tail_hit,B0017QT5UM,3,1,1,1ad0503f2d09c72a57a7997c4512e7cf0c6adb329dd10f6dfc37c003773faae3,B0017QNO1S,B000EEX7TI
A2GAH4918ULN,tail_hit,B006BL75SW,5,1,1,1c42f0965e4c07f2f496d862b1cbe6f32b2707a014a038413ff54dda6dc76c2a,B004S3M2V0,B0061RAHG8
A16JNH4I4FITJL,tail_hit,B00AN9CHY0,4,1,1,1c4a038d53a1ede3a1cc673b156a0248a01f48215243f61692441c326110d770,B009CZR3Y0,B0036LMFYO
ARFL1FELT6VKZ,tail_hit,B00IFVHJDM,4,1,1,1ca9adee4aea5d4596395434b0397db9b3cd96bbb1d2a34652c4bc0d84df13df,B00IFVHJCI,B0047F71SS
A19XAL6OXGM67A,tail_hit,B00997YO52,10,1,1,1cb9128966607f4e34668847b5c7f260457e37fef2db7b3d9e1bf12e6d499580,B003HGOIOS,B000HIYE0M
A386QZ3Y4COV95,tail_hit,B005I0JWGK,9,1,1,1cf8f3a71309ce1627e46cbb6db7dfc8ae2dda6673e29878cfe94ba9343cd64c,B005I0JWEM,B000Q8PV96
A336FE20YZZL3A,tail_hit,B009G0E9CK,20,1,1,1d0172def34296b13f687fa12e534841d518b64c50e1195bbc92c58edc9faf38,B00HNKRWII,B000AAC8VO
A3T0RQ4M0AHQBO,tail_hit,B00JJ3QMFQ,5,1,1,1d1221ec3dec95415846de818893036bc5f898757d770635248888cc29a5b45c,B0085XS98Y,B005KK797W
A2W60HPT6ZHA60,tail_hit,B00JJ3QMFQ,4,1,1,1d47a94848fba437e847ffe6db796a6dea8cb48a9bfe0646fee4f280d1c09e14,B0085XS98Y,B00CF7HBA8
AW1YCQHPVSF6H,tail_hit,B002BWPXH0,4,1,1,1dcf8356c55fd087ab4dd3f2842dafbf4687f1335a56a60d4d4a7d97035f7621,B005I2MP62,B00027DMI8
A1S9UUQZ00LEXB,tail_hit,B008HBMVJW,3,1,1,1ddd3f7eadf43f7d8a877c1a3ea79957ca8579fbb09e0341c9fa9454237e486f,B008HBMRRS,B0062GYYSA
A37J1Y5BQ56YKV,tail_hit,B0022V2PKI,4,1,1,1ded79fb99f4cc464fbe29a42a3a30adc33300eba997933ed354a7beae6412d7,B0020MMCJI,B000C1UBFG
A2D47Q6Y5N3YOQ,tail_hit,B0061KQG6K,20,1,1,1df48ce7ff993237477fb45ed6ebfceded68329773e770fee4ca04ce6c702f1a,B0058P6S2Q,B0034KYDQ0
AN42BIYOEOFLB,tail_hit,B0009OAIKY,3,1,1,1e88610208b69e6a6e5991f723004d505d6ba6d7b41f6708f38cfe7e560ed4f1,B000VOMZOY,B000C1VVF0
A308LS0HLN94C8,tail_hit,B00346B7BI,3,1,1,1ec73deb9b9489e33c9ba812803c9663b23ffa3f072a27ed08bf94ab06fd3b84,B003414XXC,B00340T6XU
A1MY0JMN3D5HVH,tail_hit,B006HK7ECY,3,1,1,1ed23ffeac1bfa86e06f7b9948c50f3d0c493ea950f4f831eaca0dcbb91bec00,B006HJPT7W,B00127C83M
A20G85ZDLWFJ87,tail_hit,B004X9BRRO,3,1,1,1f0c89d29b9e1a1f49a38ae884be3abcf7dd7e0b660e2f8b3e1baac0917a4cbe,B003MTPUYC,B003CE8BAW
A9L0S0USXIU48,tail_hit,B000YC718S,3,1,1,1f1d649dd07afffa50f03f62a79598c76bdd1799d875cebf8c81023dd885e60a,B000PKYCJA,B000O7CE1W
A1YMVVUV1O75F3,tail_hit,B009X77A0Y,12,1,1,1fb9d674ad3e48bce8b518607b2feda73290710e49ebfecf81046eaabd0f9090,B00A8DHHNC,B005C1C02S
A2ZJPDH0YP90SD,tail_hit,B00FRDPNA2,18,1,1,209658950c68b0c1511b40ce8035153e8a3b567cb3c780cfbbfc4a448d4ebdc9,B009G0E9CK,B000KPZ7SK
A1K6PIEN2A1YZ8,tail_hit,B0063A4RXW,6,1,1,20a2f45df0acf177571dce5f2a5b05d2d928795fffff47bd8cc0879be0ae51a2,B0002Z0R9C,B0067F998G
AT997T4MTH9B7,tail_hit,B0011UR1H8,3,1,1,210e87152b0ac393e9937b897278d4bf443470d7bbda22e9844fa7fa64c9efef,B004FRSTWK,B00147FGJ8
A2R1VMGSXJ272L,tail_hit,B000ZV5SZ6,4,1,1,212efb83d20eb2f60352e756a85746b2cfc62add72ee677cefd5ab99eb56e073,B000ZV5SLK,B00028O7ZO
A38C6SSZR8CY3L,tail_hit,B00B83V0HK,5,1,1,2171c0bc48892aa41be41ee2e891dd07734c2dbf1fe232ba64acbaf8dae0e927,B008AMKZUU,B003ILUQPM
A2WY52YD5GAEIB,tail_hit,B00J4JWLJG,20,1,1,2196b9c888a9945bd943765a78abaf2a3c3e3ac3868b12b0329ddd1d93e66cdd,B00GLS593S,B003P904EA
AQ5WRR4MS98YZ,tail_hit,B000LJCNG4,3,1,1,220f05ef7107b0545d9ea293d3a584a15ac2b38fa316efee3555ad136da79d34,B000LJCNAK,B000LJCND2
AS7JA6N006377,tail_hit,B0002JG2NI,3,1,1,22b272b9c4b74d65c861ecb743105b87ba70f14577ff302f9124a7dbf575c590,B0084PXVX6,B0001TJX2Q
AZBC7QN6MVP84,tail_hit,B00A8LSFX0,3,1,1,22d3d08722b52ecc808ecdb11b0872668abe2b7da05f714b7901595086eb2ddb,B009SCRSHE,B003DS0B7I
A2QK3YGLR87LJV,tail_hit,B0009I4MCU,3,1,1,22f38f9d47cbe631b2c9406a078e85deed0ee28e5dc541c435e1ce375ffacf5c,B0006ZHK7A,B001NG0TXI
A8WHUQSWD0ODM,tail_hit,B00JJ3QMFQ,5,1,1,22fe1bb9555c0a4bcf57de829f6917a845d431111ff14283c1dc7491fea75c41,B00JGCU60W,B000OQ2DL4
A1U7RVXQM7K88X,tail_hit,B00IIB82FS,20,1,1,23b855774f666a36888bd130d258332f8aa9443fd90dc117414bd3c715aa2efc,B00KLA4INE,B00IAMTLS2
AZ1WAVVVM4FGF,tail_hit,B002PBJLMU,3,1,1,23cd85a8fe04a468a9866e6568ff3acca74c18cc2201a02b28e4961ac32de832,B002PBEDT6,B0017T29HU
A236E6Y09LWX2J,tail_hit,B00CGKJ7QU,8,1,1,240ad19195e0d3109653363a6393b4a6003a0754bef21a6b3c42b3d90d5c36f4,B00ARX8GGA,B00ADR6M2U
AYVBGONQ2AVXB,tail_hit,B00CM6Q6X0,3,1,1,2454971de189582b50309d8633ca014b9726ddc93f7fd89f82da18d014e00c47,B00CFNMZ7Q,B00CGN9LQ8
A3RG1M07FULK14,tail_hit,B000GDF48Y,3,1,1,2466875b32a4c126444fcee4e5aa179944c4151b7062830bc90220bd84e482bc,B000GDF48O,B000GDC4J6
A2DT9P6XQW3T39,tail_hit,B007EZ0CC0,10,1,1,2498df01374fdd38c8108d9f2bf91dbf068cb73eb35d0af5b69f931c5c52687d,B007AO3LJG,B003OGT4KE
AIPSUF99BQ17T,tail_hit,B001D67O3G,13,1,1,2577943baa8d0f3eb2b1d280b068deecca557c2ccb72915111a5c4c450bcfec7,B001DHI0R4,B000FKJYV6
A2FSPD94H4SYE3,tail_hit,B000FGC99O,8,1,1,259a099cecdba53930b565907e5830445946d9e390176a30b3bb600b9e9559da,B004V0SZNO,B002P9O45Q
A3CILPIAW45HA2,tail_hit,B007UZO2GQ,6,1,1,25b1502a991648dafcbbeb944984795fb4ce94ce327c1c19c75dd93a227c8d5f,B007UZO2GG,B003QA8XFK
A1V106YS1KRAMV,tail_hit,B009A0VGKY,17,1,1,262cc47251ed1ddb6b4fc474af40c8471f8d0386cc76d8eb95ab145f9df00e14,B008V9JG02,B002MZ8BK2
A16Q29GKE0WNW4,tail_hit,B001B0X05U,3,1,1,27207f8d38f6bcf830b8f146b715ba02f67eb284dcf0020a55b84795772143e8,B0018DAUDK,B000VOHR88
A3RQIVB0TE5R9J,tail_hit,B00CDOX81E,5,1,1,272481ccd9b875461e8a4251a2622a046c659a331b57a1e494a7fd0fb2832d67,B005O30Q0M,B00ENYB3IW
A1CMD08Z49PGKQ,tail_hit,B00GBMTWDC,9,1,1,27af4d19c58d1ff1fbd1ea63daaeb3ad8e0748dd2546faaa336863d47adbd60a,B00GBL5GDS,B000052ZB4
A3LRLLBCS4X5C1,tail_hit,B001G7PLDW,4,1,1,2843f81a4ad475506916cd49018cea3389253372b7cf2544171afe878914a172,B001ET78D8,B000HEECYY
A2IIOKKY2VUX4B,tail_hit,B00FZESMKG,7,1,1,28517c406efc748dc9af0fb1b24db5e807e75930930fb2ed98614329ec3e7486,B00FXH7YZ4,B000OY5W3M
A1CO03HHPZZ75A,tail_hit,B0045VPQ2M,3,1,1,28853f78f424a2ed08a31698db99b2cac58598dcb83ac4d67ec7426684e48081,B001ESE2KG,B003J4TJTM
APYRXAHZ1VJ9Y,tail_hit,B00BM4GG9C,3,1,1,2998aa8b718c56f524d27b8beb27e47b759db82f90956b0f3c4a0b9e57a94331,B00BIFWYTG,B00ARX8SF4
A33Y183UFAWA7B,tail_hit,B009IRO8ZO,3,1,1,2a1a539eac2acdc4cf9e966734714cb5c9feb708368996f124e7bfe96ba306b1,B0063TFLG0,B001GEEQ90
A1FYQL0TKQCHGK,tail_hit,B0089N2MO2,5,1,1,2a292e2c8b458789949abd76f7add9855dcd8bb284e64ab3d5fa5aabd1f41bae,B00700H128,B000GDDKIU
A3UMD2J83ORKUF,tail_hit,B00JJ3QMFQ,4,1,1,2a6a7914aaa6f8ba8c5e738d3a007655513bbe653d61a67bb23884bff2607761,B00JGCU60W,B0085XS98Y
A1X0OTJ62S2T22,tail_hit,B00B1M0XCG,3,1,1,2a7371ad1e5f222f363bc032d3ece329fd4737b006d1baa2bfa08575b0f7bdff,B0083OZ14U,B000FQOQ5Y
A32T585IZ0DJX2,tail_hit,B00LCEROA2,5,1,1,2b56a0f56d929011238419ccca2d69188e077d411630a13bbdeab26e039a5271,B00KEGG6S0,B00EP49AX0
A2QM8VVDIFINV7,tail_hit,B004ZNEMGQ,5,1,1,2b7fc06c712f1cb6036c8a400c8c4d599462cc4e112aa0191b4ab60159e3f9d2,B00C8YCFU4,B00G5WO2VK
AOPE6UAYEZPEG,tail_hit,B00479L6F8,4,1,1,2bbf88f0cff0a8021c08c548ca5e96108c291ad238e00c3ce8225e2d70c5d1d8,B0038U4TRO,B000G1MT2U
A1LUXL5GEANXL9,tail_hit,B00IR3DL9O,13,1,1,2c1c70ecd5908b6d89c867e7c97563ae235210313063b9f2e01cdf2256fd544b,B00GPQUFUI,B00GDTVJ7A
A2FYNL3Z5AJB5M,tail_hit,B00340T6XU,3,1,1,2cbb23fc5c73184bd1ed0b3cd77b1fb304a19fb222947226abdbc3e8403ac854,B00022WA9U,B00340XR1W
A28BSV6KDF862D,tail_hit,B0019GFZCM,8,1,1,2ce924165fb37decdba3cbf5cdd5aa546285934432be07721066fdc26d1c4738,B001715WH2,B002HMCIOK
A15XZFMT2VL1DB,tail_hit,B00BIFWYTG,9,1,1,2cf6c09be074ea610a4d4b0caccc8bd776fd3e4a388c2735454dc2719005261d,B00B4CYVBC,B0030O3VRW
A3TQOKJKWRWUDG,tail_hit,B00HD4F8DK,7,1,1,2d4f0b0f8c14b9ebd8928be096d7533147f5efbd1a84aef4b4df04ecaa68941d,B00CDGR29G,B005FK3M46
AMAEN1XO8STCN,tail_hit,B002VCXS36,6,1,1,2e40549bc032470d42b48706cc54953156f5edb92d6cc234860c7bf530762a22,B002VCJI76,B000V04ZLE
AFUK43DFWE43J,tail_hit,B000W3T4O8,3,1,1,2e4c97280bd40d3eaa264ebcd9a63132a36b7b0ccde1e3ae6cdd7cf592ab859f,B000ELP5KA,B000XE6336
A89ZZKNDFQH23,tail_hit,B009G0E9CK,20,1,1,2ecf64f3fff6b60a63c558c55c6384315d1d0d771d66348fff684432ff001b3c,B00J4JWLJG,B00B1DRA94
A2RYB1FFO62J7V,tail_hit,B0018ZTKC0,7,1,1,2ef7ed809b2be42728327c36bca97e4aefd1be54d8ea6cb336a7e9c0b89f5ab7,B0018QQ9PK,B004LUZ956
AD064CIXDTLPC,tail_hit,B0034UBI40,4,1,1,2f0e2b57de1dcade86dac98657bf4564d8e480e34e31be5c77de301b6827bdb5,B002MAYNMM,B0009V1YR8
A34AGKU14DGF5K,tail_hit,B003ONLAXQ,4,1,1,2f57672ec440c730595eb3d0acfb1ab347981ce5a42c6bc3f234ef8f1145b944,B003ONJH8Q,B003OGYO7W
A1IF2WH3K7I4HY,tail_hit,B007FWBZF0,4,1,1,2fb3c4685448ce4fc6a2d12e901b5ab939e0103eb50a2ef7d65799de4f9b50dd,B00346B7BI,B00340T6XU
A2G1L1KWIHNQFI,tail_hit,B003D7FE80,4,1,1,30003aa0ccfd12371af39afdbbb58d0380be742f41bd3d7bec7c36652380af2c,B00347FTXE,B0018P2ZEA
A1Z3AV93ONK5VF,tail_hit,B00KQVTX06,20,1,1,305d4076a875e247313453d863d51e35027a767172e93a4453ff88d01f7cb39e,B00KIEGBHE,B00KCTER3U
A337J7BX0GOZIR,tail_hit,B0014UCJPE,5,1,1,30725714b5a3338a228b4041e0072bf1ebafd2da35cd4c50e3ad7a5608a64cdf,B000KNHJ5G,B0019LWU2K
A27H9DOUGY9FOS,tail_hit,B00GAXJLRE,19,1,1,30ff8038c76c3d2951958f1e5ff2cecf8a9941a6faa1a46a6b47b7a43edf0afd,B00GAS8616,B00AE07BDU
A2V4EBL0Q11F91,tail_hit,B00G08XZEE,3,1,1,310fc0cf6343710e77a7ba962a8376e695988693ed4c717961b824abf479ebb1,B00FZESMKG,B00FXH7YZ4
A3BUN5KKKUMUIH,tail_hit,B003YCF47U,8,1,1,316112b6141f1c4256e730f62715fc80786943f2f7b68c245724e3b1f8c516c7,B003USJVEA,B000NOFZTY
AXJVVX4A2P7B9,tail_hit,B00B7MUJR4,5,1,1,318e2c99a582d3d92dc90df788c2d695442a2e8027e5cc448bcc3cad516c1ed8,B00ATFJ8NQ,B0006Q3NTS
A2ESYF5YSDV4NF,tail_hit,B007IVTA0U,3,1,1,31b8ec70e14386ea726feddda2542a8d6a55da24b043ab7c9bfd0cb048a833f3,B0065R18TY,B002DPV8L0
A2Z44TJ81QSHYB,tail_hit,B00CGKJ7QU,5,1,1,327f8966b6232309ba1c585b1458d7c8f99191199b1e7010e27bde18a263f26b,B004WDV2XA,B00912CL5K
A1NCCYZ93D52YP,tail_hit,B003N1WQIW,5,1,1,3280650bda9d8a9b7a40132d22a4b6b13e31403726ac7b3d12d7f1513e8422f0,B007CY2C76,B0016BHMKS
A28EZP272508ZZ,tail_hit,B00JJ3QMFQ,4,1,1,32e9454921dcb278760f02b4912d15dd56228b54ec316889b23456517d6455a5,B0085XS98Y,B00JFH095K
A2L5ZLXX6L6NXZ,tail_hit,B005J4Y0O4,4,1,1,32f7ad700fcf6e8aaed2e29fcbd8a768a46fef132e028308149e0eef4139d087,B0034UBI40,B001R5SBHG
AT08ZTZS42UJD,tail_hit,B000T55RSG,4,1,1,33944c0e930cac0dab2b6cbdc7b7516a87c7d08d97514728b8907a1486f628ed,B000GX4BSS,B007PG783Y
A1LMH7HFNBZUCX,tail_hit,B000P7X1MC,4,1,1,33c878cef620eeb529f3434bd5160eabfc1b23841c3f088025af7d884cc7b1a2,B001C9QET4,B000P8559S
A34SBQ95XEVLSO,tail_hit,B00B4CYVBC,6,1,1,3435d61293ea26d76da205fa4ea801b7b64315cc9b8bed563e0a00d42dd1df07,B00ARX8GGA,B009D7V4WO
AVN96N0FJSS4M,tail_hit,B0050INH2U,3,1,1,34be348443b8469e3f1614306f652bdab752512f10f3adb7780c0b6adb0c98d4,B004ZLBEW8,B0002JKPA4
A2TGPI8IHZ62KM,tail_hit,B00AS5GHKO,14,1,1,34d4cff5c16e60a39715529870b48e04bf4fef8ac897ae849a18a4c1411b8414,B00ANFYEQS,B003ILUQPM
A275QNYIU56MPR,tail_hit,B005P0M69I,3,1,1,3525b0283d672f91d295e6799c2b19eb28637e01a72055feefda23216a97a031,B005OZW3ZG,B000B5UPF4
A1L7T1V6YOSKCH,tail_hit,B001CJE0X6,3,1,1,355e091995a0de57c1f7b63d5577012bcd2173dc594814c6fbd6dcf42048a5d6,B000GF1E3G,B000BZ4YB0
A8HUTERW4EHGR,tail_hit,B005SAAM2S,4,1,1,35bec46347645a9bd8b47460db6f3f3273017c293b8f60404e903c70898d1e04,B004N3T6QE,B000W0YAOA
A3M6TSEV71537G,tail_hit,B00FDK0V4M,20,1,1,35e4fa9f07268f9afe6bd6ef65d0758f74d32b40e2f4af58160fe5c000d0e97a,B00JR4FOLA,B000FBNV1Y
A1PURKNC4ESE5X,tail_hit,B000C2105U,12,1,1,36bc184bb17d28e40c637d6795e0b2d60f94686740b745d95197e19ff3fdae22,B0020MMCJI,B0009OAI2C
A3FIFD8Z4N1903,tail_hit,B006PIOSZ4,6,1,1,36e7913ca9495153d09c5c90afaa531e9f0be632b5badf3a2de81a2960cdbc40,B005FJQQMC,B000142FVW
A29529NCT9QBEG,tail_hit,B002DC78T4,5,1,1,37b5553e80b19b289b0a9273c6e0e81644274dfc5b143df0b6c2c425375c874e,B003RW2K0G,B004SP12LE
A1FIRS9FM1TWWO,tail_hit,B005FHOT6O,3,1,1,37cffb09bad42f4fdf010fc8facafbca036aa5257535119513b117f5a23605a8,B004W4P7AI,B002RJLM7W
A2I5QH4F5FDKK5,tail_hit,B00J3JDCH2,20,1,1,3825b7b23e4bd378328b20104430682feb17ff351592b935927db80793343972,B00HM6K6XQ,B00GTC02LA
A31DRB0X8BPPT6,tail_hit,B00K7ER6LU,3,1,1,387d68e6a23e75583211053733e084a6f6d475f2afb0ee2da0a8f5a3540b72cc,B00I46E8DC,B00DG7YJQA
A4WOLMK7CJVUD,tail_hit,B003UA5ECQ,4,1,1,391c0c2a4e4598efd94df43766c4eda579ab6370e42785fe9be2740234ff0c42,B00027D98Q,B00117F5PG
ALDV8DDZWWPYE,tail_hit,B00J3JDCH2,11,1,1,391ccb6d603f4588cb3587f23d307c2f11ecfbc7915ea08749e054893a86df02,B00G3HM9ZI,B003156NFW
A3JKKU9CTOQQ0Q,tail_hit,B001C9QET4,5,1,1,39aafb314b9c75d63baa2655b6722ae086e67c90c63f875a1c203a18c33a8ccf,B0018C1FKI,B007L5ISQ0
A3FQSDAMKM98B2,tail_hit,B0060ALFW6,6,1,1,3a1857245bfb8860427ad287e214fd8bde6fa42f3160279dd1b6d3489478a308,B0060A2QXI,B000142FVW
AQDJ79ZSWBMH8,tail_hit,B00467AXL4,5,1,1,3a3dbb944c547e00fa705123894afb3dc7143675ae0c349215088ecfe67459b8,B0046771N2,B0012XO2W6
A96K1ZGW56S2I,tail_hit,B00GAS8616,10,1,1,3a8daa07bb47b588984bb5b94bce5cad0af84367618b5259ccc81e2c23181b7e,B00G3HM9ZI,B005XIM6J2
AUCVLMLAGWBYW,tail_hit,B00AEM0WMU,4,1,1,3af2bbfb92e0305fcdeb5e79e51733b2c543b4d75245dd00bdfee9a898fb4cf4,B0085BVFZK,B0020HEBX8
A339BVHLJVG9SO,tail_hit,B00CH7JAS2,3,1,1,3af7ecdacc5f7ed981306dff3cd64a59f2cd9fe4d34fbdacc3b6d1f9aab10d06,B00GLE8SNK,B00IMLLW6A
A2EFIUAOF4YRAN,tail_hit,B00FRDPNA2,7,1,1,3b6ea2bf2ac96436f3d02e5da4532ccc9c751231dedda7a8a286cecec70f45f8,B00HNKRWX8,B003V264WW
A63GSML234W5B,tail_hit,B00EOP3MJI,11,1,1,3b6f3b45d5cf9b2cb6ebd0bfb03ac2310397d6335c9a4366374e1ff9ccc2fb95,B00EYZY5VC,B00639DLV2
AROVEFKKS82Q7,tail_hit,B007O7AZ3O,5,1,1,3b94e633ffad42059bc33b7612de00919da062bcb385cb50e894de77157731b6,B007BSA5ZO,B0030O3VRW
A3M8MKUDAMEJC6,tail_hit,B00IX4MF76,3,1,1,3bbd02ffb6489ff3f3b6319c8e57baf74a119a4968c116a550f81e4c9c872083,B00HS68LNW,B003ZBL820
AVGRE4ZDZF7TP,tail_hit,B0000535OF,3,1,1,3bf09482298789b49752ade85cd0c8da73d98445a7df7b900ee354a7b434c3d0,B000052YM7,B001FB5NTG
A1YAP371XWJC6L,tail_hit,B001TVURTI,4,1,1,3c1c67d283a19a5f84fa31bc84369c1b6620e748fd27896b481c90e46a8a8636,B001BR97A0,B004DHYZU2
A1CXTGEI7QTRJG,tail_hit,B000BIXP3U,5,1,1,3c81843549f182a901cd588ea998ea1d4efec6b9132abed7ac0d861fcee09ab3,B000BIXP3K,B000BIXP4O
A3R2Q5688PY91E,tail_hit,B008VU6ZN2,6,1,1,3cc826e3fdc4eefff956315e7dacba84bd84f091558b4cb37eccfc814f0b8b59,B008RTNSJQ,B000R8PC9E
AIAKIMATY4MFS,tail_hit,B005V1TL12,12,1,1,3cd1a5daabcd5470f86652728558d33105bf045e1c87f886e570eb13a776cdc6,B005V1QLUG,B0045YVW0E
A3V32O3E7X5IPT,tail_hit,B00CDOX81E,4,1,1,3d0500595e4aa081c751ec0c21e138cfb098115a392f994dc8aeafba19c0ca2c,B00AUV77TG,B00ARX9X6M
ABIVKWC6PBQV5,tail_hit,B006K25ZYI,4,1,1,3dd24c671a5a63c88aee98ce2de96af5d7ca5f8f0423afd227b55784b798d02e,B003E0Z3JQ,B000NE6QP6
A3GFS8ZNAXWVGO,tail_hit,B008SDY08O,4,1,1,3df3decef66d53e44ec0f799871a221091e91c5416e2e3e6bc16486cbeec81ef,B008Q0E714,B002VCXS36
A1BV7953RLM07E,tail_hit,B00LCEROA2,5,1,1,3e421ddced0f2afb187929ba6937601c42b8caadb77a60acf02a8121059b7b1e,B00EP49AX0,B00GM3G6WK
A265PCQZA1Y1WF,tail_hit,B001EJOPTS,3,1,1,3f27cf4bf591d1930e68a9738c6a24a4c851a279d5768295b07f16a23f2ebc88,B000052YJH,B0009EILI0
A1GXIQMIF5M000,tail_hit,B00EOP3MJI,10,1,1,3f368a6bf1536956eb86dc4d950b634dc7a88669f2c1d5cdd317881f7c9bfdba,B00HSNWXYI,B007RTR898
A3RT748MR44WJE,tail_hit,B0032FSDOA,4,1,1,3f9812428e29e07adbfc3797bbcacfee43c9cf832c117e78b8b28eb092b7ecd3,B002ZNJU7Y,B0032FQSZG
A1ARU61JWIFNUS,tail_hit,B00G053H6I,9,1,1,3fc11579eaae4914afb62bddb62e4ba5b749abab8c7323ac4af2a0c9390d8dfb,B00B83V0HK,B0014AX89K
A1TS94WOW62HFO,tail_hit,B000X1LOJM,7,1,1,4015f110064f08210ca3b146461fdca6488ef0c9289d1ef09da5e28549d6bffd,B000O7CE1W,B000980PGM
A22PHKFFVGZ9X6,tail_hit,B007AO3LJG,3,1,1,407ffa16fa7410060d8e54f919b9ed728f9d87b9caedeb0a2c9784658dd53e36,B007AAUXI2,B003ULT3H2
AE0EC4IUT7FT,tail_hit,B007L8QLU2,3,1,1,40a7a702f69ce6c9475e83fa19c190b72e5e2eb9945b1487fcf2f32195b5e535,B007L5P7YQ,B000QAVNA0
A2T1WPWSG2EIOU,tail_hit,B00IM7O15S,3,1,1,4170ccad95914fa398a61ceff856b9eaad56f6fbd893f28c58bafc6d8d16a14b,B00ELN94GS,B00CKDEIVC
AQKZ1VTU69JU6,tail_hit,B004NG0QJ2,8,1,1,4191c6a690448fd0a5c56da6775c1ed9843dd2db8b2db27aea754545dc0424b5,B004NFYU8Q,B004GQZX4M
A06298653TJ91G7R7MD6R,tail_hit,B004KEWXQQ,3,1,1,4194e37af7a3e1abdf711669bba4c268445b449dd99a65bf3f162820e7a78b93,B003FBRVAS,B000RRKCVS
A6WS7UHTSNDYP,tail_hit,B000X2DMEG,4,1,1,41d51786a05e81c4690d6812f07b0c91b6a71ecdbda89a13ee41ba784c13241f,B000196U04,B0012134EK
A3NE2N5HL7GLAT,tail_hit,B001PN55KQ,5,1,1,41d88e221641f7de6e2eeb34ead3d587a351663256659d458c764f7438448581,B00107BB82,B0006O2IQ4
AI2EU6D7ZN804,tail_hit,B0050INH2U,3,1,1,41dd4bf92ac8d611cca6d0ba94420a6b4825196d890366cc1ecd37962dd76057,B002WJOOIQ,B002HEW7Z8
AKF4NSDZ13YOW,tail_hit,B0047ARSKE,3,1,1,42907e27462ee21a91ebb5f891315a28afd364445f655d99b96dec5daea2134c,B002QQ7SZ6,B0007CXXVE
A26FXE6BXRZCGL,tail_hit,B004GT440S,3,1,1,4297b55b840baf920a9193c1bef873e3030345179b4cd90738dc65705d2de04e,B00420M64W,B0089A9ZM2
A1PQS5AO0JK8DX,tail_hit,B00F0QVKEE,6,1,1,4299360331fc37524062ef3c1d56a5c0ea9f020841c6bf0b12c1c0d4153eb571,B004GT440S,B000F63TW0
A2U6HBHYLCPU1N,tail_hit,B00GBMTWDC,14,1,1,42bc05526343619c23ff456894377207d7069b747c6ff78c39d97285ebb709b2,B00GBL8VJY,B00F2AFCJM
A37FFWZUGO8L7W,tail_hit,B00EOP3O3C,7,1,1,4327a849af5596b9a10480ca8cf672a60fbf79dd4032850989ff0e2c5be7c6f7,B00EOP3MJI,B005TI7LB4
A2ZHH7AK83JB5G,tail_hit,B00GAS8616,20,1,1,4350928350c9cac4e2da416af16fab7deb6b85db71b1caf532204fbfe4aeb322,B00HM6IVXI,B00GTBZXTC
A1F6T228BA5Y7,tail_hit,B006BL75SW,20,1,1,4368f4fe5ad35003fcc90e91c5f77fb889e5038d86ccda2a49b321a28cc1ecb2,B004S3M2V0,B0082IY8MI
A00700212KB3K0MVESPIY,tail_hit,B007EZ0CC0,7,1,1,4420c1b4deecdb6c998ed188c79a166b272630789516973ba870f5f028f9e216,B006GK5NNW,B001MP0T2Q
AWEQO5NLV4C7T,tail_hit,B00B4YY1GU,4,1,1,44ead1e9c8b80b81579cdcadc34786753967e73cf4d62fdbd0a57206dfaebbd3,B00B4YVU4G,B002QFGKUQ
A3N6Z2MZ1IX9H7,tail_hit,B005SPETGS,3,1,1,44ec2e4e5bbc8e51d35da473bbb7ff8566bd5ddd141772080a21e57c9902d54b,B005SPETH2,B006JZ46KU
A3PLEHMIWZET7V,tail_hit,B00JNI1DZQ,15,1,1,4538382f37d0f60e0674337894de339af2a1312f554538dac288225f9cc0af0f,B007P9YCWQ,B00CNOUZE2
A15G5ITZKKI5WZ,tail_hit,B00BZ1QN2C,4,1,1,45730a4e4da16d5cc7c654bb5a8b0a882050fb81ade5ec7058f9077b499919bf,B00GLS5DCU,B0009EILHG
A1PTJYFWTK2JED,tail_hit,B00B0ZQWH4,3,1,1,457fe579abf868d36a0a4c24b2f2fe7e4e7aaeb91c3e5a2c1d0dc89e3242dfa8,B00AVP37G8,B003LDRA6U
A2GANVALZAYLV,tail_hit,B005TT8UJK,3,1,1,45a9bbf3b81cf9486a6c56e6bc0648674be47ca10192f448e8c594f3dd790c7b,B005TT8T4G,B005TT8Q4O
A3851PGBIQN5MY,tail_hit,B00IC9AG5A,5,1,1,45ad5649061d4ef2fbc5d1467c3b840a252a861ebd140024d88715500532264f,B00IC8JBIE,B00GYJWL7G
A3D92U8D1UHR5T,tail_hit,B00GHNOQ54,3,1,1,45d62385ec11b9930b46396f856083f326a474f0654499f8eeaeeb2ec2f01088,B00B2CEHAO,B002SICH1C
A1ZQLDSYS2L338,tail_hit,B002YHRXI4,5,1,1,45e34f1826ad763708fb9261caf7bae6174fcf92f62e28f340eeacb064ab92af,B0009OAGSI,B0009OAHQY
A3VESTZBZCRCMT,tail_hit,B009RNUH7C,4,1,1,4601a3d5dd9c7c328b71eb7faa20539a42275b9b501b88449d6a98dda43a1088,B009RNUH4A,B0014XQ83K
A51H4EP53ZG13,tail_hit,B00121TESA,3,1,1,465c03c26da9cdfc458d6c6f748bfa90d170581fdcb887370ae87ffa003d415f,B000FVEKUU,B003USIINU
A1R6M9GR5G4DE0,tail_hit,B00124CQUA,3,1,1,46b19e74fa2880f126f080cca98ac11564ae8ff38287ef57c6db78b7e2a25250,B0072CV36Y,B000EPA4FW
A1NN7223INNJJ4,tail_hit,B003OGZC2S,3,1,1,46b888b2b233212af1b77b1c3ef243d53472d325a88f128f1486c66b6172c2dc,B002UBF2YG,B0054Y0PMK
ALN2JUWSF86Z9,tail_hit,B00A9MKPT0,3,1,1,46cf2e16f7d79cddc3d94664ad4d2020a1c7f60fb4cd73fef57fecfd6a7f8337,B00508C7O4,B001BSJ2PO
A3MYY7DV4TDL6W,tail_hit,B00AZOTTPS,6,1,1,46eeaa0ff34c1aff8213c624c4265a7a6bbcc61a1cccb1c17b94fd27643ee9ef,B00A76CPUA,B008U1Q4DI
A3K2G4IIQF54B5,tail_hit,B006BL75SW,3,1,1,4739102a18e2e2dcada833d3cb87375f2606bcceee9d69b484d5cece2a5c3e46,B00508C7O4,B0059NA3MI
A2PE8UK10V5H2U,tail_hit,B00340UTWC,5,1,1,4798c1a0f1a9e9274f6033bfe25186b056457b65eab358f6c7cbf3a5038e37a6,B00854YLUS,B003414XXC
A1PGPH3OVITWWL,tail_hit,B0036QFZ46,5,1,1,48180530afc30e6cec12055725548b607d0f9fdf5d2fb606197f162682404d1f,B002X9XV48,B000GFCRGO
A30HRMFW4JUEOP,tail_hit,B00AZBTUNC,6,1,1,48187c281944a359d43023f20b2e73e27ab3fbd4a9bd608bffcfbae252cd8446,B00876T3W0,B005C1C02S
A3HV142F6GV43X,tail_hit,B000P231AO,4,1,1,48389a1cf42de4c9d345b2500d8d1ade305ae627c53351b92d097b1f92e7e6a7,B000VOLKWW,B001FWXIBU
A2HYMHX9P8MXB,tail_hit,B00DIH6CMW,5,1,1,48614dcec7ec9c9b34671a84b3b8139f6ebbd9d582cb82a6f3aee8032aa4e763,B00CPS4F0Q,B008AMKZUU
AXI04L6E7J3RJ,tail_hit,B00644YNAO,6,1,1,48b7ac49957d4685dbb20be7dad75eacbed6e7b4e4c81b254e861bbad23667e5,B005H8PTR4,B00142DXXE
A3O81KPH4EWXQE,tail_hit,B00EP2P3ME,3,1,1,48d6acf5153647e2350a091db0e433ea54179f00774afb08e6f321b5e5e976e4,B00GM3G6WK,B00GDKBUDM
A1I5YAUPX34AOR,tail_hit,B0071HIDLS,7,1,1,48ed89c95df12169cce929678c82aa7be6727e005333ce8e39570b4d0514e8ed,B005Z49PQG,B000AM82US
A2NP3DKQS2P9H1,tail_hit,B00EU7DBQ4,8,1,1,493b1f1fd29f7898b0dadf53aff7199f1ddeea228a31c7ac55ecdbb2b54d99e8,B00E19LRA8,B00AUV9GH2
A1B87CS0IU0HZM,tail_miss,B006GQCMJO,5,0,1,00026efdb80fb09d60fd1cfa52b0b6b6e13ac9038aff8ecbc3fa3953b6479cce,B00609D92Q,B006GOQ8RI
A3ITB98X1U0GGC,tail_miss,B006UET8P8,7,0,1,00095cdaad7f46691617cc49d128a50db0d7fd01da4b67018f6839ff309d9774,B001ET7KJ0,B002D48QI4
A1UKF1CY5T8B4L,tail_miss,B001NCSX44,6,0,1,000a3ba6d523cf3da38aea023de080bd5c49cf55374ec650df206e2a1d7cbb17,B004M7L1XW,B000142FVW
A2XNIVXQTV98SE,tail_miss,B00124CQUA,4,0,1,0017cc06acc1b3d6d9411396516a0ad1bab6c39b294e548e53d1ef839eec9d17,B000UPRSKA,B001CJJ5XG
AE4PE48Q2794I,tail_miss,B00483XNQ8,16,0,1,002077fb3745047a6059ccae89481ce7ce497cc4333908f66c00cfbaedd88546,B001IMW9AS,B000MUZA1W
A19NLO9JN7ZFY1,tail_miss,B00DIJPH5I,3,0,1,0042610d8707c15defab966def91a7ceb0f5446c1d9038d2cee0e540cde17b86,B001782OO4,B0012J135O
APLD1V1LAAG54,tail_miss,B006UETDGC,4,0,1,004a31d6a7d31c7ccdcfd23cfcf2c0cf7a61cc9f1163728e28e2ba51fbabec4c,B0019IVEEI,B002VCJHU4
A1ZMZ7HSXQWA9O,tail_miss,B003J4TJTM,4,0,1,004f53d248c867a4101be0a0a165b547c320cd7eaa0f0f17dde9b8eb1f9645b5,B003GDK6F2,B00AQGB7AU
A2U77F29KNJT30,tail_miss,B001382ACE,3,0,1,0053a5222a4a8a2f59a866dc163a00e97fe0ababed76ff94ccb42dcc6f1c52c4,B0036FTF5W,B000C1VX6M
A2GFXRRTMS3DT6,tail_miss,B002B8VE4U,4,0,1,005d215a2706b8b938c1b66dd159d0a1963be108adb35a8a5b7577be142008c4,B007ML0OY2,B001181W7K
AEL4ZNRAIPD9Z,tail_miss,B000IIHDT0,4,0,1,005fa9ffd14a9e52a936173bc68361466caa9065323f833dc2dc6ba5aed202cb,B00AU82TP6,B007M81A8O
AADC82PF2CBK,tail_miss,B0018N0E4K,12,0,1,0066c49d7b4c6ca97926d6b4fe2404c8b982500e01d9873941c53825cc6f0f7e,B0035RF85C,B002C794DS
AYGJ96W5KQMUJ,tail_miss,B001V9LUZS,7,0,1,006cc5c9451fef4bbe0f34aba2bcaff8202addf7a87b7913c34567b94921a983,B000GZLI7S,B001E96OZ6
A1NJZKONE2R5QY,tail_miss,B00AK7NF32,3,0,1,006f10c2be8611cf8fc37ac4abbe6efcefa092333faa891b3c3cf3724e86b7c1,B009NAE8RO,B004WDV2XA
A2YT4P9UGV0Q72,tail_miss,B004NJ8WFO,3,0,1,006f67fd0ac290adc58942c17aa46d38f9006efc669dd1a6ba8fef7da48f16de,B0036BI56G,B0027TSO5A
A1D2ABQ2X9N5TP,tail_miss,B0087P9PB0,3,0,1,006f80f2c17e09946d1b434a5a6980218c8b006df389951236594387e7472dbf,B004GQZX4M,B008C130XS
A1QI6PI0HH4H0P,tail_miss,B007441K54,5,0,1,007a86d3f01d99b54f0db7dde48532c011c644a0bb2ad10b8eb959d4d2446ce9,B002UJ31HS,B003E8CJWM
A240YCM012LJSO,tail_miss,B00KBGHC9K,12,0,1,00810c49c9ed064555df6ecd85d9b0cdf0cf7ef33cdd7638ba09b1f5327e8fae,B00KHGIK54,B004OHQR1Q
A22QBPOG0A08AB,tail_miss,B004FLR418,4,0,1,0083f30845376b0891141eebdc2266363da0df124d7cbb58c208921f9761ee03,B003Y55NXM,B000052YQ2
A1FFST9J45QD1M,tail_miss,B009T8GA12,9,0,1,008749e3870deae112cc22fc9c1101e92517335df4cf9b2398475a101c0bc0dd,B003C1LYZO,B004MOU4C4
A380LZ7JU1E6HK,tail_miss,B007Z5P6OI,8,0,1,0089fc358960ebec8454aa1954c7231661674aa161146000239dc57b489fdb97,B000F5AG5E,B000FVEKUU
A2AUYTFM48PS47,tail_miss,B0010ED5FC,3,0,1,00906150bd65a7631228cddda9b4adedf922af136f2b793fecae1010b9cc7445,B0053TDRQM,B001C6H6F8
A2SY8Y5A0UFM1C,tail_miss,B0099LC5OK,6,0,1,00a116af489281dfdda9d59861ee7fd49942176cd71138381dfb8c46a5d3480b,B005R3IPJI,B00027DMSI
A23IU0GXPBOFDC,tail_miss,B0021EY2O8,4,0,1,00a49fd6cd00601d2f3a62fcdceb62cd366b9fa0b5ef2c1594787d13432fe24e,B000OZDOCW,B0000530ED
A6FCCZY1UD4HL,tail_miss,B0001433VI,11,0,1,00a579e2f6b9010d85fd054f23f5fd0f67ce1e534e2bdae140db0ee1f5028ccf,B0043OYFKU,B001F51PXA
ASWMDJ9610PD8,tail_miss,B0031NLHXC,3,0,1,00a9a00a6734d970a6b33d54090ab3f780d5aa6f889e8d044132c23701d51ce0,B002LFNQT4,B000RYSXWG
A2FH74VT6ARZSQ,tail_miss,B008533SJ4,3,0,1,00aa821331f8fb27036ef15a7a6d2d79a6380329ae2d7df803d237a87ae0a94b,B0044TIOVK,B001B611L4
A2IGIN41AGTLY7,tail_miss,B008VSY4LO,3,0,1,00ac63aa661dbc5064efcde2ac0a865286d8de904ca17244a248e08041c62675,B00E5H3W2C,B00BE2OKXQ
A19VWP4PZXIJWP,tail_miss,B0001MROQA,7,0,1,00b064bc1e3f8dae73635dff175b8cfc44c9a52404f1cf3f9f40ae3b30c97eb9,B00005V5P6,B0043OYFKU
AL1GULFMX7JIL,tail_miss,B002N0U37A,3,0,1,00b455ab2cb096d3d34415e3df457b92ad381a39b56f07fd40772f6085cf61e3,B002DOO1VA,B006U420FS
A22BY7QD5OMJET,tail_miss,B001P1ZEHM,5,0,1,00bf7d544aca59e0a23ae344dc26bbeec1ea54150c3e2e6ef64770984bb05a76,B0019I83N8,B001KYPZRS
ADTH0DVZ8NBO6,tail_miss,B003Z4QGRE,7,0,1,00c7cce3859e9f7bb41d85c4976c2719671ff805030be4e6e1212f416287d650,B004TSFE28,B0002Z8HAI
A17AHTCKJ4SUT0,tail_miss,B00GMWMMOC,20,0,1,00c88349b58721fc2be3e4998bea7eb0a107977d531e98f64502a9d5e59117cc,B00FDK0V4M,B00AE07IEM
A3DXBLP5Q1KRQA,tail_miss,B002CMLS50,6,0,1,00d6922a623908462df1474e4c2216a69b997ac88a81106af87163cfc883122c,B000P20U6M,B0007CXWUG
A1BZVJF5WSQMEQ,tail_miss,B004YVDIAU,20,0,1,00e2bc26f8d80ce52fe266fe46919eb908b7711708db9a84b453805cade800d5,B003USIHZY,B00685KUGA
A19XI52BIMQZQ6,tail_miss,B003Y5XDNO,4,0,1,00e51957d9cf8238b94d7507c04310d389f1f347f08f27870442f73344846554,B001D67O3G,B0006SFXYY
A33ZR4OWTGUHMU,tail_miss,B008BMQNPU,4,0,1,00e7b32dd484b241c2cc802c4786c5c2e81162fa80ca1f927576fcdd6951a0d1,B007DKV8OW,B0009ET5JE
A2G2VIXTAWWHNW,tail_miss,B008VYF6B0,3,0,1,00ec642d2d48b71344563a3cfef158bd22c3135b1cfe9bbe773f36bb534a8008,B002UUT38I,B000142FVW
AXQNEMI9N0Z2D,tail_miss,B00363H8IU,3,0,1,00f8f7256e47845bfe887116aa3dacd98a3bd1cc05d9a208708ea9665233878b,B00604MWB0,B00008J2XQ
A23598RZR42B7Z,tail_miss,B000BZB1FC,6,0,1,00fbb4cfbef3578f499df5d7e5f2c5a1f429fd5b5e3768d9cd8e05dac32631e1,B005679UIA,B001ARSVTY
A71SA1E3M8PE3,tail_miss,B009RK83US,6,0,1,00fd69cfefb2672ca9a0acf6e8daf3911aa9b1c7adf3a78a67f5b1ec6b4b45fd,B008HBMRIC,B0009FHJRS
A2ZINXHB3R5QSL,tail_miss,B006OHM542,11,0,1,01008772c1ddda94db7cac95286334cb62cf11fffe10cabf3149deb2d0e7c888,B0017QNO1S,B0009QZXP2
A3VMIQ2I1OMBUI,tail_miss,B004CZXNQ2,6,0,1,01056a79c562cbd6bae1ed5fa74f594f993d447e58363d27cc84c62049dcbd6d,B008H1IDKI,B000FL4410
A17RN0P9J4B11T,tail_miss,B009RNUH7C,4,0,1,010e78d779c4fdee5b68aebab602ea738098fba81f29e80d5c36f1665bbbe1d2,B006X1KROY,B00027DMI8
A2LAAGNIU91MXO,tail_miss,B0016BHJEW,5,0,1,011febfa3f36c23a51078a02d12213544974880a6b258c1c3b75bb9fdff38c82,B004AO5D0E,B004X8KP9Q
AU7SVOGF0Z2TK,tail_miss,B007E62538,3,0,1,0121298a760f9ad45567ef216c94ecf7a8bc84515287fabd6bc5843c805b393c,B000UVWGGA,B001IACZEK
A2IVDJR1PEYHGB,tail_miss,B0013FAF3I,5,0,1,012575fac6e05251d44811e54c63db4e374298ec3e604a05f6397f0827ed9ea1,B001UPHQ7E,B0041P9J8Y
A14YZDOMHMHQNQ,tail_miss,B003HUJOWA,8,0,1,01288e67ccaf73ead5c27c93b356c0bdecd8682f0c5786f1b2beac6713f46e67,B0019X5N54,B000THCTOO
A3ZPMP474RLCA,tail_miss,B005GVY48M,4,0,1,012ba8899175791c9187327849cb4ea5fd1b442ce7ac7abd0004d7bd283641e4,B0014B5LM6,B001B488WG
A351KR8AGWUAZK,tail_miss,B0017JOEVY,4,0,1,012ce9bfe1c10e7b4b77930616fd32d61d657ed288bb6fed2d09f28f3b35eba2,B0088P2RVE,B004VMGTY4
AMSE91CAK5L3Y,tail_miss,B0070TSNTY,7,0,1,01330445be531b414d97af88d9b8718534de910b1509a096bdf5e9a2670f92e2,B00164FKWW,B005C1FNL8
A3EHSWXXYV2V10,tail_miss,B00C4R3HV6,3,0,1,01339ad3d289ca737f11b21be6eff191c127834fa9eb1eeafa09a53bcbbbee74,B00BMIY7F8,B008RVYJS8
A1RXN97IHWFKHK,tail_miss,B001P24STQ,5,0,1,0133b00cac5a4c01fd5efc949d2dc7f18b8ada74f315864c22c562aa62d56583,B000VOLKWW,B0009OAHVO
A1WYXX97JUXVNZ,tail_miss,B001UEIMZK,3,0,1,014a638fdbe79b19a643377f0d6abd7cec2b66171c2897c5627ca55e173301a5,B007HOCQVS,B004Q1HGX8
A13SJWLL0O7OYB,tail_miss,B005GMYQ52,3,0,1,01533c01da78bfa2d19ccd19daff6d3b99c47a365382a7a3e90794dcb905d88d,B005G9LPAY,B001MA0QY2
A36HMAHIIHNUZ1,tail_miss,B001UHSVOY,4,0,1,015a484508ec04398f66e456475f0e4341986eaccfb139625d33f1a18380a818,B0056GIKI2,B003COAFPQ
A2QM6F4ZMF9G9Y,tail_miss,B000VEQLHQ,3,0,1,015ed8ead983d16963329057982e27e68aefe295756dd9ee4a197d4745da09c7,B000FS05VG,B0002YE8V6
A11IK5T1T7OXZK,tail_miss,B000ZECIDS,4,0,1,0161f15c1a93712deb9323ba1918c8f244aaefcd0fcf749a9c00eddf264d2c2e,B003F7WQGQ,B0019LWU2K
AK8NF9RMSVBJV,tail_miss,B00AQCYNPU,3,0,1,016e02d4eef95afdf5741117ad7518dd05b53c35e2597d4dc4d5f8fb4337539c,B00AO6UKTG,B004DJWDN6
A2TDNA28VM0IDE,tail_miss,B005Z17Q8S,3,0,1,0174b8b2346fbe74cf86c50103ca0ebf2f42d0a74182f4e5c4bc506dd8ec9ddb,B002RUH3OM,B0045W4X16
A2BO8Q72W06ZDC,tail_miss,B003VN9FRW,3,0,1,0178d37e24813988d5b54f08ebf5b100ef5f4e5596a3484283e74db6d6294983,B0055KRIJQ,B0039I4ENY
A3VFYZCF4J7QUL,tail_miss,B001U0OQNG,6,0,1,017dc27c5486a0765ad403381f891b3358b7def4e8448a486078fbdaf9969d18,B000DIN3A8,B00006IV30
A33ZYFE8XMKKR1,tail_miss,B0000Y3CRY,3,0,1,017ee209db145305f5dc12a0ee745b9475c65b7368f60c6565d6e8eb27366db1,B000RBUMR8,B006T6Y56E
A90JGGI493HNG,tail_miss,B001EO5WWW,4,0,1,018231e139147567b63477a92a5b0ee8879764d68b3683b94967070f07fd8e31,B001ARUX8G,B0007W1R58
A3PZDXGKMJSEHR,tail_miss,B004X853U2,3,0,1,0189e7348634ff9488b6677d2d46e22f0213f19fc0aa2b6eccfc92827c3eb409,B007Q22HMY,B001BBB18C
A1D4GH1MAN5OHR,tail_miss,B007BETSM4,3,0,1,019171c99107ec2c58d9d7a35943bff2068915acddbb8f04b5c4b9678b60fcda,B002FKJJXC,B0036F0KLA
A7OT82DN460H2,tail_miss,B00AB0SLPK,4,0,1,019e896e4d9df8471af7b794194568c887ee972c11421a2fae1cec4d5c257da9,B002ZQ9COM,B0019LTGBS
A193Y7DFK5NS8M,tail_miss,B0007WZ7YU,4,0,1,01a617ba80e23520df72c9171b81dbc3ce99e52c868c11ee3ee97e5b94f6c852,B0050OC180,B005SHR4LS
A1QL2U71I6H40K,tail_miss,B000SQ5LVY,4,0,1,01ab644621fcca83ab105b62b5816b903aaa474bf15a79b255e2f8822fbc138d,B0038TYTI4,B001POC89Q
A1HGAP17RKHO65,tail_miss,B0051ZOLAO,7,0,1,01c61806532a357c2ff8c31207b068bc567094f84cf57d9b7b4cce7757b2bf51,B0017QK7A4,B000V8BL18
A1WLOUDVX4BCPP,tail_miss,B00BTNKRIM,4,0,1,01ca2c05c98aa89fee43ea8f62084e109ea23d62f63c130ec6926b0203f9932a,B00AZBSPQA,B00AZBWA5W
AGDDJBAN2MCGN,tail_miss,B001JDHR4Y,3,0,1,01cbe44e56aa69b5fa7d94df6de672c979806820e1d08552735cf272eeaab2d5,B001EGP680,B001CL2L6M
A2UBTMZRMMIVKB,tail_miss,B00152VJUW,7,0,1,01cffd45d50e59035b5a0c67c4f6670b4406e969cdd4e56fd151180ac12d08fd,B000CED0VK,B000142FVW
A4W8OI7G8OTHE,tail_miss,B006OMHV00,4,0,1,01d13f972335ff916a097761066150f03862a9a2cd773ce991161736b9eda517,B005PZ2PNK,B000AA5VZY
A28Y26IATYKVSS,tail_miss,B006JZ0L7C,3,0,1,01e0f294488fead03f6364ba18557b4a856c13af3c9d23d1bd2bf738a23eeb38,B005CN6M84,B005JPAZHE
A2A7KXM9B4XW90,tail_miss,B00GOJMIWO,20,0,1,01e1d887c65d5a066f915d45429f214b2fedbe3c969e197e07df176b5841603b,B009S9BDJQ,B00A51LI1O
A2DBAJPISZWJDV,tail_miss,B000NGJOBC,3,0,1,01e3e79a4273328eeac3041f8727b65d225a6fe4fe6feacd5470572879582e85,B003TWU1K0,B001ET7KAY
A2AZFELROH9QVO,tail_miss,B003XW1EZM,10,0,1,01e5e50790023be10a6ac13077f548bb0c71c14ade91c515bfb0c04d14d78467,B00BZBFYLS,B0002XG9X2
AJZWDY25IYB4O,tail_miss,B00D0NLJM2,3,0,1,01e7907ff0ee8a3d85fe7f392eaa6b6de7e975d1d2da217f4f1cf45c5dba0325,B005EIIEQA,B000RGZK02
A11HWUM8WCI6EE,tail_miss,B0076HRUQC,4,0,1,01eb8cfabadf2efd0e1bca3dc062e26b2ed86dc6d19d8a3b788d9982b3cfca22,B000GG1944,B007004PZO
A20XGPIJW6UE4S,tail_miss,B000BIXP62,4,0,1,01f5c8521e9773adc7fe33e5c6d36de41f66bd3c2e267966a6976dec69d94b3c,B0009M0C5W,B001UE7D2I
A3PD8KD87AXNLD,tail_miss,B0088NBAXC,5,0,1,0206a801d56c05c67c770c4045d6f7321d54cc09be43076a13ff533ca7b4081b,B0036BI56G,B000QE6U54
AYLXPESIOI8IH,tail_miss,B00274FY62,3,0,1,0209e41e1ec57bf688964e73f64622491fb29042b38751aefe083a3ab56be543,B0039BCT56,B000V96R1G
A2DDMVNC3HVM17,tail_miss,B0054Y0PMK,3,0,1,0218a7fe30ba1d76688327dd21dc19da27570aa9581c6f0d565f17ef28fec59b,B0016HMWYI,B000052YP6
A3TI04NQIVGUPQ,tail_miss,B0047SBPSW,10,0,1,021e21b01b61ddb96d7e782d6290b264ebc75824025e05c02aad4237d1628158,B009IRONDG,B0065UP0HC
AYEV0B24NG14H,tail_miss,B001ECQ4R6,5,0,1,0225ed25dc60b83e17def1cbec0382389fcfbc33e6ef4ac855616bb39feb2375,B002XQ1YT0,B0009RFAOK
A1QGJUZJ7S9E4U,tail_miss,B00BB3K3JS,5,0,1,02288ca405d9b40849b46c4ed734c33a3617fff24a1371dd6145340adf7de2d5,B002K8XXQ8,B0000530ED
A215ZZFPVG5CX5,tail_miss,B002QB52W2,4,0,1,022c65f60836ab65792273df05e847d7733123af560c2cac39924aec3d1facdf,B004BOUWD6,B007FIUES8
A2NGLQZKRHT4J3,tail_miss,B001GMN7K6,15,0,1,02303c6e5a4f4daac69693553d8c4e464420fa5cc9e28d0cca3058a2b05db63f,B00178VX50,B002WEBTPW
A1ZO7HDRWKAKEG,tail_miss,B00005R1H2,5,0,1,023a7b5300d38d84a256fae4f5ff1d5e8501891365b34d19644e83b5e7771f42,B005ALWE1M,B001ET7892
A1Y7P7UU6XH1Z5,tail_miss,B0063VIQDI,20,0,1,023e2f4ebb104a3c2d08988586319c9ee85e082d55057421b27a644c267a69a2,B002QI1F8A,B000OYHN2K
A1V1MGZQI9RUIH,tail_miss,B007SZCG0C,4,0,1,024b5510019dbac0bbbf4a8452dad860a526276ea3392ad7eb15b564667cdfa3,B00014JOHA,B0002JKPA4
A3C72395D2XX52,tail_miss,B005H1541C,3,0,1,024c89201f3143491b916b69679c87ab5a791645e653276967c9bcff4e61ccd3,B004L1ZDD8,B000FS05VG
A2NOBI4U8Q3LF7,tail_miss,B00KBGHC9K,20,0,1,024f68fdf429ab0efad7e96c09a1be5ea98da5103c40485c1ea72791565502c1,B00IT1HKV4,B008Q0E714
A3CJTRKTVC6ND5,tail_miss,B003EO46R2,3,0,1,025b8fb37816898518e408de9bc33256893709557a81df46ba5ca43abed16808,B002XHA5A8,B000TNQVJC
A261FB2KY3MZY7,tail_miss,B007OX0RBS,6,0,1,02662658b8205b60306b6cc3a917154f6c3d43246f0769c0dbb86c373e6a0124,B004TSFEBY,B001BVGJPC
AVSBFMITPYO8D,tail_miss,B001M6VK2S,3,0,1,0282a26320f9147007f41903ed0bce4db697fe34c668b5f18dbb2eacf66f76e7,B001G7PPNI,B000052YJX
A1SJJH1YNC8KQP,tail_miss,B007ROCZVY,4,0,1,02849fa9039447f2138a8a1c01a98a36fea2c9aec8bac01b8587bca93915e5c3,B006YFCHSS,B000FFCXZ0
A3MMN98E54QQM4,tail_miss,B003B7RMGO,9,0,1,02867c110471d7a0646995d16f9290a76d875ff5cbf216a56bd314f6ab00c062,B000VPPUEA,B003WN1ELQ
A2YG3QW3SQNRP5,tail_miss,B00EDY0IJM,4,0,1,02868435358f6392b2a788607e3f72b52cadd9b00037473eb7d395efb8cabffc,B0030HMQTS,B000EVKYQK
A1PD2IY2BKCMSA,tail_miss,B00E52F6G2,12,0,1,028b2532d5a148e7526f5ad0c6b270bca07be60018ff9f3ff572a6c7b0e55ece,B000052WYD,B007BJ3KQ4
AP3MSIGG6YFO5,tail_miss,B0006U81GY,3,0,1,029b0ce3f97a5a5385a5817804d48c393221b3bd3e415d31879be8dc0c7ad12f,B003GDK6F2,B0013E9NFU
A1REYI6T6VJHKK,tail_miss,B00AN9CHY0,7,0,1,02acd0c6e8a708409efba9bcabfcc50963fd66e1962c947518f1bf4ffb1441dd,B006W3P14Y,B004UE9S9Q
A39LRXD7THXB4B,tail_miss,B00752ZINU,20,0,1,02b159679a930a6417c5b3f4c886c498f8e5370eb19c2c7627c9c1ed0788fc68,B005OKUXEO,B001H270RQ
A1433NBG6QPR1D,tail_miss,B009ND81NS,3,0,1,02b5b524cff9af1227e5f734661c4e9c797e162d8ef67d393c9fbfbb49357253,B00AUV77TG,B00ARX8GGA
A11J1FHCK5U06J,tail_miss,B00KNIL36E,20,0,1,02b931700ee3ead36512376d353ea0b0f11afb678fc884fc548fc4841017dd1c,B00L3LBUGI,B00ITAANDW
A1HWZL74JMO03H,tail_miss,B00AQBDZLE,4,0,1,02bd01169d0231917c42540719b22643b1bb5913aff9cdef8062dcc2225ee0a3,B00AH4THVM,B0055J812U
A11DLWWD0138XT,tail_miss,B004VMGU8E,4,0,1,02d13935f83b89754f5d71823af1b47766ee8c205342a7c481b68e10c579b70b,B000HJT1CW,B000GF1E3G
A3ROAFKCJHT6B4,tail_miss,B004XL4IN2,3,0,1,02d22adba64327fe0766f7167d3b30111fd0996a8e1bd3987896bd1dbb49c062,B002D48QSE,B001MWV40U
A2QDG70KTXGPV2,tail_miss,B003I5SC22,4,0,1,02d3fdbd865fce0c5016c484387484e5ce0eb07981fd8c3ee306f728118743a3,B001KYVOJQ,B00067YSLO
A35Z7AJ6UUHMLB,tail_miss,B000V193RE,4,0,1,02d4a76b8b4d462b205836485ae22ca9a25d64e463837fa1f7b5d30c1bd1cf59,B001JQLNLY,B000BR5B2Y
A1CAEHWZ843SES,tail_miss,B00347FTXE,6,0,1,02d5e6dbf8ebf95e33dc758ec98132f04192762dee338233ad6b9861d8343424,B000WI0640,B0008ENT8I
A3D90BUGWSRZ9P,tail_miss,B007FAOUOA,5,0,1,02d5f9c20a4345f2d3697ce8c3adf1975cbfa0ac11b1f4bc37d9b2cc28282bf4,B008KPGC9U,B000I5JEAO
AJRE2ZD7YS0AC,tail_miss,B00AFSJXKU,4,0,1,02dcf4b60953b8328626fb3e499b1989a46099b2cc6579af7e2ae58b2e14b058,B009IRONDG,B0076L73BK
A2WC1FB5DDBY1S,tail_miss,B0047SHKJ0,3,0,1,02df213e8143b34ecdcb361d728df4c65d32399da9e1a76e579e0759906d08fe,B002B9DWBC,B004Z40048
A3M3APKOCAYDQN,tail_miss,B00159W1MA,5,0,1,02e017033a6ca1dc6a8fcfeeb4afb600e2b096c1ade734ba67b443f96bfb0927,B000ODNSR0,B00006JN4F
A3SCFDEJNGU80H,tail_miss,B0002UEDWE,5,0,1,02e462893453c3d9dd984369a062d50f84601341ac19567699381b4916aac4ea,B006U98T08,B0071H5C76
A1JUWVRHEXUX22,tail_miss,B001E11CPQ,3,0,1,02f7df5befe596b06a2686d125e924e0cb3a0c7e68d3c3440cd16c974b200281,B007CDSFKU,B000EGMHKQ
APU6VNY3PJPXW,tail_miss,B005SHR4LS,8,0,1,0300b0a32eef3f2ab026b7549adf9d363ed5eeb02bb62707249b6a486f748420,B004K0HELY,B0015XNAS0
A2V1J3JT5OOZFO,tail_miss,B001PQBELC,8,0,1,0305bffab3b7fdb33607c39c7ac8596d1d4e737e64cd89db2c970c2e1ff84bf1,B00AINMFAC,B000E3A6F2
AEM73438F7E2Z,tail_miss,B002NGMEVM,4,0,1,030edac65cc4b6dc6c1e07a7183a934355530c4ff0faa69c0850904cd75af360,B002NBF8SI,B0006ZEVU4
A1U5TD8ZUX5N2S,tail_miss,B007AS62J8,3,0,1,0311328b2891bb956c248c65493896df7393ac0eba40ac696d9584d284201024,B003PLFJBQ,B00027DHYM
A164C84F0HKRH2,tail_miss,B0035CTRHW,5,0,1,031c5cbc38330a0edc12c8274c181a7d6a676e96eb7dce3da5216e74323791f6,B007KNAA2S,B0009HJBPE
A13J6RW4FQIA8M,tail_miss,B0011UR1H8,4,0,1,0322a4856497a849b96dcf8fd9bb61df66ee5254938c3971b43ac938fd1179ff,B00005REAQ,B0034KSQ1I
ADGU8358UDTJR,tail_miss,B005GMY86O,4,0,1,032fddefbfe6370caec9878e55c3a52b6c1276606647b76746007f41a6630669,B0011XEIFS,B0000Y3FRG
A2P8ACE3WN9RXX,tail_miss,B00203KPDC,3,0,1,03333c27ec387f6f822433034e3bc0cb78cf7d3f9f29cc3e71c56b5fc781c64c,B000AMA43Q,B004ISU5V4
AT2LHFVE169HH,tail_miss,B0012IXO4I,4,0,1,03417cfb19b75186cdd5061ee77c06cda3f8c94680f76b5abf47b66ad8664fa2,B000F63TW0,B0021W0B0O
A72EOPX6HI486,tail_miss,B0036QFZ46,3,0,1,035072efcbba7a15487f72853a58f23b64b9926f646e7eb847834e27b92f0c27,B000G7AWIM,B001WAKUTS
A1YXIUYWPLQG3P,tail_miss,B002LBE796,3,0,1,03575a359cf875d900048b1a0a88d6243b4ddf792ed438e0a2a3cd965eb7825f,B004CQ710U,B008LDFU26
A1YMB134U0SU0A,tail_miss,B007VH5EBK,4,0,1,035ae1bc12feacc80d8c7b3ba2ddf1ac35d2f9fc66195e79fd5a4cd6738f46b0,B00AO4EL34,B001BODO2A
A059547920Q3LZVFHLPI3,tail_miss,B008YI2U12,7,0,1,036a57f0428ae2ee9686a25609827e0d5db544992a66e5d763dbc55c3873fa48,B008JVZMDM,B003Q332Y4
A3JOBJLIXNXKZV,tail_miss,B000KPSSJK,6,0,1,038c75546e812875ea317df9316f5efb1987dac6638fb17ea8ea8f0a068041f7,B005HIH7YM,B00017XWJ8
A196B1TB4WZARE,tail_miss,B0070O69RW,3,0,1,0394fb621461bd52b7432511c8b7f753f16d520fad1bc30dcd9b40bb4066cc0b,B0055MYJ0U,B00ARX9X6M
A1TSLLLB8DM7ZJ,tail_miss,B005HIH67A,5,0,1,039928afdf2a23bb35ee7c4a174c23aa897485ad995ce32229a279c3e721e123,B003RSY1NE,B00FKSWNPM
A2T2MJT8LFLBXH,tail_miss,B006OMHUZQ,4,0,1,039aadcd94eddd5308ee6ae48cee0f62d7f17d5f40662e36543eca6100ab2826,B005MYYE6U,B0051SDC2Y
AK7V4D8DZNN2N,tail_miss,B005UHRKU6,4,0,1,03adbf1e27e8bd9b2de5b9dcca7c74b425a5de21d7202b9fe2090f9b78ee9a7f,B004LEJ8R2,B003TMO3EU
AIJRFRCJU20HO,tail_miss,B003AYEG9Y,20,0,1,03b2e98ea2caa938f03c286870ea6016066571ee33f24e81700b65974b747f95,B0028K3JBW,B0009QZYBU
A3VY4ZUG02YK5I,tail_miss,B000QE7DV4,6,0,1,03b560f559d512db97e7c6d312ab00842cbcab255de337d8bf05e97bc3dbfde3,B0009Y6RHM,B001YTD3BE
AHJPLEN55N90W,tail_miss,B004A7VFWG,3,0,1,03b757dd7880b626ab310ab6edb05387bc4a468e0a1da03db96304abf5c47eca,B002QFGQAK,B004A7T7F8
A282RVWWPWL40T,tail_miss,B004VXYHBU,3,0,1,03bec83a9a5d446990058e5945f14f9f05ff234823222813117aef55bb762775,B000GCIBY4,B000PUGDYM
A1XACOUMZD3168,tail_miss,B00486YELS,3,0,1,03bf9da6b64801368a6fd9bb25e7d0d815362b2d1037477881b913322eb011e4,B000PIMUR8,B00CF5W2D6
A15CV4APIIDXGP,tail_miss,B001KYQ374,4,0,1,03bff193cfa349a2f2b0fbe5574423786938e60339a9c7eeeb66be8766935edb,B00198ZOU8,B003YJKOI2
A3GB7TAMSO3BZR,tail_miss,B002PF87L2,3,0,1,03c3ffc57399b0e1ab4b306afcb38323de72bfd324afbc96ea7b38d7bbd2c59a,B000PAW6ZW,B000EM79QM
A24RWG4HEMPTYZ,tail_miss,B00396VE7U,3,0,1,03d05f36e0b79fa0758fb49e7105a9a7fdd5029968ecd551d7f865ba06b7d433,B001G7PPNI,B000N773K0
APZMXSKH3Q57C,tail_miss,B0016ISD04,3,0,1,03d73f657d5c272477cfbd9b99625f67cb208025d16177431075117cdb43e5eb,B000H3EOLG,B000X1LOJM
A8FAATCBC02X2,tail_miss,B001E76B0G,5,0,1,03dc52147a2527f947163a05d7bd73c6fb133d6590a11644f88265c2503eb698,B00787QT6W,B002DOO1VA
AL01P5HW0VKF3,tail_miss,B003AYEFTK,8,0,1,03df43dc8fe4b8d26265de7f79e978ec2bb1acc0908087ed4ba20bb0cd1e7155,B005BQ7KBU,B000O5RVJO
A106MNO7PYG1WL,tail_miss,B002DPUY4W,3,0,1,03e07d51eabcdaef43ff9db4a33d70bfb49235c0fc0d668800bbdc7e5b233845,B001QYBURQ,B006YQ40ZA
A1KEBQWNEX9XJG,tail_miss,B00EYGFFBU,5,0,1,03e656ac50a0943a9ce93e533d844a385e158d4b290a0d9d0369540662def01d,B007BJ3KQ4,B000142FVW
A1B5DMAWMAW575,tail_miss,B00775SJ2M,4,0,1,03ee8d9a6340cd514a20b873826eb6573338c9ed091c69f720de669ee3deaa11,B0058E3XJI,B0012C8TXU
A2ZIYVLKCZIPMP,tail_miss,B0048CAUTC,4,0,1,03f314a054bd103998c9aa9717a091eda1ee797e96522f64724951543c55b486,B002XHA5A8,B002L6M068
A2OIX4KBD3FVC5,tail_miss,B005H1541C,10,0,1,0400ab7c9ce7deb68ecba9accde5211eb2f3fa2e652fa3ad0c6acd5b86e36f57,B001EWF3GO,B000MUZA1W
A2TRO7VIL9HABO,tail_miss,B002PBESOQ,3,0,1,040236806f678d765849663288190af5866448c1fae60307d8d462886a8607a4,B002D48QSE,B000YC718S
AO1YMKCK0LMA8,tail_miss,B003KIU14O,4,0,1,04044c84b0b9c9f1c54e000f4d04e7ac77fcdcdb230d32759ac22501692bb14c,B0022NHBFK,B003MIQZTC
A28ZOSR4X9V3UF,tail_miss,B003Q3RUTM,3,0,1,0405909fc643e00f514b6eb4f90aef62609f9b13eadf66222881ff58887db408,B003HLTTJM,B000ZJJA0M
AZ9NR81ZBRIQD,tail_miss,B001G2B8NO,4,0,1,040645fd45f575404715ae7d3750415b102f4853da15dd2a08b89cfeaaea5881,B005ALWE1M,B004X1QKO2
A2LKXDUWPIZW5D,tail_miss,B000OZF8W6,3,0,1,0409a4c7c46ba6404d794faa862a41c3f1eba34d710edfdf4ae8bc802e85d841,B00F4TQ49I,B0044XXO84
A3NICTN9ALZ27,tail_miss,B00543733U,3,0,1,04120f1950c4f6c5137637d19178ab1a1b254be42a26212162fb983db06ee425,B005Q06WBU,B004CQ710U
A1R3HUDFYEVY6X,tail_miss,B005OZM810,4,0,1,04134f3e4a463183a81a41c3f0a4b3249a828c66907147eb8e7ee20f9b0133cc,B003FKUW3M,B001CJFEX6
A2CAT3DSH7QEDN,tail_miss,B0036FTEVC,3,0,1,042bb727ee12e49cde4620b579dc11d7007546502497f0ec923d46df79ed0b44,B0067YTMMA,B000C1Z1HE
A1OWQSNSWPVPE1,tail_miss,B002UEOBPE,6,0,1,043c5f058ea226cfcfc6320bf10c9c6cb4eabe67569ca9018d2b696586b8c914,B004BCVALG,B0002RI2PG
A3T5NS7OHNIFT4,tail_miss,B001V9LULM,5,0,1,04425e9e3d4ec05d12607efb80a0934e9ddfff0e57771e847d21d02976dbc14b,B003LDOSXI,B002CMLHF6
A3RKOXJC2CEPDI,tail_miss,B000HJUWRU,3,0,1,04433300aa94c5580a994c36e29c3817a28c1a1da1fb6f4c7a8765e5c90f0c91,B006OC431K,B001B5AZWQ
A12AXODJ5QPTDS,tail_miss,B002HZAZEM,4,0,1,04465dc0d76c802af2a36594f238a630bd4061b267d58a4d1e9efffc96500133,B0016S0Y4M,B002T5B4T0
A3BS86QTFJ3T5N,tail_miss,B004EDWMBO,3,0,1,044b2b2df2e6195d3022e481e6434454037e4ce473a9c3240150fa89ebb59c4c,B004016SXI,B000AAAWEO
A2RTOV1OW4X4XW,tail_miss,B0079HNKLI,3,0,1,0455804d2d489547b5b107cad57428aae611cf429854ed7ab66d773dc932b709,B004ROW4ZO,B0030GFXOY
A12S38AVBTZ8HI,tail_miss,B00F4VX9G2,5,0,1,04668a84888a889c691c765db4150721aeed10232d9e344e42ccf3df70897d2b,B004LJ0ZK6,B000NI0WHK
A3O3XBUO044GRS,tail_miss,B005L4ULCC,4,0,1,0468a80eba7cf9d1d097a8d2288c19db28ecd83f81aff95fd3778cc86e6fac6d,B002UUT38I,B0043OYFKU
AP3W6BUJ9BB2L,tail_miss,B004GC54NQ,3,0,1,046edfd413df2292af61b8734ae18dae3855c9555a5a8e3a6aeb0f6c186f9597,B004BCTAJA,B000O3UC0Q
A2VHF835RYMGYF,tail_miss,B005XRZO0G,6,0,1,047f6733bec2698b0952c8b4cd4d72ceac05f473df948ad7f637020ebf7adc3e,B004KQT68C,B000JGERAO
A196TMEBP8NW5V,tail_miss,B003LA90RU,5,0,1,04823b8d3e2e77241ef9c4667f6beffce6bc626ad359dec811768b9232e4b74b,B0030O3VRW,B000UWH3SU
AD526SECC3I9D,tail_miss,B00004U9V2,7,0,1,0486254dead3911dac09477a74735959177eaa36b3f0cc54d2dbcfda0bf3809e,B00004U9UY,B000056W74
A3EHBOOVOKKGPM,tail_miss,B000GI0WAY,3,0,1,04891480f0d731849c38cf22159d5840046a9ade79271ab535c05bc403eb56d5,B004BEBVZ4,B0017L4CVO
A10IQD569MWNGU,tail_miss,B00021CT56,3,0,1,04971432548728f1d335b1355772542cb7d8aa40b4b01c85126065b1caa61d67,B001L3ZCKS,B000F6UJ32
A2IW10BPHCYQG2,tail_miss,B006YDJ71K,4,0,1,04a14da242da4faa6e6001132145de342194261da512c1cebaf5cbcfdc02fdab,B004Y9LO1M,B0038TVH3Y
A2T0W3ZME4WJBY,tail_miss,B00BGCX63O,4,0,1,04a604a89215517cfca6d08e1b97cd80a711c56d2f45e0951c6db0cea099a944,B001CJFEJU,B002LE54P4
A22R3BJQFKHU8A,tail_miss,B008MAON08,3,0,1,04a77b6052fc530f30baffebf4cc761a87ad6e997d45c486820d92b3d482ad78,B000VPPUEA,B001F51TVI
AYZ29ZBL2B8VF,tail_miss,B004S2FY7K,5,0,1,04adb6bf3529ed4a2649b17821489f70a0203578e8833d8b64a0030259cb4cdf,B005MLA1JM,B00AKHHPGA
AH6HTC17RH71Y,tail_miss,B00A8LSFX0,3,0,1,04b10460046815134bbd3d6f028398b0de106625f72c26845a2791a3148cc0fe,B003D97NY6,B003KLRN5G
A3H1JX52OBB3U9,tail_miss,B007BETSM4,5,0,1,04b1460f30c61028dff8f34477026b3fb0ed3752c186dfbb766c8bd0341597a1,B009JVVRK8,B001NG0TXI
ANWU4TAGX5G33,tail_miss,B007WR91L8,4,0,1,04b47aa29d46ba85a1103de86ba15839215cd3617bb75ce9333006ae34295470,B002GNFSPG,B0013TM9UQ
AROWY2YEABR8E,tail_miss,B003ZJGPPW,3,0,1,04b7be6b4d7fa5b63f496d7885edf8519633848095e5940f4042cbf81e1e979e,B001BALMCS,B001AFIPP6
A2I43K8II44SSB,tail_miss,B000IXVJU4,8,0,1,04bd67f2b738fc84520b1f294b3b342d6d83b2b1b53288a69c6d80aab9af640e,B0096Q8AXS,B0012134EK
AS7OZHGS6G1R5,tail_miss,B004NJ8WFO,4,0,1,04c6165e2655c769ce88403d8257ef1e59ad28c6a535f4ac8f2d24eb72ba6af7,B003Y5XDNO,B000J41MNG
A329RQ0HHOEMA3,tail_miss,B001E0R2YW,7,0,1,04cc3aaed817cca592958ec3f078d6995cb25af06c8be734fca199b72ff206f9,B004VFXVJW,B000I20Q72
A3Q0OTJCD33XEP,tail_miss,B000QUK7Q6,16,0,1,04cd28f597c5a85bae71b33d9c6f3aa7f65b5bc50d4f0b1a57bb578d65e07f14,B00CPS4F0Q,B003VMZHKM
A2WNKJ9YH6V2NP,tail_miss,B002CMLS50,6,0,1,04df8da67075f4385fdf489e5438e2f64f4caee23000b789067df205082060ca,B007Y51LNE,B000V2DLJO
AMW870MJUQX4B,tail_miss,B004O3BTKO,5,0,1,04e82afb378b028575249ce3e8db1cd5fa602723547758f2e6443646c7e4947b,B004BCT7A2,B0009XH6V4
AWE13F1HOCZNT,tail_miss,B0001LH6YG,17,0,1,04f349e1172eb947e97fc41e26dd988e2be098de0d12a507baa94d63c9817c69,B00A86ECBE,B004Z209HS
A368PK5Q7JEIQN,tail_miss,B005GMYQ1Q,4,0,1,04f3dbca847e2c6b9eb330304beb86ed4dc5dcec85baf511b72d5c857ce2c0cd,B0019IVEEI,B001QOGXO6
AJ7O8R3PJRS8C,tail_miss,B004ZWMDZ4,5,0,1,04fc40c650648a490ec8102a09b83ac786273fce060bb3a25949dda62a151299,B0043OSIVM,B000052YP6
AV4H59BHCWJ89,tail_miss,B0019RO78E,3,0,1,05061f9c4ae428cd9e82be95d5078d78ab57f949ae9015db7574120edb5e1611,B000VOLNLA,B000C21096
A6XVY732T2ZSW,tail_miss,B0044SH66U,3,0,1,050a45a7c9c60a2ca4874ce0d752f57e07311e863ee2eb4c1bba433186daf407,B00178VX50,B003BR4LBS
A1C0TY8QPGL19I,tail_miss,B004Y9PLB6,5,0,1,05142aef07185941bfcb266395eafaf823554b79354868d9c8b2a60e256e6a01,B004T3K54U,B000TNQVPG
A1P1L268DFQLPT,tail_miss,B0018ZPZJC,5,0,1,051445e1c123c162315efb75c4eec9bf0d838868cf38eddfc93eec47b7532273,B0012DDTVQ,B000PR0KI0
A1LG2IT336RBFF,tail_miss,B0000CNR0E,3,0,1,05150cc873e024b0413f84b56446710aa6e09feb5c2db05f40b7307a6b5863d6,B0076XEQJ0,B000ORV3NC
A248JFAELVCDYE,tail_miss,B00AZOTTPS,6,0,1,0515ad8f00f2e9328c35de6f27673f44861e2fa98b1698648fe44b81434c8f01,B008U1Q4DI,B006U95N34
AXBWG5WX6JW7T,tail_miss,B005OMZW48,5,0,1,051716e195d29f663112629e299b291fbd621e087e815f74f29c7c80251c9800,B005U33DO2,B000CSYYZM
A1181TKBXURMN2,tail_miss,B00BD822BI,5,0,1,052018d937ece7b190256a1269df839ad704a576d786de90ace29f9a3bc59b19,B0031NK6J8,B00021C1LI
A1PITYCB7KQJ10,tail_miss,B006HKCR9O,4,0,1,0523757aedc615d9590ec524bf74d14d6425029309cfb23767b2415ef40a9a8f,B001SERK9G,B00185EA8E
AMXWBZYARV4H1,tail_miss,B008BNTVHG,3,0,1,05279cb3120e2c30dd092c8eb7b89498bce9e79030fa8577efe707026cae6e89,B003YEWHH8,B001B9S416
A1FAETFXIWAELQ,tail_miss,B0054JDN8S,3,0,1,052dc5a0b6767c6a9bf34ac928c0197880d25e13f82a9abaf23ca008a5727ae8,B002950XLU,B0015PGFQW
A1GAKL6SA09SRJ,tail_miss,B0009M0C5W,6,0,1,052e1b9696465d4354a3304054e89519e7f9beea6b241a35451b47776681b6ed,B001ET7A4K,B000R99V5O
A2MR2NV52C9ON3,tail_miss,B0042KWMHS,4,0,1,052f5b6107a1aa7c224c210b8f9cbb9cd82c32c084dc74022eaec74eeff552e6,B003FBI9LS,B004FEKA3E
A100WO06OQR8BQ,tail_miss,B00JMJ6E5A,20,0,1,0530700d98a18b404675d216e6ce86b5cca077defb5a4bfd39d21cd83a6702db,B0011DQMHA,B00AO379NE
A100LIFNJYZWW7,tail_miss,B001KPEKMS,3,0,1,0537a2782567e15a011a17c56b5fe1b865738d856ea62c48ea474575a29a6028,B000URYTOQ,B0017HTET8
A1QOL7HS0W4VGN,tail_miss,B008HZ521C,4,0,1,0539994490ac5ac2b92bfcaa4f137c98bcdea25d1c72b66679642f8db638d3b2,B006LUDGR2,B003ZWX6TM
A1IP7P5VTCA7XR,tail_miss,B008TN1Z9U,3,0,1,053a5390c83d9c4f7b748c65085b0a77d90adf658813ab11ac9274f998c53815,B002XHA5A8,B000VUZVQM
A1QODBWBN5U9YE,tail_miss,B006W1BSD4,6,0,1,0548cbd7a49a0bbb893d6f1a4350f86d8ea1d60b4a9f93392dd356cd5575dc39,B0041K91FK,B000A0ADT8
A3KDU6P6JM1ONO,tail_miss,B000B5S2LS,4,0,1,054eea6db54cde2b06cd087a26e2b1a1dd2778c753d4b00b12fe8697c59dd42d,B0007WL21M,B003RF82RI
A38CI1SVH2HOB8,tail_miss,B001KYVKL8,3,0,1,054f972d969f88788f6b0c8caa479bca70d819b895d2046ad155800c2ab36945,B006B7XHMY,B000GD5LY6
A28GQY33ZGQ5UP,tail_miss,B00CGKJ7QU,7,0,1,0554c9ddc6907c4100331f52be968130b174cf861e2ddfecdcdd8afff25de16f,B005MIFIW0,B000EBZ7XK
A354TCYOGONO8U,tail_miss,B0033041GI,3,0,1,055d08e47f817d4979b89925abb6edffe67d0178b60060ef05e25bb77132b655,B0006FMK98,B0028K3J8K
A58DF8Y9D4O1Y,tail_miss,B001A4X0AM,9,0,1,0561cb59aee22835afe5b8aff85f44b34c04de06a04eee06b357992c42e5b923,B000142FVW,B00022WA9U
A39E4H4LK0RB82,tail_miss,B0001UWRCI,10,0,1,05642d96c4945563944419fb777727a9cfcd3ab4f85fcbde7e4f61dcdaa758c3,B0098JU8TC,B00027DMSI
A249LHUAX530KK,tail_miss,B001B9BDPA,11,0,1,0566d645c4aa89fe89e84904e16a139a2b34b99287f2f0336a3f80518607644d,B004Y9GTOO,B00188IFHS
A1A7TP1VT65WGJ,tail_miss,B002P3L99G,3,0,1,056c00687d1da79b8ca45e19b8a2f593a854b3e366c240be93c6a8a2eef2b323,B002LA53V8,B002WDIPR8
A6D7XIL3CWQLS,tail_miss,B0046KJ16Y,3,0,1,056eb53101c16508e2b0a5aa94d830e3150ed6e53d0b9f4d99fafa2ddfca8e96,B003UNPS0Q,B0016A2D3K
AXPKZA7UZXKTT,tail_miss,B0018P2ZEA,4,0,1,0578caa38e1243d7adf44d5525b5a2248331ddc08d199c82ee4db41cc06619cc,B00340UTWC,B00BKDNYI6
A3HVB2J9UWBP6E,tail_miss,B004DKMJ7A,3,0,1,057acfe081c3dea20b87601554eb9766ccf6cff2fb11e6035a438c221e155aa0,B002TTN7RS,B0006LNJ56
A17FSRCBSVGSGG,tail_miss,B00891Q48E,3,0,1,0583ac680c606c0e1648b32ede862ee78093fd4a969020868db923fd0e843208,B002LFLXDA,B000V5BXNM
A1E50L7PCVXLN4,tail_miss,B00JF3RYPM,15,0,1,0585d344144296ccda95ee242a3f538db569db59db9ad07589944dd642d16313,B00JR4FOLA,B0039NMCPG
A2TB4KQYQ764IA,tail_miss,B0016Q1RI6,4,0,1,058e7dcca1c4bb66a4af4bcbe36a64bfbac2897bab7e78709aeef50875a95198,B004TSFBJO,B009GYVMAS
AHO98BSDQCF13,tail_miss,B009Q1YPVY,4,0,1,05963ea4ecce1d4af90e989f8cc805baff1ee54e8b4afb84b7775d933d713f2e,B007DKV8OW,B004A7OVBI
A1LBIZLET9CW1I,tail_miss,B0034F3VW2,3,0,1,059eb7e763e725d0d9d1d6ac78a9a867b20d4edf4c5916460218de796cb9bdc7,B002PBCABY,B000UPOBRI
A2VR4OZF9O2OUM,tail_miss,B00DM14TYC,3,0,1,05a4435c6120646bf5cb9e2dec3cbb7a6e104d9022acd0aa648abb6cd1309c7c,B004L8J15C,B001CC1VV2
A1VN9S26YLG3BI,tail_miss,B007NUHHC4,3,0,1,05b19099b72099de66429147aec2f78263deaa07a0837b9705e443669551cc14,B00631JA8S,B002MZ8BK2
A1WBF5VZ8SLBYW,tail_miss,B005SPEU30,9,0,1,05b32ab8b963fc199e87f4714fd47b97bdf7aa1e05eeb4906de7a49da3c4a893,B0010EPQ36,B004L5NBSS
A2XFSEQBPL7N00,tail_miss,B0046KFZC8,4,0,1,05c68870ce530e3a138638e3c0a31afb071fc01e1db3d309f07aee883952cb1b,B001Q8560Y,B003V265QW
A38Z2JBPM6GZ9Z,tail_miss,B001EWF2TM,10,0,1,05c8d49b45e780debd3bfba1e1d4a550a298290074b23fe75bad599331c43eae,B004ZLBEW8,B000ZLVUYO
A3QTZ8OHWM4WNN,tail_miss,B0071OF8CI,5,0,1,05c962649d68f774df35abd6971b321e24d56705bf7fb4721afa58adb9d64cca,B003CHMS4O,B003IU9HI0
A1X8GXHWVS2AU,tail_miss,B0014JBZVE,3,0,1,05cba110acf7020fb0bfa2e12e69ea92ddbc27d9dd980d81638d86f7c6334b2e,B009ZBTDL2,B003MGRT2Q
A2MZOT5G9RPUIQ,tail_miss,B0042KWMHS,3,0,1,05cf30d855a10730d4c3a1d75d6d7abe8a8b97fcfb686399c3de28ae3434b666,B00557OUEU,B005I0JWUG
A16K708ROGFYER,tail_miss,B0038YW3BY,3,0,1,05d46aba30836c43c5851c719f559c0161d547389500e03ffa47405f8714d801,B001G8WF1M,B004J7OYP2
A1Z77BZWQTRIBM,tail_miss,B0000AJ3PT,6,0,1,05e42b0d53d1c05b2ca53e6a76abf4cccb8ecc38e9635072e6c22345e0fdeb29,B003KEBR6Y,B00021DJ32
A3Q0L67RW94UPS,tail_miss,B00AN0QF9W,5,0,1,05ef29ca0fa169aa5d6d82eedb0c7142efa6001d6601b4f1d43f49c59e106242,B0012ILUC6,B001DJ2USM
A8IW9RWHFC18Q,tail_miss,B00AEYGIR6,9,0,1,05f08da0d3a9a4e66847675bfe61a9187316df38319f97721f6f7b7820dd98d9,B009W43ZCU,B002XITLL6
A38CWW0XU1HMTQ,tail_miss,B005ZGNUJC,5,0,1,05f3e6592dca6e6e1a62b7031362fef59f3335ef7bc89c5ae18c0255c0e7474b,B0028SVO98,B0028WVIF4
A2GFS17LT7K6QV,tail_miss,B005P0OBSM,7,0,1,05f90a99161942c7d16f4a37e8347e01cb8890e85574160e6c5db9b61b7414a6,B005P0M69I,B003UH0528
A2FC24ZIW1KUM8,tail_miss,B002787ACO,4,0,1,05f9b18edf4900ddaf6e2e13ec5b4cee83da2fa12d471017f47f931c65d85da4,B003UH0528,B00157S30Q
A1MAKGYFY93A9J,tail_miss,B00ABBC7XQ,14,0,1,05ff57e3ad1fd1a5e9d50ea4aa002c6ca2cca8d2886b6d95d0a99ab0409ce936,B006SVCY6I,B0030O3VRW
A1264HDM471B5S,tail_miss,B00CC5AF6A,3,0,1,0602158a4e177ad44afa4564ef244b588dba3105505acadd8ac2417625e98bf9,B001SYWTFG,B001BMLJU6
AVYV7GG3JUKT3,tail_miss,B008C12YYY,8,0,1,060fef882e3562db5652efd603fe9ce2f46461ca65101916ba557cdf729f2e32,B00882ZPTS,B000C1Z7U0
A1GHKSWT15FDWU,tail_miss,B002D48R5G,4,0,1,0618b27793b1959cef8c7497f067113686bba9f2c092deaf70d9cd33d2a08d49,B005G5DXWQ,B003OGZC2S
A1FWN4IK6CB0Q7,tail_miss,B007PKRMEU,3,0,1,0624092b9097037e7cb8157d2e59e17aaa3070a17097087946bc4a549ac8cbaa,B007BLN17K,B008BSYM0C
A2X966QHQ3049V,tail_miss,B004Y9LM8C,16,0,1,0625434da195949e3691bd5039ed519bb8e9ff7e2398c9f9f49a3c0c4cbb83c1,B004Y9LAW0,B000S97MAY
A239E3A3LVOVW1,tail_miss,B001E6OC44,3,0,1,062b640dfb429d268f0fe50e47a02eae2dcfcb196a9d889e3901ca9fae25dbbb,B003VHZ0PE,B002BVWIQA
A1Q8N5LKI9E85S,tail_miss,B009P3DJZG,11,0,1,062d7432601b6611e7b2ea4dbb7f4dbb2e498725dc4c4ea341a5b97c1965d377,B000AM82US,B000ZMBSPE
ALC8EJHRWBZ07,tail_miss,B00BPJ139C,8,0,1,063842be9e476c629b5c50e4c0f3e2258e60d927968fe3674d60487629d4868d,B003N4RGIO,B0043OYFKU
AXMFZBD96CA3M,tail_miss,B006HMARMG,14,0,1,0656410f97384b64e2e8723dd787b462e5fe05469e944f6a75f5b2e63d8c8fab,B008WG7X8Q,B006OMHR1S
A3TXHPAO3JJ1JU,tail_miss,B008S3U39E,8,0,1,065ac1b2ebf9ebd4963343104681cd86b4543bc193dec8fa6a22ae25e8653df7,B0083QNBCM,B0082Z6CNY
A2C8HULEBK0LFP,tail_miss,B00BN1MP5S,5,0,1,065ba27ae26919e294d8c7932d345358138600ebea82daa98a3accee6386a241,B008JWW5K4,B000V8MTIC
A3C4692KE4G6TD,tail_miss,B004JLBC6C,3,0,1,065c6b885e1b3944887a0ce411df50eac5540fd35813dd7351aa8d882fc7d76c,B001F51T3Q,B001UTDW5U
A2IT5J4H9MHB2Z,tail_miss,B0033ROOS6,3,0,1,0662f1b53a7fa648108c2e231eab5adcb06f69b6dd187141d07b9ba6988483a0,B001699TI8,B001LF4G44
A2M3XTDFN5UXMG,tail_miss,B00FZ1CGME,3,0,1,06651b35f6520e4525576e4025d86ff350b76387ee2a5a28822ecc7e18439756,B008R1JSKW,B004QLOFTG
A3UY4EQZ1OKQ73,tail_miss,B000LPJASC,5,0,1,06757d453420d0b9f6f3507cad1b7542180143495c5f81eea5fd0e8deae078d9,B000H3EO34,B0026J10CU
