work,venue_year,native_vocabulary,diagnosed_bias,control_or_isolation,intervention,overlap_with_nlpl,remaining_distinction,source
GRAM,ACL 2025,yes via semantic-to-lexical translation,not studied,no frozen-base or matched-sibling audit,none,the exact lexicalized baseline whose mechanism is audited,does not measure pretrained native-token prior or its exposure effect,https://aclanthology.org/2025.acl-long.1596/
GRLM / Structured Term IDs,Findings ACL 2026,yes via textual Term IDs,semantic gap hallucination and grounding,no frozen-base prior isolation,context-aware term generation plus instruction tuning and elastic grounding,native textual identifiers in generative recommendation,does not audit or neutralize native conditional token prior,https://aclanthology.org/2026.findings-acl.984/
GLEN,EMNLP 2023,yes via learned lexical document IDs,pretraining-to-identifier task gap and relevance alignment,prefix-aware negatives but no base-prior control,two-phase lexical index learning,native lexical identifiers and prefix-aware optimization,document retrieval and no frozen-base prior versus exposure audit,https://aclanthology.org/2023.emnlp-main.477/
APAO,KDD 2026,not mechanism-specific,teacher-forcing versus beam-pruning inconsistency,worst-prefix training analysis,adaptive prefix-aware losses,prefix survival under beam search,does not isolate pretrained lexical-token prior from learned recommendation scores,https://arxiv.org/abs/2603.02730
Latte,arXiv 2026,no,tree-induced item-probability coupling,tree-distance theory and analysis,latent token before each Semantic ID,structural effect of autoregressive identifier trees,mechanism is tree coupling rather than unequal native lexical priors among matched siblings,https://arxiv.org/abs/2605.06331
Token-Weighted Multi-Target Learning,arXiv 2026,no,unequal token information and long-tail frequency,token/item frequency weighting,front-greater and frequency-weighted curriculum losses,token-level bias and tail recommendation,frequency is learned-data popularity rather than frozen pretrained lexical prior,https://arxiv.org/abs/2601.17787
Ghost / Echoes in Filter Bubble,arXiv 2026,no,token-level optimization flaw plus undifferentiated item tokenization,popularity-focused theory and experiments,asymmetric unlikelihood plus skeleton-founded tokenization,popularity bias in generative recommenders,does not study semantic-to-lexical native vocabulary or frozen-base conditional prior,https://arxiv.org/abs/2605.16825
Decoding Matters,EMNLP 2024,yes for textual item generation,length-normalization amplification by near-one ghost tokens and recommendation homogeneity,ghost-token probability and generation-frequency analysis,disable ghost-token length normalization plus text-free assistant,decoding amplification and a text-free model to favor infrequent tokens,does not define frozen-base lexical-ID prior or parent/popularity-matched exposure leakage,https://aclanthology.org/2024.emnlp-main.589/
Calibrate Before Use,ICML 2021,yes,answer bias from prompt position and pretraining-common answers,content-free input estimates label prior,contextual calibration to uniform answer probabilities,general content-free estimation and prior calibration,not generative recommendation constrained lexical paths or beam exposure; blocks any broad calibration novelty claim,https://proceedings.mlr.press/v139/zhao21c.html
