dataset,dimension,stratum,metric,n,effect,ci95_low,ci95_high,interval_method
Toys,target_group,head,C_minus_B_kendall,128,-0.007321428571428571,-0.02065051020408163,0.006543367346938776,bootstrap seed=2023 B=10000
Toys,target_group,head,B_rank_change_vs_A,128,-0.53125,-1.03125,-0.0703125,bootstrap seed=2023 B=10000
Toys,target_group,head,C_rank_change_vs_A,128,0.15625,-0.7265625,1.1875,bootstrap seed=2023 B=10000
Toys,target_group,head,C_minus_B_rank_change,128,0.6875,-0.3828125,1.84375,bootstrap seed=2023 B=10000
Toys,target_group,head,B_broad_harm,128,0.0234375,0.0,0.0546875,bootstrap seed=2023 B=10000
Toys,target_group,head,C_broad_harm,128,0.046875,0.015625,0.0859375,bootstrap seed=2023 B=10000
Toys,target_group,tail,C_minus_B_kendall,128,-0.008992346938775509,-0.023661352040816326,0.005319196428571424,bootstrap seed=2023 B=10000
Toys,target_group,tail,B_rank_change_vs_A,128,-0.140625,-0.3515625,0.0703125,bootstrap seed=2023 B=10000
Toys,target_group,tail,C_rank_change_vs_A,128,0.0859375,-0.6171875,0.8046875,bootstrap seed=2023 B=10000
Toys,target_group,tail,C_minus_B_rank_change,128,0.2265625,-0.375,0.8828125,bootstrap seed=2023 B=10000
Toys,target_group,tail,B_broad_harm,128,0.0078125,0.0,0.0234375,bootstrap seed=2023 B=10000
Toys,target_group,tail,C_broad_harm,128,0.015625,0.0,0.0390625,bootstrap seed=2023 B=10000
Toys,history_group,short,C_minus_B_kendall,133,-0.006420131962559458,-0.019825379775970542,0.007561761546723956,bootstrap seed=2023 B=10000
Toys,history_group,short,B_rank_change_vs_A,133,-0.12030075187969924,-0.5112781954887218,0.21052631578947367,bootstrap seed=2023 B=10000
Toys,history_group,short,C_rank_change_vs_A,133,-0.17293233082706766,-1.0676691729323309,0.8345864661654135,bootstrap seed=2023 B=10000
Toys,history_group,short,C_minus_B_rank_change,133,-0.05263157894736842,-1.0300751879699248,1.0225563909774436,bootstrap seed=2023 B=10000
Toys,history_group,short,B_broad_harm,133,0.007518796992481203,0.0,0.022556390977443608,bootstrap seed=2023 B=10000
Toys,history_group,short,C_broad_harm,133,0.03007518796992481,0.007518796992481203,0.06015037593984962,bootstrap seed=2023 B=10000
Toys,history_group,long,C_minus_B_kendall,123,-0.010034843205574915,-0.024423759747801557,0.004048780487804874,bootstrap seed=2023 B=10000
Toys,history_group,long,B_rank_change_vs_A,123,-0.5691056910569106,-0.967479674796748,-0.1951219512195122,bootstrap seed=2023 B=10000
Toys,history_group,long,C_rank_change_vs_A,123,0.43902439024390244,-0.21138211382113822,1.170731707317073,bootstrap seed=2023 B=10000
Toys,history_group,long,C_minus_B_rank_change,123,1.008130081300813,0.2845528455284553,1.8130081300813008,bootstrap seed=2023 B=10000
Toys,history_group,long,B_broad_harm,123,0.024390243902439025,0.0,0.056910569105691054,bootstrap seed=2023 B=10000
Toys,history_group,long,C_broad_harm,123,0.032520325203252036,0.008130081300813009,0.06504065040650407,bootstrap seed=2023 B=10000
Toys,teacher_margin_group,low,C_minus_B_kendall,128,-0.011135204081632655,-0.02612308673469388,0.003699298469387749,bootstrap seed=2023 B=10000
Toys,teacher_margin_group,low,B_rank_change_vs_A,128,-0.28125,-0.6640625,0.078125,bootstrap seed=2023 B=10000
Toys,teacher_margin_group,low,C_rank_change_vs_A,128,-0.296875,-1.046875,0.4296875,bootstrap seed=2023 B=10000
Toys,teacher_margin_group,low,C_minus_B_rank_change,128,-0.015625,-0.8908203124999998,0.8515625,bootstrap seed=2023 B=10000
Toys,teacher_margin_group,low,B_broad_harm,128,0.015625,0.0,0.0390625,bootstrap seed=2023 B=10000
Toys,teacher_margin_group,low,C_broad_harm,128,0.0234375,0.0,0.0546875,bootstrap seed=2023 B=10000
Toys,teacher_margin_group,high,C_minus_B_kendall,128,-0.005178571428571428,-0.0183421556122449,0.008278061224489796,bootstrap seed=2023 B=10000
Toys,teacher_margin_group,high,B_rank_change_vs_A,128,-0.390625,-0.796875,-0.0546875,bootstrap seed=2023 B=10000
Toys,teacher_margin_group,high,C_rank_change_vs_A,128,0.5390625,-0.2734375,1.5390625,bootstrap seed=2023 B=10000
Toys,teacher_margin_group,high,C_minus_B_rank_change,128,0.9296875,0.0625,1.984375,bootstrap seed=2023 B=10000
Toys,teacher_margin_group,high,B_broad_harm,128,0.015625,0.0,0.0390625,bootstrap seed=2023 B=10000
Toys,teacher_margin_group,high,C_broad_harm,128,0.0390625,0.0078125,0.078125,bootstrap seed=2023 B=10000
Toys,transition_covered,0,C_minus_B_kendall,1,-0.26285714285714284,-0.26285714285714284,-0.26285714285714284,bootstrap seed=2023 B=10000
Toys,transition_covered,0,B_rank_change_vs_A,1,0.0,0.0,0.0,bootstrap seed=2023 B=10000
Toys,transition_covered,0,C_rank_change_vs_A,1,0.0,0.0,0.0,bootstrap seed=2023 B=10000
Toys,transition_covered,0,C_minus_B_rank_change,1,0.0,0.0,0.0,bootstrap seed=2023 B=10000
Toys,transition_covered,0,B_broad_harm,1,0.0,0.0,0.0,bootstrap seed=2023 B=10000
Toys,transition_covered,0,C_broad_harm,1,0.0,0.0,0.0,bootstrap seed=2023 B=10000
Toys,transition_covered,1,C_minus_B_kendall,255,-0.007158063225290116,-0.016954141656662668,0.0028108843537414936,bootstrap seed=2023 B=10000
Toys,transition_covered,1,B_rank_change_vs_A,255,-0.33725490196078434,-0.611764705882353,-0.08627450980392157,bootstrap seed=2023 B=10000
Toys,transition_covered,1,C_rank_change_vs_A,255,0.12156862745098039,-0.4470588235294118,0.7333333333333333,bootstrap seed=2023 B=10000
Toys,transition_covered,1,C_minus_B_rank_change,255,0.4588235294117647,-0.16862745098039217,1.1372549019607843,bootstrap seed=2023 B=10000
Toys,transition_covered,1,B_broad_harm,255,0.01568627450980392,0.00392156862745098,0.03137254901960784,bootstrap seed=2023 B=10000
Toys,transition_covered,1,C_broad_harm,255,0.03137254901960784,0.011764705882352941,0.054901960784313725,bootstrap seed=2023 B=10000
Beauty,target_group,head,C_minus_B_kendall,128,-0.018609693877551018,-0.031174107142857142,-0.005610650510204103,bootstrap seed=2023 B=10000
Beauty,target_group,head,B_rank_change_vs_A,128,-0.3203125,-1.1640625,0.3046875,bootstrap seed=2023 B=10000
Beauty,target_group,head,C_rank_change_vs_A,128,0.1015625,-0.5234375,0.7109375,bootstrap seed=2023 B=10000
Beauty,target_group,head,C_minus_B_rank_change,128,0.421875,-0.5078125,1.5,bootstrap seed=2023 B=10000
Beauty,target_group,head,B_broad_harm,128,0.015625,0.0,0.0390625,bootstrap seed=2023 B=10000
Beauty,target_group,head,C_broad_harm,128,0.0,0.0,0.0,bootstrap seed=2023 B=10000
Beauty,target_group,tail,C_minus_B_kendall,128,-0.01892857142857143,-0.0313265306122449,-0.006237244897959185,bootstrap seed=2023 B=10000
Beauty,target_group,tail,B_rank_change_vs_A,128,0.0,-0.2578125,0.3125,bootstrap seed=2023 B=10000
Beauty,target_group,tail,C_rank_change_vs_A,128,-0.125,-0.3359375,0.046875,bootstrap seed=2023 B=10000
Beauty,target_group,tail,C_minus_B_rank_change,128,-0.125,-0.46875,0.15625,bootstrap seed=2023 B=10000
Beauty,target_group,tail,B_broad_harm,128,0.0,0.0,0.0,bootstrap seed=2023 B=10000
Beauty,target_group,tail,C_broad_harm,128,0.0,0.0,0.0,bootstrap seed=2023 B=10000
Beauty,history_group,short,C_minus_B_kendall,147,-0.01755935027072053,-0.02884381507705123,-0.0058972650284603665,bootstrap seed=2023 B=10000
Beauty,history_group,short,B_rank_change_vs_A,147,0.006802721088435374,-0.3333333333333333,0.32653061224489793,bootstrap seed=2023 B=10000
Beauty,history_group,short,C_rank_change_vs_A,147,-0.07482993197278912,-0.54421768707483,0.3469387755102041,bootstrap seed=2023 B=10000
Beauty,history_group,short,C_minus_B_rank_change,147,-0.08163265306122448,-0.6258503401360545,0.40816326530612246,bootstrap seed=2023 B=10000
Beauty,history_group,short,B_broad_harm,147,0.006802721088435374,0.0,0.02040816326530612,bootstrap seed=2023 B=10000
Beauty,history_group,short,C_broad_harm,147,0.0,0.0,0.0,bootstrap seed=2023 B=10000
Beauty,history_group,long,C_minus_B_kendall,109,-0.020400674031080323,-0.034780003744617115,-0.0064849279161205845,bootstrap seed=2023 B=10000
Beauty,history_group,long,B_rank_change_vs_A,109,-0.3853211009174312,-1.311926605504587,0.30275229357798167,bootstrap seed=2023 B=10000
Beauty,history_group,long,C_rank_change_vs_A,109,0.07339449541284404,-0.3761467889908257,0.5229357798165137,bootstrap seed=2023 B=10000
Beauty,history_group,long,C_minus_B_rank_change,109,0.45871559633027525,-0.4036697247706422,1.5596330275229358,bootstrap seed=2023 B=10000
Beauty,history_group,long,B_broad_harm,109,0.009174311926605505,0.0,0.027522935779816515,bootstrap seed=2023 B=10000
Beauty,history_group,long,C_broad_harm,109,0.0,0.0,0.0,bootstrap seed=2023 B=10000
Beauty,teacher_margin_group,low,C_minus_B_kendall,128,-0.020025510204081633,-0.032104910714285714,-0.00757621173469388,bootstrap seed=2023 B=10000
Beauty,teacher_margin_group,low,B_rank_change_vs_A,128,0.0078125,-0.4375,0.4375,bootstrap seed=2023 B=10000
Beauty,teacher_margin_group,low,C_rank_change_vs_A,128,-0.2734375,-0.7421875,0.125,bootstrap seed=2023 B=10000
Beauty,teacher_margin_group,low,C_minus_B_rank_change,128,-0.28125,-0.890625,0.265625,bootstrap seed=2023 B=10000
Beauty,teacher_margin_group,low,B_broad_harm,128,0.0078125,0.0,0.0234375,bootstrap seed=2023 B=10000
Beauty,teacher_margin_group,low,C_broad_harm,128,0.0,0.0,0.0,bootstrap seed=2023 B=10000
Beauty,teacher_margin_group,high,C_minus_B_kendall,128,-0.017512755102040818,-0.030803890306122454,-0.004374043367346955,bootstrap seed=2023 B=10000
Beauty,teacher_margin_group,high,B_rank_change_vs_A,128,-0.328125,-1.1171875,0.1953125,bootstrap seed=2023 B=10000
Beauty,teacher_margin_group,high,C_rank_change_vs_A,128,0.25,-0.21875,0.7109375,bootstrap seed=2023 B=10000
Beauty,teacher_margin_group,high,C_minus_B_rank_change,128,0.578125,-0.1484375,1.5234375,bootstrap seed=2023 B=10000
Beauty,teacher_margin_group,high,B_broad_harm,128,0.0078125,0.0,0.0234375,bootstrap seed=2023 B=10000
Beauty,teacher_margin_group,high,C_broad_harm,128,0.0,0.0,0.0,bootstrap seed=2023 B=10000
Beauty,transition_covered,0,C_minus_B_kendall,1,0.003265306122448977,0.003265306122448977,0.003265306122448977,bootstrap seed=2023 B=10000
Beauty,transition_covered,0,B_rank_change_vs_A,1,0.0,0.0,0.0,bootstrap seed=2023 B=10000
Beauty,transition_covered,0,C_rank_change_vs_A,1,0.0,0.0,0.0,bootstrap seed=2023 B=10000
Beauty,transition_covered,0,C_minus_B_rank_change,1,0.0,0.0,0.0,bootstrap seed=2023 B=10000
Beauty,transition_covered,0,B_broad_harm,1,0.0,0.0,0.0,bootstrap seed=2023 B=10000
Beauty,transition_covered,0,C_broad_harm,1,0.0,0.0,0.0,bootstrap seed=2023 B=10000
Beauty,transition_covered,1,C_minus_B_kendall,255,-0.018855542216886755,-0.028126450580232092,-0.009783113245298118,bootstrap seed=2023 B=10000
Beauty,transition_covered,1,B_rank_change_vs_A,255,-0.1607843137254902,-0.6,0.19607843137254902,bootstrap seed=2023 B=10000
Beauty,transition_covered,1,C_rank_change_vs_A,255,-0.011764705882352941,-0.3373529411764705,0.3058823529411765,bootstrap seed=2023 B=10000
Beauty,transition_covered,1,C_minus_B_rank_change,255,0.14901960784313725,-0.33725490196078434,0.7098039215686275,bootstrap seed=2023 B=10000
Beauty,transition_covered,1,B_broad_harm,255,0.00784313725490196,0.0,0.0196078431372549,bootstrap seed=2023 B=10000
Beauty,transition_covered,1,C_broad_harm,255,0.0,0.0,0.0,bootstrap seed=2023 B=10000
