user	target_item_id	action_category	base_rank	target_in_beam50	target_in_beam200	expansion_pool_size	admitted_item_ids	admitted_logits	admission_count	final_rank	promotion	regression	fallback	target_frequency	target_group
A10BAU1962PTFU	2034	outside_union	201	0	0	150			0	201	0	0	1	15	non_tail
A10F0D8JQU9WBB	6606	expansion_only	201	0	1	150			0	201	0	0	1	13	non_tail
A10TF6TUAV0XZP	8051	base_top10	2	1	1	150			0	2	0	0	1	13	non_tail
A10YWQ4AAAE29O	10671	base_11_50	21	1	1	150			0	201	0	0	1	22	non_tail
A119NOJLISZUGP	2296	outside_union	201	0	0	150			0	201	0	0	1	67	non_tail
A11AW1AVGA058V	3629	base_top10	1	1	1	150			0	1	0	0	1	19	non_tail
A11JS5RTL6YD76	3465	base_top10	3	1	1	150			0	3	0	0	1	2	tail
A11YV8Y3CIA8L7	10297	base_top10	1	1	1	150			0	1	0	0	1	2	tail
A12CGWEDV5M90H	9160	base_11_50	15	1	1	150			0	201	0	0	1	3	tail
A12G3MCCXFSA91	4832	base_top10	4	1	1	150			0	4	0	0	1	31	non_tail
A12J5O4DG80I56	10636	base_top10	2	1	1	150			0	2	0	0	1	2	tail
A12Q1DFSKXYC8A	3974	outside_union	201	0	0	150			0	201	0	0	1	8	non_tail
A13NSQQSABDB8A	11833	base_top10	1	1	1	150			0	1	0	0	1	10	non_tail
A13WBUX01Q4D35	4599	outside_union	201	0	0	150			0	201	0	0	1	22	non_tail
A14D004DHSPWI1	916	base_top10	7	1	1	150			0	7	0	0	1	32	non_tail
A14JU74UUGJ8GZ	6792	outside_union	201	0	0	150			0	201	0	0	1	14	non_tail
A14MSHFCXPARFS	11311	base_top10	1	1	1	150			0	1	0	0	1	14	non_tail
A14Z6D3IRJ23F7	5063	expansion_only	201	0	1	150	5063	1.89360295	1	10	1	0	0	15	non_tail
A152XSHQSE5ZYX	302	outside_union	201	0	0	150			0	201	0	0	1	23	non_tail
A15CL28ALB7MTZ	10400	base_top10	1	1	1	150			0	1	0	0	1	14	non_tail
A15SQKU2FU3Q9J	3863	outside_union	201	0	0	150			0	201	0	0	1	13	non_tail
A161551RD9VLFO	3559	outside_union	201	0	0	150			0	201	0	0	1	4	tail
A161A1G6A65GT3	8155	base_top10	1	1	1	150	2179	0.272390449	1	1	0	0	0	5	non_tail
A168HSVFKAT2I7	4707	base_top10	5	1	1	150			0	5	0	0	1	140	non_tail
A16EIVIBBXFAQ0	11536	base_top10	1	1	1	150			0	1	0	0	1	6	non_tail
A16IQIEFLGEQCB	6918	base_top10	2	1	1	150			0	2	0	0	1	14	non_tail
A16RFQ983KGU3P	6012	base_top10	1	1	1	150			0	1	0	0	1	4	tail
A16YH0N8OTI0Y8	4272	base_top10	1	1	1	150			0	1	0	0	1	20	non_tail
A171MWA0DTRG0U	8578	base_top10	2	1	1	150			0	2	0	0	1	18	non_tail
A174HNP78HTXWK	1124	base_top10	3	1	1	150			0	3	0	0	1	4	tail
A17J1191W4F8MI	9524	expansion_only	201	0	1	150			0	201	0	0	1	30	non_tail
A17SZZO9LM3WYC	11249	base_top10	1	1	1	150			0	1	0	0	1	12	non_tail
A17ZTM5OXAPRH0	6393	base_top10	1	1	1	150			0	1	0	0	1	75	non_tail
A183M0APB0QYD3	7261	base_top10	5	1	1	150			0	5	0	0	1	27	non_tail
A183VX9JGPARDF	1538	base_top10	3	1	1	150			0	3	0	0	1	52	non_tail
A185GVCGMWD2Y3	3457	outside_union	201	0	0	150			0	201	0	0	1	3	tail
A18Q78Q3MLU4CM	8125	expansion_only	201	0	1	150			0	201	0	0	1	11	non_tail
A18TZWC6E47R4P	3784	base_top10	1	1	1	150			0	1	0	0	1	4	tail
A18W7078NJ56LL	8380	outside_union	201	0	0	150	5159	1.59973763	1	201	0	0	0	10	non_tail
A19D3N662QS9WD	11099	base_11_50	13	1	1	150			0	201	0	0	1	29	non_tail
A19DC5DBKRZ7JS	5990	expansion_only	201	0	1	150			0	201	0	0	1	29	non_tail
A19I5EON4RHOUM	6061	outside_union	201	0	0	150			0	201	0	0	1	5	non_tail
A19SYRKLL6PD4R	5904	base_top10	1	1	1	150			0	1	0	0	1	4	tail
A1AF4TSD5TIGBH	427	outside_union	201	0	0	150			0	201	0	0	1	3	tail
A1AF71HM3SORDF	6168	base_top10	1	1	1	150			0	1	0	0	1	1	tail
A1ANUPOZODV01D	1655	base_top10	1	1	1	150			0	1	0	0	1	77	non_tail
A1B1NRB23SZLJA	9660	base_top10	1	1	1	150			0	1	0	0	1	40	non_tail
A1BRSH22638NPR	8635	outside_union	201	0	0	150			0	201	0	0	1	3	tail
A1BSKN1R7N6282	10800	base_top10	1	1	1	150			0	1	0	0	1	2	tail
A1BZN88T4GSZG0	4959	outside_union	201	0	0	150			0	201	0	0	1	14	non_tail
A1C19MMLBEY1DC	3300	outside_union	201	0	0	150			0	201	0	0	1	7	non_tail
A1C5TCCR2IGKBU	9158	base_11_50	23	1	1	150			0	201	0	0	1	29	non_tail
A1CFHQS6KRXYVD	8930	base_top10	2	1	1	150			0	2	0	0	1	39	non_tail
A1DOG75V4DP366	8403	expansion_only	201	0	1	150			0	201	0	0	1	27	non_tail
A1DRERP9IF63WI	9722	base_top10	3	1	1	150			0	3	0	0	1	5	non_tail
A1DU9PPNW1DLQU	8099	outside_union	201	0	0	150			0	201	0	0	1	4	tail
A1DUTLBEGOL9R3	7591	outside_union	201	0	0	150			0	201	0	0	1	3	tail
A1EMN4T3ROJDOO	2211	expansion_only	201	0	1	150			0	201	0	0	1	4	tail
A1F5OY7EX54U7M	7492	expansion_only	201	0	1	150			0	201	0	0	1	13	non_tail
A1FB8H2AN6UAJY	10332	base_top10	1	1	1	150			0	1	0	0	1	2	tail
A1FPVTPIJF9IIQ	8766	base_top10	2	1	1	150			0	2	0	0	1	9	non_tail
A1FT3F8GLYQRW4	1950	outside_union	201	0	0	150			0	201	0	0	1	6	non_tail
A1G3F434972YRL	8095	base_top10	3	1	1	150			0	3	0	0	1	17	non_tail
A1GCFTFXELCHRP	6083	base_top10	1	1	1	150			0	1	0	0	1	9	non_tail
A1GJ7C1BO1Z7IM	3229	base_top10	1	1	1	150			0	1	0	0	1	37	non_tail
A1GSSN23YNSNTN	2358	base_top10	2	1	1	150			0	2	0	0	1	11	non_tail
A1GUB4F7K6C5SQ	9079	base_top10	1	1	1	150			0	1	0	0	1	14	non_tail
A1HAG8TEP2KMMC	3465	base_top10	3	1	1	150			0	3	0	0	1	2	tail
A1HDOWX4PJBFMP	6618	expansion_only	201	0	1	150			0	201	0	0	1	14	non_tail
A1HKWPX0S5FSZ0	1507	base_top10	3	1	1	150			0	3	0	0	1	25	non_tail
A1I9M7250WA3O9	2672	outside_union	201	0	0	150			0	201	0	0	1	15	non_tail
A1ICTBVZZ523H0	9835	expansion_only	201	0	1	150			0	201	0	0	1	5	non_tail
A1IF3VUAXBTX00	9717	base_top10	1	1	1	150			0	1	0	0	1	6	non_tail
A1IH0SOQAJKLDK	5364	base_top10	2	1	1	150			0	2	0	0	1	52	non_tail
A1IHK8GL1ESOND	7376	base_top10	1	1	1	150			0	1	0	0	1	30	non_tail
A1IKU3OV2ZG87I	9599	outside_union	201	0	0	150			0	201	0	0	1	3	tail
A1IULYKSTVM6YQ	7349	base_top10	5	1	1	150			0	5	0	0	1	33	non_tail
A1IVOX9DLBZFYH	3210	base_top10	1	1	1	150			0	1	0	0	1	7	non_tail
A1J1GB9BFJXIVW	9532	base_top10	1	1	1	150			0	1	0	0	1	13	non_tail
A1JE7ZFZ71MR13	3629	outside_union	201	0	0	150			0	201	0	0	1	19	non_tail
A1JWJPYSVWV9C1	10380	base_top10	9	1	1	150			0	9	0	0	1	39	non_tail
A1KM83BPOVAC4Q	7145	expansion_only	201	0	1	150			0	201	0	0	1	12	non_tail
A1LW0G97AIJ0PV	3958	base_top10	4	1	1	150			0	4	0	0	1	2	tail
A1MF49W2L3JYJA	8886	outside_union	201	0	0	150			0	201	0	0	1	11	non_tail
A1MG8VXQJ22RY9	10290	base_11_50	16	1	1	150			0	201	0	0	1	4	tail
A1MGBXKRVU3HE3	712	base_top10	1	1	1	150			0	1	0	0	1	6	non_tail
A1MLWBXIANIF15	1934	base_11_50	16	1	1	150			0	201	0	0	1	16	non_tail
A1NW4WH9I2BK7I	10186	base_top10	1	1	1	150			0	1	0	0	1	13	non_tail
A1O4WUUBSIBSUQ	997	outside_union	201	0	0	150			0	201	0	0	1	4	tail
A1OKNIKI54VQ1K	5585	base_top10	3	1	1	150			0	3	0	0	1	4	tail
A1OMGQEEHGWBSQ	3696	base_top10	2	1	1	150			0	2	0	0	1	68	non_tail
A1ORGY041O4KB2	5532	outside_union	201	0	0	150			0	201	0	0	1	2	tail
A1P49TW6DHKUOA	782	outside_union	201	0	0	150			0	201	0	0	1	111	non_tail
A1PKRO48Z2QTFV	5107	base_top10	2	1	1	150			0	2	0	0	1	22	non_tail
A1Q9UVHD2PGCVU	11877	base_top10	1	1	1	150			0	1	0	0	1	1	tail
A1QAOZV4ZAGDN6	8181	base_top10	2	1	1	150			0	2	0	0	1	15	non_tail
A1QF02NKAIQQG9	7708	base_top10	3	1	1	150			0	3	0	0	1	20	non_tail
A1QIG4GA2JATX3	10965	base_top10	4	1	1	150			0	4	0	0	1	0	tail
A1R0GLUZPX5YHG	9690	outside_union	201	0	0	150			0	201	0	0	1	16	non_tail
A1RK5GJ4M1OWAF	7910	expansion_only	201	0	1	150	7910||6067	1.35119651||0.0770605911	2	9	1	0	0	4	tail
A1RLGLP70NMFYC	3502	outside_union	201	0	0	150			0	201	0	0	1	2	tail
A1RN05IH519MPJ	2511	base_top10	2	1	1	150			0	2	0	0	1	47	non_tail
A1S5K0O8Z8UMIF	5583	expansion_only	201	0	1	150	5583	2.99024858	1	10	1	0	0	2	tail
A1S70O1A0WL6OH	5079	outside_union	201	0	0	150			0	201	0	0	1	4	tail
A1S78V0MOUYFUA	916	base_top10	6	1	1	150			0	6	0	0	1	32	non_tail
A1S8S97EK3Q09O	1449	base_11_50	18	1	1	150			0	201	0	0	1	1	tail
A1SC5GK8V38DAS	10880	base_top10	2	1	1	150			0	2	0	0	1	10	non_tail
A1SE6TN4EGB7W6	10836	base_top10	8	1	1	150			0	8	0	0	1	7	non_tail
A1SH2M6JRZH6QW	4169	expansion_only	201	0	1	150			0	201	0	0	1	11	non_tail
A1TAGNV4NJHJXX	147	base_top10	4	1	1	150			0	4	0	0	1	2	tail
A1TLR4ZUJG33Q	8804	base_top10	3	1	1	150			0	3	0	0	1	2	tail
A1U0OF3A6LBN2U	1352	outside_union	201	0	0	150			0	201	0	0	1	5	non_tail
A1UH051MWYC0E0	3134	base_top10	1	1	1	150			0	1	0	0	1	8	non_tail
A1UQ6TU13BPOWG	5505	base_top10	1	1	1	150			0	1	0	0	1	107	non_tail
A1UW9VL3RKIW6K	10896	base_top10	1	1	1	150			0	1	0	0	1	33	non_tail
A1VLYYD1QODB21	6296	expansion_only	201	0	1	150	6296	2.81588507	1	10	1	0	0	29	non_tail
A1W53UA42M6OLX	7220	outside_union	201	0	0	150			0	201	0	0	1	33	non_tail
A1W84YXJ54KG02	3157	base_top10	7	1	1	150			0	7	0	0	1	8	non_tail
A1W8I22GCOX63A	6949	expansion_only	201	0	1	150	6949	0.548780349	1	10	1	0	0	48	non_tail
A1W9DJJ666BCW4	9761	outside_union	201	0	0	150			0	201	0	0	1	17	non_tail
A1WLE5121F7M00	11370	base_top10	1	1	1	150			0	1	0	0	1	1	tail
A1X0JVM9QJAF7I	8746	outside_union	201	0	0	150			0	201	0	0	1	2	tail
A1X425K3AYOEEY	7834	base_top10	1	1	1	150			0	1	0	0	1	64	non_tail
A1XHN0YDMZGWQW	8278	base_top10	2	1	1	150			0	2	0	0	1	27	non_tail
A1XNGAZP0EZ4KA	4107	outside_union	201	0	0	150			0	201	0	0	1	4	tail
A1XVZHZ8LLIPN	6586	base_top10	2	1	1	150			0	2	0	0	1	29	non_tail
A1XY24RHJ0KT5W	1420	outside_union	201	0	0	150			0	201	0	0	1	9	non_tail
A1Y1IE41K2NDT1	11344	base_top10	5	1	1	150			0	5	0	0	1	5	non_tail
A1Y45O5RRPWTEJ	4921	base_top10	2	1	1	150			0	2	0	0	1	11	non_tail
A1Y9GIN3KAO24L	906	base_top10	10	1	1	150			0	10	0	0	1	17	non_tail
A1YDLICMQW2DPT	3338	outside_union	201	0	0	150			0	201	0	0	1	3	tail
A1YJZ8IQCIC4JH	920	base_top10	4	1	1	150			0	4	0	0	1	13	non_tail
A1YOCT982DFTKQ	2124	expansion_only	201	0	1	150			0	201	0	0	1	34	non_tail
A1YQ43VPX0LKBC	7563	expansion_only	201	0	1	150			0	201	0	0	1	6	non_tail
A1ZH5ULI4SBO48	10595	base_top10	1	1	1	150			0	1	0	0	1	6	non_tail
A20ESD3SE5HLVC	11404	base_top10	2	1	1	150			0	2	0	0	1	19	non_tail
A20J0NBT6FWXXM	8282	base_top10	2	1	1	150			0	2	0	0	1	23	non_tail
A218NB41IQE8B4	6691	expansion_only	201	0	1	150			0	201	0	0	1	29	non_tail
A21AT5SEXJWD1C	10987	outside_union	201	0	0	150			0	201	0	0	1	1	tail
A21CFA4TPG7E5V	9511	base_top10	1	1	1	150			0	1	0	0	1	26	non_tail
A21M2FMZVA3ZT7	5045	base_top10	10	1	1	150			0	10	0	0	1	5	non_tail
A21QC2AASBR09L	9342	expansion_only	201	0	1	150	9342	1.01765228	1	10	1	0	0	19	non_tail
A21VMME3RYDJZ5	2605	expansion_only	201	0	1	150			0	201	0	0	1	24	non_tail
A226GFM0Q9L37H	11588	base_top10	1	1	1	150			0	1	0	0	1	24	non_tail
A22S4C01D1O01K	4773	outside_union	201	0	0	150			0	201	0	0	1	3	tail
A234QAB7HNXNGC	2288	outside_union	201	0	0	150			0	201	0	0	1	37	non_tail
A23TQ1COUTL5AN	6101	base_top10	1	1	1	150			0	1	0	0	1	6	non_tail
A23Y8K41CDVA7N	176	base_top10	1	1	1	150			0	1	0	0	1	42	non_tail
A24GGAR2UUL06M	10670	base_top10	4	1	1	150			0	4	0	0	1	33	non_tail
A24RR8LLPYVVAU	4619	expansion_only	201	0	1	150	4619	2.83403988	1	10	1	0	0	2	tail
A24S9OK74AFS38	989	base_top10	4	1	1	150			0	4	0	0	1	21	non_tail
A25GXPS2BAR2C5	7722	expansion_only	201	0	1	150	7722	0.406118442	1	10	1	0	0	2	tail
A25XX0BX2APM8Q	784	base_top10	8	1	1	150			0	8	0	0	1	13	non_tail
A265BJFAETXP41	3964	base_top10	3	1	1	150			0	3	0	0	1	26	non_tail
A269T79S8V4OCX	490	outside_union	201	0	0	150			0	201	0	0	1	14	non_tail
A26XIJUJK1KRL0	5380	outside_union	201	0	0	150			0	201	0	0	1	18	non_tail
A277TO3PKKNYDH	8795	base_top10	7	1	1	150			0	7	0	0	1	8	non_tail
A27LVAO4K9VJVM	8930	base_top10	1	1	1	150			0	1	0	0	1	39	non_tail
A28QKOPBDPSHE5	1754	base_top10	1	1	1	150			0	1	0	0	1	9	non_tail
A28X0LT2100RL1	10178	base_top10	1	1	1	150			0	1	0	0	1	17	non_tail
A29M09QBG9TZLP	3052	base_11_50	12	1	1	150			0	201	0	0	1	11	non_tail
A29TIA5LX5QTRN	8549	base_top10	1	1	1	150			0	1	0	0	1	29	non_tail
A29UNXK7F3S93L	11049	base_top10	1	1	1	150			0	1	0	0	1	0	tail
A29XMCU3LHV9NB	8126	base_top10	2	1	1	150			0	2	0	0	1	68	non_tail
A2A3NZPXIMD620	5518	outside_union	201	0	0	150			0	201	0	0	1	2	tail
A2AFRV0A0B48VP	5353	expansion_only	201	0	1	150			0	201	0	0	1	5	non_tail
A2AHGR1EMFXB1E	10331	base_top10	1	1	1	150			0	1	0	0	1	2	tail
A2ASW9U4YQ0H22	11066	base_top10	5	1	1	150			0	5	0	0	1	44	non_tail
A2B6ZD5AYVIF5U	10293	expansion_only	201	0	1	150			0	201	0	0	1	3	tail
A2BKJFQ3W2IWFO	2071	outside_union	201	0	0	150			0	201	0	0	1	16	non_tail
A2BSB3STRK5PNX	8055	base_top10	2	1	1	150			0	2	0	0	1	13	non_tail
A2CEUUD4H3JV8D	10005	base_top10	1	1	1	150			0	1	0	0	1	5	non_tail
A2CV9RK6P9IY0	6596	expansion_only	201	0	1	150			0	201	0	0	1	3	tail
A2D31YEWK7OI83	7811	base_top10	5	1	1	150			0	5	0	0	1	3	tail
A2DB720I9XRX7K	8905	base_top10	1	1	1	150			0	1	0	0	1	7	non_tail
A2E2PA6UNK1E05	8462	base_top10	3	1	1	150			0	3	0	0	1	30	non_tail
A2E8FKPFV98B8T	4169	base_top10	2	1	1	150			0	2	0	0	1	11	non_tail
A2EDRI3WWKLJQR	6117	base_top10	1	1	1	150			0	1	0	0	1	13	non_tail
A2EDRNKOWF8FQI	1919	base_top10	3	1	1	150			0	3	0	0	1	150	non_tail
A2FB38T8SWC0P1	7170	base_top10	1	1	1	150			0	1	0	0	1	6	non_tail
A2FMY6FBBL3675	9792	outside_union	201	0	0	150			0	201	0	0	1	0	tail
A2FP7NVTALD7FT	459	outside_union	201	0	0	150			0	201	0	0	1	5	non_tail
A2GCVTKDDOKRRX	10375	outside_union	201	0	0	150			0	201	0	0	1	20	non_tail
A2GSRL4DE3HHO	7782	outside_union	201	0	0	150			0	201	0	0	1	4	tail
A2H7AOXP8KUXQ1	5365	base_top10	8	1	1	150			0	8	0	0	1	13	non_tail
A2H7E7KDI2CU1U	7968	base_top10	4	1	1	150			0	4	0	0	1	2	tail
A2HDXVFWJ7PRBE	5149	base_top10	1	1	1	150			0	1	0	0	1	5	non_tail
A2HZLSDP0T0F8S	9399	base_top10	1	1	1	150			0	1	0	0	1	9	non_tail
A2IF45Z7HQ1J40	8126	base_top10	2	1	1	150			0	2	0	0	1	68	non_tail
A2IG80GAYLP6G3	11151	base_top10	9	1	1	150			0	9	0	0	1	4	tail
A2IJ54FX1L83WK	11725	base_top10	1	1	1	150			0	1	0	0	1	16	non_tail
A2ILX4FPX798K0	488	outside_union	201	0	0	150			0	201	0	0	1	4	tail
A2IMGHMF0LO151	10571	expansion_only	201	0	1	150			0	201	0	0	1	22	non_tail
A2JFLFBU0IBS1P	9426	base_top10	1	1	1	150			0	1	0	0	1	5	non_tail
A2JZ3IPI8N5DF4	25	base_top10	2	1	1	150			0	2	0	0	1	131	non_tail
A2K8PA9SCEEUM7	8600	outside_union	201	0	0	150			0	201	0	0	1	5	non_tail
A2KHXBULHQWB3X	518	outside_union	201	0	0	150			0	201	0	0	1	8	non_tail
A2KN8514W5PRK3	10180	base_top10	1	1	1	150			0	1	0	0	1	4	tail
A2KP4CWYUTKUFO	8965	expansion_only	201	0	1	150			0	201	0	0	1	31	non_tail
A2KWH72N5HQHTB	2436	outside_union	201	0	0	150			0	201	0	0	1	28	non_tail
A2L4BBNT6DXHWM	3614	expansion_only	201	0	1	150	3614	3.11507631	1	10	1	0	0	5	non_tail
A2LAS014NSRW72	11818	base_top10	7	1	1	150			0	7	0	0	1	26	non_tail
A2LER8S3UAHQDZ	9153	expansion_only	201	0	1	150	9153	0.250151196	1	10	1	0	0	12	non_tail
A2LMRRVBJA5IX9	6897	outside_union	201	0	0	150			0	201	0	0	1	15	non_tail
A2LQZOEL0E72H8	8096	outside_union	201	0	0	150			0	201	0	0	1	2	tail
A2LZQ1DLLNNEI5	657	base_top10	1	1	1	150			0	1	0	0	1	3	tail
A2M1QMMRCPNIII	496	base_top10	10	1	1	150			0	10	0	0	1	36	non_tail
A2MAIVG6O3XUV0	5678	base_top10	1	1	1	150			0	1	0	0	1	3	tail
A2MKY6T9KE7I54	10958	base_top10	6	1	1	150			0	6	0	0	1	12	non_tail
A2MO2DSOO8YN75	9225	base_top10	4	1	1	150			0	4	0	0	1	4	tail
A2MP66SO2JYGRG	3937	base_top10	1	1	1	150			0	1	0	0	1	3	tail
A2NDF1PEF8ZV3	5666	base_top10	1	1	1	150			0	1	0	0	1	72	non_tail
A2NHTKNU65HKY6	7834	base_top10	1	1	1	150			0	1	0	0	1	64	non_tail
A2NLIK2TG4OPFN	6752	base_top10	3	1	1	150			0	3	0	0	1	27	non_tail
A2NUKBOR03MHXD	6911	base_top10	1	1	1	150			0	1	0	0	1	9	non_tail
A2NURN5ZVWOGBM	7229	base_top10	1	1	1	150			0	1	0	0	1	8	non_tail
A2NVRVKIOO7PVI	8035	outside_union	201	0	0	150			0	201	0	0	1	2	tail
A2OBMHANVHK0MI	11128	base_top10	1	1	1	150			0	1	0	0	1	13	non_tail
A2PQ780ZQ2OLNS	532	expansion_only	201	0	1	150			0	201	0	0	1	63	non_tail
A2PRFCYJQRLTTN	8220	base_11_50	12	1	1	150			0	201	0	0	1	10	non_tail
A2Q17XGGZFA2W1	7833	base_top10	3	1	1	150			0	3	0	0	1	11	non_tail
A2QWHEI914GHRZ	11788	base_top10	2	1	1	150			0	2	0	0	1	6	non_tail
A2QYLMSEAWW6XR	1311	outside_union	201	0	0	150			0	201	0	0	1	2	tail
A2RBBS5KJNYAOX	11341	base_top10	1	1	1	150			0	1	0	0	1	2	tail
A2RF8MOE6QVE9U	2817	expansion_only	201	0	1	150			0	201	0	0	1	17	non_tail
A2RF8O3ELEMVIZ	7507	expansion_only	201	0	1	150			0	201	0	0	1	3	tail
A2RGEQ4EOILD9Q	5139	expansion_only	201	0	1	150	5139	1.85855785	1	10	1	0	0	6	non_tail
A2RVQVAWIU7LDW	2281	base_top10	1	1	1	150			0	1	0	0	1	5	non_tail
A2S6QCNNN8AK91	11405	base_top10	1	1	1	150			0	1	0	0	1	69	non_tail
A2SDRCBPIAXVDW	11019	base_11_50	11	1	1	150			0	201	0	0	1	11	non_tail
A2SOKHEHOGE1GH	5893	expansion_only	201	0	1	150			0	201	0	0	1	4	tail
A2SPV96SGOEO2	11893	outside_union	201	0	0	150			0	201	0	0	1	0	tail
A2STPDNR3VV5OD	8536	base_top10	1	1	1	150			0	1	0	0	1	6	non_tail
A2SZLM2N5UQ34M	639	base_top10	3	1	1	150			0	3	0	0	1	11	non_tail
A2TV4LKQ8CQS3N	6844	base_top10	1	1	1	150			0	1	0	0	1	2	tail
A2TWO5CLBUA5E6	5635	outside_union	201	0	0	150			0	201	0	0	1	6	non_tail
A2UJN8SKKZD3CC	8219	base_top10	1	1	1	150			0	1	0	0	1	10	non_tail
A2VP356VHIKHRU	2416	outside_union	201	0	0	150			0	201	0	0	1	18	non_tail
A2VZHBC601Q4JY	1930	base_top10	3	1	1	150			0	3	0	0	1	74	non_tail
A2W01XX106L8V1	3573	base_top10	4	1	1	150			0	4	0	0	1	10	non_tail
A2W1AW7HJ9875U	7928	base_top10	1	1	1	150			0	1	0	0	1	17	non_tail
A2WB7LZ595CR50	11850	outside_union	201	0	0	150			0	201	0	0	1	0	tail
A2WBB8QN9S617	2432	outside_union	201	0	0	150			0	201	0	0	1	5	non_tail
A2WCIU7YBVSBHC	8050	outside_union	201	0	0	150			0	201	0	0	1	12	non_tail
A2WHSS0XUOXPMQ	3265	base_top10	3	1	1	150			0	3	0	0	1	35	non_tail
A2WS5PMA5N3DD0	10804	base_top10	1	1	1	150			0	1	0	0	1	14	non_tail
A2WS7HWNWZBG2L	6280	base_top10	2	1	1	150			0	2	0	0	1	2	tail
A2XKC0QMG2CEO4	11509	base_top10	6	1	1	150			0	6	0	0	1	1	tail
A2XZFXWPFVRKP6	2359	base_top10	1	1	1	150			0	1	0	0	1	16	non_tail
A2Y3EIC15JB7MV	2288	expansion_only	201	0	1	150			0	201	0	0	1	37	non_tail
A2Y4HPQD4Z3KU	6262	base_top10	1	1	1	150			0	1	0	0	1	10	non_tail
A2Y8JYGI3Q8R5E	7976	base_top10	8	1	1	150			0	8	0	0	1	16	non_tail
A2YWC9PDP13V4C	1346	outside_union	201	0	0	150			0	201	0	0	1	10	non_tail
A2YXSMAP0A5TH0	8010	base_top10	2	1	1	150			0	2	0	0	1	9	non_tail
A2Z0FENR7I74TF	9472	base_top10	9	1	1	150			0	9	0	0	1	10	non_tail
A3055FMCUNHDKB	6221	base_top10	10	1	1	150			0	10	0	0	1	52	non_tail
A305EJS7U9EDQG	5110	base_top10	1	1	1	150			0	1	0	0	1	7	non_tail
A30A3Y5DFMQPWI	385	base_top10	1	1	1	150			0	1	0	0	1	16	non_tail
A30KPB2ILF6K6J	8655	base_top10	8	1	1	150			0	8	0	0	1	12	non_tail
A30YMIX9G8ESVO	771	outside_union	201	0	0	150			0	201	0	0	1	13	non_tail
A30Z0GG96D11EO	8602	base_top10	7	1	1	150			0	7	0	0	1	15	non_tail
A30Z4O4QTZSSMY	9997	base_top10	1	1	1	150			0	1	0	0	1	2	tail
A312Y9ESLKYJJH	2878	base_top10	1	1	1	150			0	1	0	0	1	16	non_tail
A3185TJQ34TW4D	9327	outside_union	201	0	0	150			0	201	0	0	1	1	tail
A31FN9JW9AB1DT	5212	expansion_only	201	0	1	150	5212	0.258074784	1	10	1	0	0	9	non_tail
A31NH7UDTWFJJ5	4343	outside_union	201	0	0	150			0	201	0	0	1	5	non_tail
A31TPEC5395NO3	3019	outside_union	201	0	0	150			0	201	0	0	1	2	tail
A3222AFGFSEUX6	6838	outside_union	201	0	0	150			0	201	0	0	1	54	non_tail
A323466SOLPWQU	298	base_top10	6	1	1	150			0	6	0	0	1	14	non_tail
A3240EHV7FGBXM	3527	expansion_only	201	0	1	150	3527	0.775802998	1	10	1	0	0	16	non_tail
A32M15RZXWZ5GS	34	base_11_50	12	1	1	150			0	201	0	0	1	36	non_tail
A32TPWBBB224F	761	base_top10	8	1	1	150			0	8	0	0	1	29	non_tail
A32ZORCG68220E	7248	base_top10	1	1	1	150			0	1	0	0	1	3	tail
A33F1QQY1IZJQX	2819	expansion_only	201	0	1	150			0	201	0	0	1	12	non_tail
A33H1ING3L6FRR	8145	base_top10	2	1	1	150			0	2	0	0	1	14	non_tail
A33HWB3M8NWQ58	3462	base_top10	2	1	1	150			0	2	0	0	1	4	tail
A33U9CUX81CDLI	4561	outside_union	201	0	0	150			0	201	0	0	1	21	non_tail
A33W1ED2CINHHF	3689	expansion_only	201	0	1	150			0	201	0	0	1	19	non_tail
A33XV0FDZCY5WP	7556	expansion_only	201	0	1	150	7556	1.01981147	1	10	1	0	0	9	non_tail
A357W5QSM12DGU	2763	base_top10	4	1	1	150			0	4	0	0	1	15	non_tail
A35C2IVVQR1HTK	11166	outside_union	201	0	0	150			0	201	0	0	1	2	tail
A3610U4ZX0GMEK	903	outside_union	201	0	0	150			0	201	0	0	1	46	non_tail
A367YF0EJSHVM3	7109	outside_union	201	0	0	150			0	201	0	0	1	9	non_tail
A37A8HIMY7W4XZ	8778	base_top10	4	1	1	150			0	4	0	0	1	12	non_tail
A37KERFWFRR1K9	851	base_top10	1	1	1	150			0	1	0	0	1	6	non_tail
A37NHGD0WTRYFH	818	outside_union	201	0	0	150			0	201	0	0	1	10	non_tail
A388XAFBHS0OCH	10705	outside_union	201	0	0	150			0	201	0	0	1	2	tail
A38C12950IM24P	10164	base_top10	1	1	1	150			0	1	0	0	1	17	non_tail
A394ODETD69NJP	4059	expansion_only	201	0	1	150			0	201	0	0	1	8	non_tail
A39CFHC9J5W59B	5173	expansion_only	201	0	1	150	5173	2.31755829	1	10	1	0	0	9	non_tail
A39OE9HEFSYF5D	2834	base_top10	1	1	1	150			0	1	0	0	1	5	non_tail
A3A1UIZX5H92MK	6914	base_top10	2	1	1	150			0	2	0	0	1	23	non_tail
A3A7D3WAAJWC8H	4972	outside_union	201	0	0	150			0	201	0	0	1	11	non_tail
A3AHDR4F2J7YXX	9157	base_11_50	16	1	1	150			0	201	0	0	1	13	non_tail
A3AVVMEI28N2UJ	10603	base_top10	8	1	1	150			0	8	0	0	1	2	tail
A3AY01PUHID1PR	9248	base_top10	3	1	1	150			0	3	0	0	1	13	non_tail
A3B1HLBVNTMSDW	779	base_top10	2	1	1	150			0	2	0	0	1	7	non_tail
A3B7KA98ABG1FL	5835	base_top10	3	1	1	150			0	3	0	0	1	1	tail
A3B7KGAUPB3TKS	9239	base_top10	1	1	1	150			0	1	0	0	1	4	tail
A3BA4F1E2PGRCC	9245	base_top10	1	1	1	150			0	1	0	0	1	6	non_tail
A3BEWNPSZB6J9G	1209	expansion_only	201	0	1	150	1209	1.03362891	1	10	1	0	0	6	non_tail
A3BGQMHZA5317Z	2003	expansion_only	201	0	1	150			0	201	0	0	1	11	non_tail
A3C7G0HOJTOQ0I	6551	base_top10	3	1	1	150			0	3	0	0	1	34	non_tail
A3CF8IFZ1WQ3TQ	2976	expansion_only	201	0	1	150	2976	0.0250043265	1	10	1	0	0	10	non_tail
A3D2GWJKWFVSMB	7164	base_top10	1	1	1	150			0	1	0	0	1	3	tail
A3DCVXOK81NPB4	8011	outside_union	201	0	0	150			0	201	0	0	1	4	tail
A3DEMJM66762AA	3265	base_top10	1	1	1	150			0	1	0	0	1	35	non_tail
A3DLCY98104CGF	1612	outside_union	201	0	0	150			0	201	0	0	1	4	tail
A3DOPYDOS49I3T	8567	outside_union	201	0	0	150			0	201	0	0	1	3	tail
A3DVO4RN4WA7A5	8906	base_top10	5	1	1	150			0	5	0	0	1	6	non_tail
A3E8J8Z7AR0IM1	6167	base_top10	4	1	1	150			0	4	0	0	1	8	non_tail
A3EZIP6YQX5J8Q	8195	base_top10	1	1	1	150			0	1	0	0	1	13	non_tail
A3F4Y4ARB6TCEF	4913	outside_union	201	0	0	150			0	201	0	0	1	3	tail
A3FNZ1APZYGMNA	10321	base_top10	1	1	1	150			0	1	0	0	1	4	tail
A3G0FEWUT5RS7G	7721	expansion_only	201	0	1	150			0	201	0	0	1	35	non_tail
A3G2HMHG7CHD5J	7186	base_11_50	14	1	1	150			0	201	0	0	1	18	non_tail
A3G5BIFX6VS1OP	9952	base_top10	3	1	1	150			0	3	0	0	1	1	tail
A3G8B6EN4KPEO4	7576	base_top10	1	1	1	150			0	1	0	0	1	7	non_tail
A3GDWNHC7Q8R4D	8727	outside_union	201	0	0	150			0	201	0	0	1	8	non_tail
A3GEVVUZ4F87GR	3768	outside_union	201	0	0	150			0	201	0	0	1	3	tail
A3GKPMHV4U64IY	363	base_top10	4	1	1	150			0	4	0	0	1	23	non_tail
A3H2K4LM3T4QBC	3593	outside_union	201	0	0	150			0	201	0	0	1	4	tail
A3HF5JQFIDXPF2	5040	base_top10	2	1	1	150			0	2	0	0	1	4	tail
A3HORVSI2I23YR	79	base_11_50	15	1	1	150			0	201	0	0	1	4	tail
A3IAA9BH1QHTLN	2770	base_top10	3	1	1	150			0	3	0	0	1	9	non_tail
A3IMQSE3KFFKQR	10990	base_top10	1	1	1	150			0	1	0	0	1	6	non_tail
A3J4TETT4T379D	10434	outside_union	201	0	0	150			0	201	0	0	1	1	tail
A3JHC8O59WDHFZ	11630	outside_union	201	0	0	150			0	201	0	0	1	1	tail
A3JR8YFXZQQBU0	10861	base_top10	1	1	1	150			0	1	0	0	1	3	tail
A3JT29L4YFEIMJ	9099	base_top10	8	1	1	150			0	8	0	0	1	18	non_tail
A3KDZA2MRC39CG	8468	base_top10	2	1	1	150			0	2	0	0	1	34	non_tail
A3KQYVS8LVJF07	10470	base_top10	2	1	1	150			0	2	0	0	1	8	non_tail
A3KVF4JBEAE8O1	1061	expansion_only	201	0	1	150			0	201	0	0	1	54	non_tail
A3L2AQGJLCSLFB	1762	base_top10	1	1	1	150			0	1	0	0	1	37	non_tail
A3LMPD1ZQTWOC4	11229	base_11_50	13	1	1	150			0	201	0	0	1	10	non_tail
A3LPH1Q12SPHGR	8356	expansion_only	201	0	1	150	8356	2.5762494	1	10	1	0	0	10	non_tail
A3LY02SR2BN6UT	10538	base_top10	1	1	1	150			0	1	0	0	1	2	tail
A3M3LOJOAH6ZUV	11629	base_top10	3	1	1	150			0	3	0	0	1	20	non_tail
A3M55LR0SR34HA	5436	base_top10	1	1	1	150			0	1	0	0	1	44	non_tail
A3M7H9O909Y3GZ	2417	base_11_50	12	1	1	150			0	201	0	0	1	59	non_tail
A3MDETK0D5UAIN	7659	expansion_only	201	0	1	150			0	201	0	0	1	13	non_tail
A3MINCOO65ZNQN	3089	base_top10	1	1	1	150			0	1	0	0	1	31	non_tail
A3N4XI0IYMPTT0	9564	base_top10	3	1	1	150			0	3	0	0	1	10	non_tail
A3N67LZ7S89MYN	9474	base_top10	6	1	1	150			0	6	0	0	1	19	non_tail
A3N6OKUWJ478E3	11198	expansion_only	201	0	1	150	11198	1.26584202	1	10	1	0	0	1	tail
A3NHWJDAUZU61I	4391	base_top10	2	1	1	150			0	2	0	0	1	16	non_tail
A3NURIGNWE6XOZ	8605	outside_union	201	0	0	150			0	201	0	0	1	7	non_tail
A3NZWY6KXHYJWE	2947	expansion_only	201	0	1	150			0	201	0	0	1	9	non_tail
A3O9F8ZI5TOE4M	9972	expansion_only	201	0	1	150	9972	0.283701999	1	10	1	0	0	3	tail
A3OBT5OPKSEHAQ	7118	expansion_only	201	0	1	150			0	201	0	0	1	31	non_tail
A3ODDZH7HRP3CU	1585	expansion_only	201	0	1	150			0	201	0	0	1	33	non_tail
A3OFLIA0S929XR	4471	expansion_only	201	0	1	150	4471	1.49971059	1	10	1	0	0	10	non_tail
A3ORH1LCILLW76	10357	base_top10	1	1	1	150			0	1	0	0	1	27	non_tail
A3OYU4OAT7DCU2	6521	expansion_only	201	0	1	150	6521	0.231688092	1	10	1	0	0	10	non_tail
A3P24Q0LD6UD1W	9792	outside_union	201	0	0	150			0	201	0	0	1	0	tail
A3PO7P9MHI3WY2	914	outside_union	201	0	0	150			0	201	0	0	1	5	non_tail
A3PP0YU97UZ203	9025	base_top10	1	1	1	150			0	1	0	0	1	14	non_tail
A3PVYF54L8GS61	5303	base_top10	1	1	1	150			0	1	0	0	1	8	non_tail
A3Q0M13QFMD84D	3944	expansion_only	201	0	1	150			0	201	0	0	1	19	non_tail
A3QCCG9OME82AW	5418	expansion_only	201	0	1	150			0	201	0	0	1	18	non_tail
A3QFHH2N2OORO3	10054	base_top10	5	1	1	150			0	5	0	0	1	4	tail
A3QMIZK2ZEXTUZ	10675	base_top10	3	1	1	150			0	3	0	0	1	3	tail
A3QNQQKJTL76H0	11026	base_top10	1	1	1	150			0	1	0	0	1	48	non_tail
A3QT709ZY4VZ8S	9202	expansion_only	201	0	1	150	9202	2.30844274	1	10	1	0	0	35	non_tail
A3R5GTYQ50QVMD	10718	base_top10	7	1	1	150			0	7	0	0	1	23	non_tail
A3RGJHGMOD2PPU	1173	base_top10	1	1	1	150			0	1	0	0	1	6	non_tail
A3RO3CGZ9MWA1I	5683	outside_union	201	0	0	150			0	201	0	0	1	2	tail
A3S2TOPDUII9K0	9942	outside_union	201	0	0	150			0	201	0	0	1	5	non_tail
A3SKMWPVR5CO1H	9149	expansion_only	201	0	1	150			0	201	0	0	1	8	non_tail
A3SLPCO9WIJULM	279	outside_union	201	0	0	150			0	201	0	0	1	2	tail
A3T7IVHM2TU5B2	2095	base_top10	2	1	1	150			0	2	0	0	1	30	non_tail
A3TD9DJA2G0IMH	10754	base_top10	1	1	1	150			0	1	0	0	1	1	tail
A3TGTB0V5BPI8Z	2574	outside_union	201	0	0	150			0	201	0	0	1	8	non_tail
A3TIJLY4VX8CH3	7504	base_top10	2	1	1	150			0	2	0	0	1	46	non_tail
A3TRDLH36LIJLJ	8359	base_top10	1	1	1	150			0	1	0	0	1	2	tail
A3TVI5WVH9PL1H	8037	base_top10	4	1	1	150			0	4	0	0	1	10	non_tail
A3TWH95MK19DP2	8163	outside_union	201	0	0	150			0	201	0	0	1	6	non_tail
A3UDGVRIRODFM2	2929	base_top10	4	1	1	150			0	4	0	0	1	4	tail
A3UE1PURTS8PG	8415	expansion_only	201	0	1	150	8415	1.79468455	1	10	1	0	0	13	non_tail
A3UEQ1CYG8E6D2	11643	expansion_only	201	0	1	150			0	201	0	0	1	4	tail
A3UXL0V5XO0P4C	9874	outside_union	201	0	0	150			0	201	0	0	1	1	tail
A3V761GBN0OEAN	8761	base_top10	5	1	1	150			0	5	0	0	1	8	non_tail
A3VSHLS9K329RP	5873	outside_union	201	0	0	150			0	201	0	0	1	3	tail
A3VXM4Z75RRI0M	10309	expansion_only	201	0	1	150	10309	1.67734395	1	10	1	0	0	6	non_tail
A47YGBHO43DZZ	4411	base_top10	4	1	1	150			0	4	0	0	1	10	non_tail
A4A9TE7LVP4VZ	2042	base_top10	7	1	1	150			0	7	0	0	1	89	non_tail
A58F10T4OE58C	10958	base_top10	1	1	1	150			0	1	0	0	1	12	non_tail
A5G4O45EW2WOF	11864	base_top10	6	1	1	150			0	6	0	0	1	0	tail
A5G52PQUFVMVX	6010	base_top10	2	1	1	150			0	2	0	0	1	42	non_tail
A5O3PMPBP0JR9	7329	base_top10	3	1	1	150			0	3	0	0	1	49	non_tail
A5ZUCLRHA3VEY	6572	base_top10	1	1	1	150			0	1	0	0	1	4	tail
A6KFZA97MC0PN	11137	base_top10	1	1	1	150			0	1	0	0	1	5	non_tail
A6O3A839D8QPU	4700	base_top10	1	1	1	150			0	1	0	0	1	9	non_tail
A7CX2408CWAEB	2012	outside_union	201	0	0	150			0	201	0	0	1	7	non_tail
A7NNRSEZWQDSQ	10157	outside_union	201	0	0	150			0	201	0	0	1	4	tail
A7RFDGVXDYQLJ	10620	base_top10	1	1	1	150			0	1	0	0	1	3	tail
A81UQY2JL2F6A	3968	base_top10	5	1	1	150			0	5	0	0	1	66	non_tail
A82HDHO6IJWRE	9292	expansion_only	201	0	1	150			0	201	0	0	1	5	non_tail
A89KFOCKCO0OA	9533	base_top10	2	1	1	150			0	2	0	0	1	17	non_tail
A8S96QJ470KP5	4000	base_top10	2	1	1	150			0	2	0	0	1	47	non_tail
A8TA5VXMUP3VQ	6877	outside_union	201	0	0	150			0	201	0	0	1	2	tail
A90P35KV9UFX4	7078	base_top10	1	1	1	150			0	1	0	0	1	5	non_tail
A9IF89168A47V	11707	base_top10	1	1	1	150			0	1	0	0	1	3	tail
A9PG9ODPPP31N	11788	base_top10	1	1	1	150			0	1	0	0	1	6	non_tail
A9SUD7U1I40PB	8939	base_11_50	14	1	1	150			0	201	0	0	1	63	non_tail
A9XX8OHS2ZQ2X	11676	base_top10	2	1	1	150			0	2	0	0	1	9	non_tail
AA7QHOPC0HT0J	3436	outside_union	201	0	0	150			0	201	0	0	1	8	non_tail
AAB5W1BEBBOYX	9753	base_top10	1	1	1	150			0	1	0	0	1	3	tail
AAD7BPS7FP7W4	1327	outside_union	201	0	0	150			0	201	0	0	1	4	tail
AAJ1IYOUIHWF	1438	expansion_only	201	0	1	150			0	201	0	0	1	20	non_tail
AAZI6GOIXQCCV	6922	outside_union	201	0	0	150			0	201	0	0	1	3	tail
AB8HCOX3YULQS	3653	expansion_only	201	0	1	150	3653||11637||7609	3.37251941||1.91055635||0.268743177	3	8	1	0	0	3	tail
ABBL3ZGK2J23Y	4496	expansion_only	201	0	1	150	3040||4496	1.13071188||0.548795247	2	10	1	0	0	4	tail
ACJW23SBXLE3Y	9424	base_top10	5	1	1	150			0	5	0	0	1	7	non_tail
ACVDL5QRCOPE1	11820	base_11_50	14	1	1	150			0	201	0	0	1	20	non_tail
ACVVB07ZG6O9	2228	expansion_only	201	0	1	150	2228	2.96248362	1	10	1	0	0	7	non_tail
AD8SR4DNEN1YM	6945	base_top10	4	1	1	150			0	4	0	0	1	15	non_tail
ADRHC427TKK5U	4190	base_top10	1	1	1	150			0	1	0	0	1	9	non_tail
ADWGM3QD5S5AC	3487	outside_union	201	0	0	150			0	201	0	0	1	4	tail
ADWXLAKKZP2JC	11254	base_top10	2	1	1	150			0	2	0	0	1	2	tail
AEZ3FJYSPOR3	615	base_top10	8	1	1	150			0	8	0	0	1	48	non_tail
AF0E9G6Q48G3S	6010	expansion_only	201	0	1	150			0	201	0	0	1	42	non_tail
AF0EGN9J6610M	7043	outside_union	201	0	0	150			0	201	0	0	1	5	non_tail
AFFWDOGWU5XRL	3305	base_top10	2	1	1	150			0	2	0	0	1	35	non_tail
AFJ9846LEZWS7	1672	expansion_only	201	0	1	150			0	201	0	0	1	11	non_tail
AFP43ZIYYKFWZ	4232	outside_union	201	0	0	150			0	201	0	0	1	3	tail
AFRWXEHK151Z1	6173	expansion_only	201	0	1	150	6173	1.06084993	1	10	1	0	0	16	non_tail
AG506JWT6JQQT	10503	expansion_only	201	0	1	150			0	201	0	0	1	14	non_tail
AG62868WA3I1D	10017	base_top10	1	1	1	150			0	1	0	0	1	3	tail
AG6WOD5BUD8BH	780	expansion_only	201	0	1	150			0	201	0	0	1	53	non_tail
AGBD6P8Y1E42A	3926	expansion_only	201	0	1	150			0	201	0	0	1	20	non_tail
AGE1KK0E2THTN	11873	outside_union	201	0	0	150			0	201	0	0	1	0	tail
AGVWTYW0ULXHT	11109	base_top10	1	1	1	150			0	1	0	0	1	20	non_tail
AHBFQY9L0MFZ8	10370	outside_union	201	0	0	150			0	201	0	0	1	5	non_tail
AHCM2GKBTLDY6	6447	outside_union	201	0	0	150			0	201	0	0	1	4	tail
AHM8S0YB32GKK	1788	base_top10	1	1	1	150			0	1	0	0	1	9	non_tail
AI3VJYL57297W	5904	outside_union	201	0	0	150			0	201	0	0	1	4	tail
AI7S94161XV07	461	outside_union	201	0	0	150			0	201	0	0	1	5	non_tail
AJ0X2MF2GHYNT	9067	base_top10	4	1	1	150			0	4	0	0	1	7	non_tail
AJHSX45RVJS2R	7249	base_top10	2	1	1	150			0	2	0	0	1	167	non_tail
AJKK4G0MD4OIA	9491	base_top10	1	1	1	150			0	1	0	0	1	19	non_tail
AJVKP4SH3WNZP	10829	expansion_only	201	0	1	150			0	201	0	0	1	14	non_tail
AK2WPF5SVJWM8	2952	outside_union	201	0	0	150			0	201	0	0	1	8	non_tail
AK5O0I9PCDANE	11272	expansion_only	201	0	1	150	11272	2.22838536	1	10	1	0	0	10	non_tail
AK6OC8JSZ9X1K	5083	outside_union	201	0	0	150			0	201	0	0	1	4	tail
AKFGSU829J32R	4056	expansion_only	201	0	1	150			0	201	0	0	1	6	non_tail
AKHFY3VCNZL2W	2085	expansion_only	201	0	1	150			0	201	0	0	1	22	non_tail
AKKD4NIONN7DJ	3392	base_top10	4	1	1	150			0	4	0	0	1	63	non_tail
ALJUCYH6XKPET	10891	base_top10	5	1	1	150			0	5	0	0	1	10	non_tail
AMJ88BVMIOHV9	4377	base_top10	1	1	1	150			0	1	0	0	1	19	non_tail
AML5JLIMUPWGW	11422	base_top10	3	1	1	150			0	3	0	0	1	32	non_tail
AMQWWN5Y9NVP9	813	expansion_only	201	0	1	150			0	201	0	0	1	14	non_tail
AMRMK86X3PKXD	8494	base_top10	4	1	1	150			0	4	0	0	1	44	non_tail
AN9ILXG7X31EI	4285	outside_union	201	0	0	150			0	201	0	0	1	23	non_tail
ANB6K82JIWGYL	6283	expansion_only	201	0	1	150			0	201	0	0	1	4	tail
ANIPJFOOLX3EX	2188	expansion_only	201	0	1	150			0	201	0	0	1	4	tail
ANOBZWKE25SBY	11464	base_top10	1	1	1	150			0	1	0	0	1	9	non_tail
ANYPFR38T1I4A	1442	base_top10	7	1	1	150			0	7	0	0	1	3	tail
AO2AQRPPSTABB	11180	expansion_only	201	0	1	150			0	201	0	0	1	62	non_tail
AO4U4GYIZ5MLQ	2182	base_top10	1	1	1	150			0	1	0	0	1	113	non_tail
AOPWIKGDPRMX8	10805	base_top10	1	1	1	150			0	1	0	0	1	12	non_tail
AOUQCCU5VU5QL	5191	expansion_only	201	0	1	150			0	201	0	0	1	5	non_tail
AOVY1Q6WI9MHA	424	expansion_only	201	0	1	150	424	0.965588141	1	10	1	0	0	9	non_tail
AP54CJWEK8BKG	1214	base_top10	1	1	1	150			0	1	0	0	1	7	non_tail
APDHKHPIKRJDL	6031	base_top10	1	1	1	150			0	1	0	0	1	26	non_tail
APIKBZAJFGVGX	4972	base_top10	1	1	1	150			0	1	0	0	1	11	non_tail
APJP6G8RNHVDC	6767	outside_union	201	0	0	150			0	201	0	0	1	5	non_tail
AQ2WUP0XFIX4M	3099	base_top10	4	1	1	150			0	4	0	0	1	13	non_tail
AQC3SPEFPAX1M	342	base_top10	3	1	1	150			0	3	0	0	1	114	non_tail
AQF25DIBDDJXE	9324	outside_union	201	0	0	150			0	201	0	0	1	3	tail
AQPA2UQUFRZ27	9878	base_top10	1	1	1	150			0	1	0	0	1	3	tail
AQYY2OH4BRCZG	1154	outside_union	201	0	0	150			0	201	0	0	1	4	tail
ARF6NZ2PH6MCB	5440	base_top10	1	1	1	150			0	1	0	0	1	119	non_tail
ARFCFY2JIZLU2	10128	expansion_only	201	0	1	150			0	201	0	0	1	6	non_tail
ARFCORBCTKX1J	5001	base_top10	1	1	1	150			0	1	0	0	1	15	non_tail
ARFT8HC5W76XP	7346	expansion_only	201	0	1	150	7346||3190	0.396500589||0.000521563882	2	9	1	0	0	3	tail
ARSHV0G8QM2U4	4072	base_top10	1	1	1	150			0	1	0	0	1	47	non_tail
AS1QSYQAMS6H8	1567	base_top10	1	1	1	150			0	1	0	0	1	10	non_tail
ASDIUF0SHMRLF	4507	outside_union	201	0	0	150			0	201	0	0	1	5	non_tail
ATBKQO3B1GRTX	2000	base_top10	4	1	1	150			0	4	0	0	1	13	non_tail
ATCL2WATBOBC0	3505	base_top10	1	1	1	150			0	1	0	0	1	20	non_tail
ATUG7E52EOXF8	8361	base_top10	1	1	1	150			0	1	0	0	1	6	non_tail
AU21B5JSG23FQ	4841	expansion_only	201	0	1	150			0	201	0	0	1	10	non_tail
AUBZC9PUOY695	3583	expansion_only	201	0	1	150			0	201	0	0	1	5	non_tail
AUDR3YSPERF4J	6994	outside_union	201	0	0	150			0	201	0	0	1	11	non_tail
AUEH2LDR8T8ZM	5942	outside_union	201	0	0	150			0	201	0	0	1	11	non_tail
AV6WVMUJVUHNB	11837	base_top10	1	1	1	150			0	1	0	0	1	6	non_tail
AVBFDDHMVYU78	8785	outside_union	201	0	0	150			0	201	0	0	1	9	non_tail
AVBLGXSWRN666	11191	base_top10	1	1	1	150			0	1	0	0	1	12	non_tail
AVE0POL0KLZ9Q	5609	outside_union	201	0	0	150			0	201	0	0	1	5	non_tail
AVE45KUJQ8OL4	8127	outside_union	201	0	0	150			0	201	0	0	1	6	non_tail
AVG16OSGL33PE	230	base_top10	1	1	1	150			0	1	0	0	1	36	non_tail
AVHY7Q07Q0UB2	7038	outside_union	201	0	0	150			0	201	0	0	1	11	non_tail
AVOFW6XUCR8XA	822	base_top10	1	1	1	150			0	1	0	0	1	19	non_tail
AVUIEFZWADM	3392	base_top10	3	1	1	150			0	3	0	0	1	63	non_tail
AW4REX48OOBG7	4552	outside_union	201	0	0	150	4959	0.283887551	1	201	0	0	0	15	non_tail
AW53F6OQAQ0UT	5992	base_top10	1	1	1	150			0	1	0	0	1	15	non_tail
AWKN9MUVLYW4I	9693	base_top10	1	1	1	150			0	1	0	0	1	10	non_tail
AWP374BL7EGZL	8682	base_top10	1	1	1	150			0	1	0	0	1	7	non_tail
AX4D9BUSHH3LE	8128	base_top10	1	1	1	150			0	1	0	0	1	2	tail
AXHI3LDAP649X	3347	base_top10	1	1	1	150			0	1	0	0	1	81	non_tail
AXK8UKPSYESNP	7588	outside_union	201	0	0	150			0	201	0	0	1	6	non_tail
AXVGCDVS7TCMI	8640	base_top10	1	1	1	150			0	1	0	0	1	7	non_tail
AXYJVS6ZIPC55	9619	expansion_only	201	0	1	150	9619	3.34849303	1	10	1	0	0	7	non_tail
AXYM52DNK6NDF	8879	outside_union	201	0	0	150			0	201	0	0	1	1	tail
AYORRSZ0RE5O3	3184	outside_union	201	0	0	150			0	201	0	0	1	5	non_tail
AYPEPA3VS4KDM	3286	base_top10	6	1	1	150			0	6	0	0	1	49	non_tail
AZ79H1B4CQAGG	3141	base_top10	1	1	1	150			0	1	0	0	1	24	non_tail
AZ9ZEQ5Y6QBDK	2894	base_top10	1	1	1	150			0	1	0	0	1	13	non_tail
AZIT7MTLNHYPU	3047	expansion_only	201	0	1	150			0	201	0	0	1	17	non_tail
AZPNGUGH55MTO	7395	outside_union	201	0	0	150			0	201	0	0	1	22	non_tail
AZR1RBKOE6XDN	501	expansion_only	201	0	1	150	501	2.58388444	1	10	1	0	0	4	tail
