user,split,target,history_length,sample_hash,donor_overlap_max
A38ZYYY2V1PSQV,fit,B004IS73O6,3,00002dbad52e81a28a6398e8e2fb70fbe98fa67ff4f96599b9543cbf67781eef,0.0
A2WO1ORBH33R2I,fit,B00KAL5JAU,3,0000ad7a4c51470109f7b7cd1f801b7c78471d96e102a266b1d25dd3b214ea8e,0.0
A3JKZ9V4UUSG24,fit,B0046MPZ4E,2,00021e3798ad916f5079a9ca4f149a98095bc57fa678bbfb70a715531dad0930,0.0
A3SGQSJP17J1JU,fit,B0082XRJ5Q,5,00087c7874a5f14f3c66023db69ced3f6cc8e57ea2a67471f7b8e2c154000bcc,0.05263157894736842
A2WUMZ4XTOYVG2,fit,B008LY3R66,12,0008c1f2b1917160844d165f02ca9aa6f82e4fc4548f1ed07940e5b74eb5c0f6,0.1111111111111111
A36OFDASTEW6EV,fit,B003KWMSPU,2,000fa69667287ea28f65729b2e3b0c56d4224e36b012183cd9e53220b4475af3,0.0
A35JFJJWOUNDQT,fit,B001F51TNQ,6,001dd7005ce7da6290da18a2f751232b0a88a493987ac35c37c7143afb6ba653,0.05263157894736842
A38S2ELFQMNEHP,fit,B00027DMSI,6,0025fe510e0f3b41fa140dfba316a460310d64634bc98a7a5ca69fce4fb0f45b,0.0
A13U975DFXBU44,fit,B00AZSNW3E,2,0029290738b5a9ea2842c9efc8c54a868a72819f86de77213ae5e27b93b26306,0.0
A111RSHNLH2EHN,fit,B00178SOCA,2,002ca95f72cfcea96293c990fcedc3aac0444b35f86e2d035d7332a739736a97,0.05263157894736842
A37D55NJF1DW9R,fit,B003YM5RA4,14,0037a07aabac43a22942f4dfbe8f50f9212d51d775e6b10d27a66686a4f72ec0,0.0
A1X5T0I0AL2608,fit,B0008F6ZDI,9,003ae31a5033b2c71cd9599bb409c802caa08ef9bcc15be04b61e55f3e07e7bd,0.17647058823529413
A18X9ZWXOEAEFY,fit,B002MSN3QQ,3,003ae792312bb2a11b13b6171cdcae55b206287b26f5479499ae03a8bd2ce895,0.0
A1MSLHCISXDB79,fit,B004GFR3GY,2,0043f6d8b3eff98ed4288527dfe4b6b8c5e8a05fb157269ac68fc9c9035b0e00,0.0
A3VZU08ZP7X8LY,fit,B006L1DNWY,5,0059fd6986681e24ffe270eb0a73e80c2540e2df50cb8c26afdd785f708cf613,0.0
A2H667ZUNLNTF1,fit,B00CYDSAO4,9,005acad645dcf3cd0b65d5828fd64f5e2577ddda87757bdd2ffe2ce9a4de355c,0.0
AB80AB1IVEPVK,fit,B00365DABC,11,0068f9fc5d6ad6b7907978dca5c1cf1d8126bf978c63c59d919b9aedea0de896,0.17647058823529413
A1F9PMSJNNEYKI,fit,B00AZBWPSO,4,006968d8cc588d8decf0b2adb07e40f531bf56bdce54b67768603ced70728e96,0.05263157894736842
A3I3UFU02JGQ2T,fit,B005V2LLXC,2,006ca32532754221d31ac5277e88083f0a06a735b97956efcaee7c3d9cc2670b,0.0
A1IZT8R23F819J,fit,B001CT0954,2,006f73f7357740e97262d859f6b84ec4e37b76deb121de56a16fc36555d52154,0.0
AN8SOD4WPVJ25,fit,B0027VCNGO,2,007069c6d53baa93d804cb8fbf9684d55372bd31535982f0495912447a8ce279,0.0
A1LB3NB6L5DT1Y,fit,B00074XC68,4,00761eb5c5a8a879677666487e494bed054d0225af1e2d794f7400c9561710f2,0.1111111111111111
A2VDNJOYCLVHVA,fit,B007XA7ZLM,2,00776c5d39c9fe254e4f0f24b5dc2b7b9a8cfcbfed25f92e2f48adb83f6f2e37,0.0
A3S9Z2Q2PVECBG,fit,B00427WJVK,5,007bcd67e9ba7728a23189ddfcc133246fec100f31f8cb453b476386277c5bae,0.0
A3RBLRVHL0R6LA,fit,B000CC08VC,8,007beea062c5343541b7e94c5fc7c9d70e9563a85261d6e4706e32e9d13664c6,0.0
AXKMBF44YYS6T,fit,B0092MCO88,3,007cab9d641b1f3499858152c4a000a10092d63952ca7108ae4108b485d8b1a8,0.0
A1ZUQ5ONG7CVSV,fit,B004OEBRDW,2,008583505838c2129fb862dac3ef45e2cee17a89686fe9837023800ecaa85b61,0.0
AOKQZPTW1243H,fit,B001E96MZ8,20,00865187c3240e07096f512a46d637ad58a10037d2615134e440424a19ba5b2e,0.1111111111111111
A11JI4CX8C84OT,fit,B001AD0HL8,3,008c9b0274ffaee3abcb32e6eaa028ad3202bf7b91ea8d142bc6271695c52e5b,0.0
AOZDKNYG4DRKU,fit,B001T8JLRK,2,00908d1d36427144e0d3af5dccab21f250a3aaab29906db24bc12ae5226d75c0,0.0
A28MKDFKWNO2IM,fit,B001TVURZW,3,0092fc81ad3e5b46fdf805c944f46070f7d6070f5093566ff02bf273c18ecbc0,0.0
A2NQWPJ8EBWM3L,fit,B003LDJK5O,4,009f5bd170d7847297f055a0c21544322690c087717a44f7965651ff9c275982,0.0
A2RU3JWVQHGQ44,fit,B00AVWJQWK,2,00a01980cede5035c8af1f1723491b3ecff180a781fb3505019c2e51d94ed618,0.0
A3CKLLCH0MDTGH,fit,B000050B6U,3,00a418c6f6ecb124d59321e91b10610b7711509287e1366448eed74d1acde348,0.17647058823529413
A1105ZFMT1RC46,fit,B00021AK4I,3,00a6c6d1aff3fb0f6eed7020f95b41cf572fc0893fad74a686d349c9b82bfb33,0.0
A1DMP09QE7JD6X,fit,B003VI0HVA,2,00a7baa841cdf4d3049f7719bd8f30386c935c7bd1b303fa034b7cfe8914861e,0.0
A18AO5KXCW5P3Z,fit,B0018CW3IQ,3,00b44bcfa30cbe6e347c225a82c206a2554564e8c00872ec2021b2d15e5a6f4d,0.0
AS8SNGQLHL0OE,fit,B002S8PU02,3,00bb309f56009afe1376f178cfeff5cf5b7258f8e817fc374247aefcd027ce42,0.0
A10M94ASQEBL56,fit,B00D6EDGZI,9,00bb7a623dd2b5c1579a43448ee9bbd502e02525180f4e8e8b1d8baae9912a65,0.0
A3QVAKVRAH657N,fit,B00AHF1GTM,6,00c3ce89769e35e877da89cc5aab2316d0abbdc506630fd5fcc07db56db51417,0.1111111111111111
A1RZ0J2CZZJOTX,fit,B00FRDPMQC,20,00cbca100e9b61e188b307eb2305b59272eaf494f2c29828489cf4d19f99442e,0.1111111111111111
A3V1A3C9DTLPME,fit,B004N7DQHA,4,00cc16f8326c1a188bb1d505a6630ec4fe24a6da375fe2dbf955131cb7078414,0.0
A13FMYPPKHS7U4,fit,B003XGX6ZY,5,00cc9cd7f61bc3a97db96e6c799b3e78787ac0481d565be3d8fcd906137c29e4,0.0
A2CVXUY1EYQGGA,fit,B00A0J09C0,4,00d221502af36ddadd3340ec1e7b9335f607e59af6b1a300057456c65e4d94f9,0.0
AAKR4DL4GBINL,fit,B00GJX58PE,3,00dc207fab9e6fd2f46fbf55d8125fa4f45fd6ca7514b3dd0ef89d4608efeee1,0.0
A1I92SYJD5QION,fit,B0047F70B6,3,00edcc7837ab9875e41e76de5fb1ead25010b74586c219600f90836483a1445d,0.0
A2G4F1QTM00GQX,fit,B0050JS5M6,3,00f10669ca2098701326b511007c18d9fa4576dfa22bede0587de7e279e0f405,0.0
A39M37UYOQ7O8I,fit,B005LN66Y0,3,00f4dcbb111d00d4994f1d70e66416169b3ea6ac01ee559baafae31d5e4aff11,0.0
A2BLRRNYU9XO9R,fit,B000GCWJV0,7,00f5c2259e34070739c058b052f8c6b623395022814aa2a51de229f3563f7fc6,0.0
A25330LLZWPAM2,fit,B0000CC64W,4,01031f3719c27ec2703268301cec06b2421fd6016a1fbb726e93535d7ee66cb3,0.0
A1V5S8J026YL8B,fit,B0039OQ0FI,2,01055efa9ce75c859addd6f5e65b903ad6baf5410b7acd5d91660a260c95b789,0.17647058823529413
A3SIH7QQNDCFIB,fit,B0080GV0Z0,3,010cd2f703da2ecd106c0e17e63ed38646953db78924018390893b35626d7430,0.0
A1JKVK3MC5VRLU,fit,B005PZ2PNK,3,010ffc71720f876ea8378179215cfe661341aa4134fcbd474df6c4b03fb701a6,0.0
A34H90POFYRHGT,fit,B00GYB17TC,2,011128de95e762c22edf9d14d752f90a0f385e581005e0bbb13d7b88b5c44674,0.0
ATCO1MR1GTK1T,fit,B0013CSGBE,2,0122591183182852fc320e233c0ba06b80d66c391ea168aa4f2c578b495f63d1,0.0
A2RGE6WNAYPSD5,fit,B00A7H8ECW,2,012418a9a6f7f1f1c08b2dce99d226444a915708963b0e85a586cb8e8253abcf,0.0
A2L9OPJAAEK08Q,fit,B00AE07932,4,012be8820825dbd86277c218909816cc8a0a66c963f7eddebcf6fb17c22cc6e2,0.0
ARVD852Y0IZVL,fit,B000R9C0PW,6,012da5845b04f9423cd0c6fc6ae5425199e80b784cba47306d3811a33c0698cc,0.0
AFL8SPKMGCBR8,fit,B000ZMBSPE,2,0137d4ee6b6841bc8ed197da254e8998333b5b16b6f97b4c679cd313f5a121c2,0.0
A3G7H4SFOOP044,fit,B001H270RQ,4,013d0b6b15ba725cc6be8f01fbf98cf90260c76ee0e5a100d4d492b65c3d5cc7,0.17647058823529413
A3KJUDG3PKRBB4,fit,B004TSFE28,2,014a30a6f9f8817b35fd2cc23fdf68777bcfaed7cbab9e0732b3a71f094729eb,0.0
A2T146POE1RZTX,fit,B00CFRBIC0,2,014ddc29a978b874ea4894547fcb59e4a9b66911184e72dd704f563e7b696ed8,0.0
A116K2CNNDQ1LF,fit,B0027TZPVQ,5,0159e24567a66af71e329d05b2e5ad2de89a38de1b169e353b92f02886811f0c,0.0
A3GHB5Y5LU9M2L,fit,B004NG3QB2,9,016900d48616682768eec623c6e32b33a074789d771e61fa55e3ed25707cf643,0.0
A21DFMX3J51CQ4,fit,B00518N2J2,5,016953813869f3814f97f697128c3ed2b81fa6ddabd8e85552db2d4d2566368a,0.0
A1XCSX5F6N8AYK,fit,B000VPPUEA,9,016a872d91f44637a4805d4388d1b1ad68ad58424a2688fc482841be61f59a0d,0.0
A2CP7VAQRC55D7,fit,B00387F426,2,016e9394e2dbba0a8827c6a71284cfa728178e22fc42ff79d681ec5c4452d8a3,0.0
A13C02EJ1EC07T,fit,B000GFWIOU,2,0184c74d4b3f888108582783289ec6f72936b5d17b03afec23baef1ee46782a5,0.0
A2SJA9ATJISL8B,fit,B001VMM234,2,0194ac2c81e8cf6968eab6b7642b4d3f55678992719cf27bcf7ca2fb04bcfeed,0.0
A4ZGDN3SEMB7T,fit,B0084HCIHY,6,019543f1e34a3680153bc4984f9593ef123a2270a44b4395e6ba6837c6fa1430,0.0
AQ4ASMIR56Y3D,fit,B007ROD202,3,0199187ac796ae53ee637717ee7fb424698a6cf8a217d96e58c41d6239500ffc,0.0
A1S2HCN6WF93MF,fit,B0057JCYYE,4,01a4e6961f3cc1d2271bed087b00c6da385404f3d70796887b86c8033b448357,0.05263157894736842
A1PVGOY677Z8PQ,fit,B004YBC5K4,4,01af17c3d5ef8829d98ddc9b8e94d46a6ff7ca04ff6ae2762b2f073e67224ab8,0.0
A3VI2VETB90ZG5,fit,B00GTC1HB4,20,01b03b7dd527d72957fb7c579f711b5356bd685a461d64295a4978a40742aa35,0.1111111111111111
A2SSV6KM3W1VFD,fit,B00GLS5938,20,01b49e5983f4d0ade696adc99ffab4001b5547ba60546254c9327503f3ebb0de,0.05263157894736842
A2UAFZ5ORUMOBB,fit,B0092KGYEA,3,01bb7b3ad42a68540ff67d069ebfd1538678af13462ff49637059cc5a694f930,0.0
A22M5Q26POVZN,fit,B00AQHKCGE,5,01bd21b1fae2dd269aec9d856af9c2cdef652f26d1ab885ace6d61d5ba3ce6c7,0.0
AMXWBZYARV4H1,fit,B003YEWHH8,2,01cbc0b694df34336ba71fed835961267ddaed1395a594c3c5eab6a034397a32,0.05263157894736842
A1L283Y8MJJ1BJ,fit,B00GHXHSPY,12,01cee275fedef77adcf3828ad7ab8e52e64aaec2b327e008de0b4c0d745eb000,0.1111111111111111
A1ZH9LWMX5UCFJ,fit,B001ECQ4OY,6,01d2bd28a95af2a723fb624832c0de52bb77887a15c0f38955af5564d521b0a3,0.17647058823529413
A388X9B2K05JPW,fit,B003XFKACM,5,01d4b102b18903958e8f896e340cf6d44937c47e4ad67b44bc015682f08bcedd,0.0
AE7QQO1GC7WY4,fit,B006K9OQSC,3,01da24ca3f2592616ad82ce68ef3efa992df57d976b96efc2201fc663f0cfa7e,0.0
A1UQ2YP76IWKS1,fit,B0043TWOUI,2,01db2b2c1d736300c3c88d0dbc8394bdaf4af20a380a4f5cf47e9f342fb51d6b,0.0
A16NSDWLKBAQZ5,fit,B001VMM234,2,01dedecff300486c221586c46f79e51825829d83a78c8bba9f9e978771155368,0.0
ARJPOGZNRUIO,fit,B009WCLNZI,7,01e17d195edb23da971998dc8b6d36dac3b0700d57217b7ec58f5381f2751640,0.0
A3F9HC4FDZ6TG4,fit,B003RF82RI,2,01e2ff7070a9c4c555ca583a5582f6b89c9ee95f05c4f468d5e98a04dc9b37a6,0.0
AZGK12P6XWY27,fit,B005QDL1K4,5,01e611a22305dff3bdff223dac0ccac47ff779de4ab2ad502b255693d53f398d,0.0
AW7BIYHXUIZ62,fit,B00AWLB9EI,18,01e623ea61c5028326f79e37bcf4302242b33ac3659414c1ec9bfe14de023a3d,0.0
A2DFO9V3HMXZMD,fit,B0019IC2N0,3,01e6d32ef40a1938cfd1a859e24efe543d4ec8f2c096a0b0ee972ef5ae5f9bca,0.0
AJXB8N23GMST4,fit,B004O6184I,2,01e6e96da32524ba04594efe40c1f8b224850db27c2108402cfa7501a2184232,0.0
A3SYJB7D8UMZGL,fit,B0014UCJPE,5,01e6ede848f009e026b0a287553a55579c4703a34b920ec65e178df3195b13f8,0.0
A3RXQF95VPGXI4,fit,B003T2V3FW,4,01e77d13ab7c624b55eb88fe22ad2dc7d8d7bfa705f28a89e9b78a9c523bce0b,0.0
A2IVN0NCHQEZZN,fit,B0039UT9QE,4,01f17c10cb8d6b4b054979e2911e1b3123a87fc2c7a9687f389ce5b47432c984,0.0
A2S4RNDKQO1G0U,fit,B0006PJSES,3,01f532d7fe13be842fefcdb4f74079b15a3069533670ffa76df6ba6842f2a312,0.0
A3TN08MUCXIA01,fit,B003V21WO2,4,01f9cf1cb7c9dfdf7e39cf59068d6424260db6a7927314e63731ad80fa52540d,0.05263157894736842
A1OFNPJKUYOWY7,fit,B001BLRYMO,3,01fb8b8f9701b05281059d8320a09e08e3a84a3196bc4a0048f1fd282f1345b0,0.0
A2ZRBJ4HBJHMT1,fit,B00GHXHSPY,3,0204b3b8b7386320fcc4140f7d112b7c8a2a4636f25a31103bc3cbc31f8766c9,0.0
A7T81EL84RWER,fit,B00AUV9GH2,3,02077b6e62ab133cf0354060fe31970dadd92980b4f4cf8c7a66ef36ec7cad52,0.0
A3BAA7HP1CIWRR,fit,B007BKB6AU,2,020f70445fac678497d3e2189c7784f3b39ce9888c436715c146414aca07cdf9,0.1111111111111111
AHK6FJP078EXJ,fit,B0039B3KNQ,3,020f9264dcdad16acf29c25be65608555b11f77992afd1fe62c8384fc1d4548c,0.17647058823529413
A2II54B3VA45LN,fit,B0019M1ARK,9,021248e61dd8f144ced94b86d8cf48083e0c7932bb3810b7d030b386b2af4525,0.17647058823529413
A2TNC7MGMYQ7Y2,fit,B005Y6F4WO,2,0212789e16a8758ab450b606419f56d967967323ca143fc645130bbc693c2450,0.0
A8PXGH2UM15TE,fit,B0009VNI40,3,02145474db3c975c0b712ccd476a55c3012416fb958473d1decf1646a204871f,0.0
A5XF76PK1PEYO,fit,B004J6E6NS,2,021bf5aad966b274fb508558d373d876a781f77f45f00fef133388bd4acaf328,0.0
A39SZKOCGCPP16,fit,B005OZGDO8,2,021f641e40ddbed312e96dbe7c0ef61b8d37ac8595b31bee43e850bb97362e33,0.0
A2SKAPQXBU5PJ7,fit,B001F51RNI,2,022062a03e1aa3220bca5f6edc7d047e3933b15ba3616aa072f5ff0caf3058e4,0.0
A249WJKFOGN7BL,fit,B001SZO890,2,0227eb449d80a3b0fc3465993994b2a61dc483c9ec12840020ff89095981a5ac,0.0
A1MRSECOAO128E,fit,B008LV9C4A,6,022aa6b84f80b722b682f55f76b5bfe5c3eeba45a9daaef4720c89ec717cf488,0.0
ACBWPUNYF6FJL,fit,B000LPJASC,4,022b68e20433c20c439be8dbdbd28a529c8d9dc9ad1210ef857bacb07ea051e8,0.1111111111111111
A34FZXTTECSKJ4,fit,B000052YJH,2,0235bd94cd7aa3e8f786d341ffcbfa2eae3bd08207f1b32b075d59add23a203c,0.0
A1C9NYUS3MTA6F,fit,B005WTLB9S,4,023ba6df8e94321fe175bc06e894ab55a4164bcfa489182c12eca31580ca0edd,0.0
A2M4JAYE4B7UQ4,fit,B0017SWIU4,3,0240e7f667e6e8b9d3461fea92203b488a42df6d23c9f80de76ee8621c00e5e2,0.0
A3MZGKSFYS9NYO,fit,B004LP4CVS,5,02467b084de559873191ea4743f7ad360703b47ca08832dd5d107576cf939bbd,0.0
A32985CJ5GJDDO,fit,B003X9E236,4,024ab499dce6161671d89316a83ff049abae36706e1243b8bf186501adf18746,0.0
AH9LSSANHH484,fit,B005I0JWEM,20,024ce924b80623527db2cc9fb54c177ce2c0b68db5b880a70412c5d5c20a3181,0.05263157894736842
A3FJG1X65YU2L8,fit,B0002G21GI,2,02529257696a825a3a2ac503c738e2962005a47251161fe02d6efa8fce75d79d,0.0
A27JLRNUFP3KLJ,fit,B008K0WMVW,2,02567117701224d8550aea83bef5bfe8a732c2f6a2c4524834f057b4264b7949,0.0
A339AFX8OG0WZR,fit,B000HGFGKG,5,025995c67a47a2560410f92bf076586200dedaef228ddebc9350b5539eaccb19,0.0
AZWZF1F7QCPSE,fit,B004K0HEFA,2,0262fc03628724605551db72dc71efe4dc054762406b50b6ed2cb0fe65e5e414,0.0
A3PWHJWGY4RF1R,fit,B001F51PXA,2,026aea013fd2a6d77420dbe4a7c055f5950c27065d38e3619daeeb0ea941b2be,0.1111111111111111
A1YZ8KOTNU1BEU,fit,B0046ZHQAW,3,0277c00f1c5892de1ee69fea7d728dbf509dd9b98a6d43c8cf479966807f30c1,0.0
A1BJOHHLG0D965,fit,B006IBM21K,8,02824f88f1d7850b301f821a2198885ff750fbeb81ae93d339ecdb90a5a79c78,0.0
A20V1GGVO9I49F,fit,B008COP6NM,2,0287770ccd8a479950f255e701d126f76fe0db396969c3d8e1a7b2d662a7556b,0.05263157894736842
A2YVRLXX2U5BDJ,fit,B008HBMVJW,6,0287afdac8fede882b687fb20838c6c0fc6fdcf95fffc9ecaba615a737f4e636,0.0
A221NRMMPUADLO,fit,B0006BDO5G,2,028b3ba483ec0069f2892e8ffe6731701d09df1d128231414b3645bb25f73e3c,0.0
A3AE2IM2KQ9ROH,fit,B00912CL5K,8,028d901f53644cfc07f4b1ac037996c4c2afeff2578442ed2edb2d07c0e007bc,0.0
A3G4RALIPTMVMI,fit,B00AM7BSXO,5,028ed710d7cbadfa5316ea748060cdc9a22bc84f7470bf28647b05ad56fc9e78,0.0
A3RZBKI5PDO1WA,fit,B0069FDR96,2,0290d955e750f17d79381721dedc2f9b5d0d38659baeb52ca8ac7391bb8a3761,0.0
A4PRNH6HAMQIR,fit,B002UL10HY,3,0290f1a8aebe6ed8696ef6b483a03782f6e69a5aae4737489da8954fdaf0114f,0.0
A3TU2IGQH5K2KV,fit,B004OHQR1Q,2,0296e53bc09e05de67af121242b007a0013662d5ab110690ab3e67d6c918f934,0.0
A1BQAWEOE72IDW,fit,B0083QNBCM,3,029d38217afa44288a3e181851ad545051547d7dcaf017548271cbf6a2fdc9c4,0.0
AHZ5IUWC57SVH,fit,B00DPVH87Y,2,029df19b672b99df190f106b244e10722fc97729a2f5a2e5b177a9593c9fcc9d,0.05263157894736842
A2KNUAZQR44L2,fit,B003UM6TJG,3,02a02929fe3f99f8967e6d348b77f0efcdf705bc32131f3a707bcf9692957a2a,0.0
A140VVUBCJVV7O,fit,B000ODNSR0,2,02a18ec5e933edc3a2174674adac842b3400343b725c485cf7cf4121314e98f6,0.0
AUFYGX6HQALNC,fit,B001PNO6KG,3,02a190dba3855998e9e0e028fbd7cf2a95549d70c54ad351ca17295c59d57398,0.05263157894736842
AVSM76EX7ATBD,fit,B00153Z3I0,7,02a84291525375c2d68f9512a0c73445e7d01748180910dc28e8b4c35363c7e2,0.0
A16IGJ2PJ8W1KK,fit,B005G7QK9C,2,02a86d0f0c0782792d83f89b60e054d3b4897398e38579414c34815a07373502,0.17647058823529413
A29NNYBMVN3DDB,fit,B00KCFAZTE,9,02a8eb81d930f0617dc649f33edf203540bc9e218ac283c1defe6238644545ff,0.0
A2K1A96U617B4Z,fit,B008U2Y9BQ,2,02ac2ae399bfb716e030bf657b9dfecf3cbac46bf26bf5fe25a3ba6d7f57488f,0.0
A6DKL1OVYNXV8,fit,B0073SBJPC,5,02ae542a206dd23d2d8e323642a1e2814d735e944eb4d7e97cd630d0cf779940,0.0
A2BGDV09HCHX8E,fit,B0013B2H4W,5,02b0c733cea76637c33846245f7a5f20f264ce7fce8f4c4185c701d51ca797cc,0.0
A1MHTW6DDWF488,fit,B0009PVV4A,3,02b37d0c6871b42c33f63ea3ad6d961a069c29a745fdf7dc5e140a8936ff820f,0.0
AKT6XM733F970,fit,B00538TSMU,7,02bbdd252248b9000ecab506ee3ffcda85adb09e811db7c103b98fe10edbc9dd,0.05263157894736842
A1HH4N2GMNVA53,fit,B004GNMP0U,2,02bc6203e99b5e0fa285f7596f71626fb3712c4c0c952cfa979d45243415ba21,0.0
AFQAVOPM6G63U,fit,B003YNB752,16,02cab27725214145def987076e11cc3da6bf51dac05c9cd2b53442132fa96c22,0.1111111111111111
A14YZDOMHMHQNQ,fit,B0019X5N54,7,02ce8cf2c985311db0f79b79b4eded58a7dd433e355ac546c3e7be66d79359b9,0.05263157894736842
A3VT0BJTKYSSTX,fit,B001P1ZEL8,6,02d8b6caa6882026a07a495c12293344c0e1eddfa5337dac93448b20e1b5543b,0.0
A3I7C71GA9EV05,fit,B00KCFAZTE,5,02ddde4cfbc1a94258c264dc17eeb156de7bc5a906da8b7bc9fa3246d3503e20,0.0
A2570XS9HDC0LO,fit,B007BLN17K,3,02e0293fecf7b3b996f00188dfc7bee6fafb8d177eb83ca2234feb37c534d6e6,0.0
AUF0N5SPOYWD,fit,B009EF9NFU,3,02e9a3feaaa9e3cfa2d081af88622d5899e7f63ff22e7cd8095e5a4df318308d,0.0
A3CRA7EPM4EI2Z,fit,B00BB8ZJPG,3,02eb24446f22fc1db6a68fcdb643d05f57df53aea8907111dd8d62c1bb489006,0.0
A338UPHHM27Q0F,fit,B0018V78OG,5,02ef1a2b895d6c2f3691e9b260d4a28f9f2b4aa0579f343fa205cddd783020ca,0.17647058823529413
A3H5FUA3ILLOBD,fit,B002LM83HW,5,02f4873268a529ff1d518dc773ccf0dcf2e66d7a07a4483de2e4fb2464e57077,0.05263157894736842
A1QW9ZCEC2T2QQ,fit,B000YJ2SLG,4,02f7fffa6426b56916877195b66227ff64ae121ce80992bf5162ab1d5af555f9,0.0
A1BFEKGDUKP5ZT,fit,B00AO6UKQO,2,02fc59afe29f57135595ffd1ee4082de3a3316932ffba747ff5a2e06b19e267a,0.0
A3F2VVIQIY6U64,fit,B00G7U29KQ,8,02fd5b5b291905bf9c2e4c7264c97b757e1b8519e875b5176f846ac42b52e6f3,0.0
AAH8M8ULI36DE,fit,B004BIZBF6,6,02fecfd18b74fb55508c28248729b280a357aa4ea1a96dd861fb586e8a29805d,0.0
A250RIBFHPUQLI,fit,B00IMHN0B4,4,03085d4a381eef2f858be5899e1724362c1efb6882dd4027318540dc4068e68d,0.0
A3BSJ3J674PB2K,fit,B0047AKVW6,2,030e5a210dd33550d9f65eea467544e9b73a1d177a321546fe61744c44c92ceb,0.0
A2PM49X61MWZJV,fit,B0011Z3X8O,2,031461773f9c24e453ce50fc706b4622916fe16e66a24b014deb5f5fd1c49a3b,0.0
A2IB4W6GC889Q1,fit,B0028Q8I6C,2,031a05e5dfa2b7b2abd8cf04a92863d3e57059fdd35abc423a7d29e2f67b9965,0.0
A2K0OGC1NNO73F,fit,B004W24LQ6,2,031b0570cedb87bbf6e95fa858954c7caba3a0b940cdbe3aa789079fdd79d820,0.0
ADI6PGLLK3CU3,fit,B0033H00ZW,6,0323b5f4e767fe3129d553435acd10ed6e945b4fe62f0c54bc1ad59802738050,0.05263157894736842
A2O77EBAON9AXS,fit,B002D48QR0,2,032d9550abb92e1299fcdca5bffea2b8024d1af6bb1fe392d6113a38358d051a,0.0
A1SL7D2AEMLXI7,fit,B0038YW3BY,6,032f51ebe4db99c37f855eeeb00e069d64296cf95250b4af0dfb013da7112035,0.0
A26MBVPPXZN1YM,fit,B00GTC1JHQ,16,03315bec4d43c930506b9bae144b5d5909f87c448b0663e675a896f587bb17ff,0.17647058823529413
A1ZV5F3ZH0LRQ9,fit,B0018BTCZO,2,033623691f3543e2f730a68ff60816b237542385943d8da9c473fbfc900e814e,0.0
AZS4UNYSAZVG8,fit,B0017ZTV0W,2,033bcce809e4692738d296fa6ec7af9111dc3fa58bbbdadb5918929362326f9f,0.0
A5A3C6XVDYUND,fit,B00GLS5DKM,20,033d6d60dfa8e1ee6b81f43bd22efeab3960f6997758aff1af216003ad912b68,0.17647058823529413
A149I93AGD8XQV,fit,B00479FP4Q,3,0341365d37e23d47624d7ee6fb6199c42fa95f87a95d64c3e2e8e45efa1bd36a,0.0
A15DJHT9VECM95,fit,B000VDUOFM,2,0346cc71fcf151a5d344576218deddcc49e4797f811061be4484d7e136920804,0.0
A3QOFN2B82EQID,fit,B002T5NMGS,8,03492a992bd063fda168083a31102975459614a1598d7924d15db5aa3a1dc544,0.17647058823529413
AA1ZYCEKJGG3A,fit,B00BVKL08E,11,0356701f01fb67112f7e6af2a43234ef01aa419aec37ec74d1ba14e84212c33e,0.05263157894736842
A284F70PTVG7Z1,fit,B003QKL5YQ,5,035b26d400bfcce9090a5bcdb55e7c315295b169c014a148278392578ea64419,0.0
A2QQVIV0XO465S,fit,B0023A7JF4,9,035fc0cd937af47b0b85faf132eb3c41bea008129854ced6f51fa1b97ebfca02,0.0
A1MQT9DYCXXXK2,fit,B003VUAOOI,6,03614c49ebef945efd4ebd438284bc56c63a93d10372f743d67ebebd7bf712b1,0.0
A3CQG5K5180SKH,fit,B003ZWX6TM,2,036a2f885eef90375daff873c83e5e65852f336444aa2ac295ab318e44953b10,0.0
A9NFFAZF3LIB2,fit,B009FKNGGQ,5,036ca7f2f012c0fadcd67d3e48c717167783012fdd74bda88f63786b5fc342fa,0.1111111111111111
AIO99JBZ3BJM7,fit,B001UHN0I6,3,036db8ddb5ecfb00221be9f033bf48d517cce5dfd08d07636c3a07e5e71c8d3f,0.0
A3AN76R1NX19FY,fit,B002RS6JPI,5,0371321400ab8f44176dbbe62b2de55cdfef4dd8e02230cc0156ae7e4f72c16e,0.0
A1JF6SRUNDLD15,fit,B009U9990E,2,0375ef2153caabd9efb5a192843b54ab1155b71685ab97b56e1bbe3da4bd83fa,0.0
A19JOZSZ6M9NTV,fit,B004YNJZUA,2,037605a6172a2157a35cca91c23c9e0909d32feb5d1f2df8a45e82d547b76348,0.0
A1NPWZ8SAWHA6P,fit,B001M7SIFY,2,0378e60aefbc626e78d4da00ddbd472dbaa6a2363ea636e61f96f31bedf34326,0.0
A2OJE9T10KAN9U,fit,B0013TM9UQ,3,037c1182c20dbba50f92a0c9b8e4aa3649218c4001d2a7e50719e97076aac3e3,0.0
A94IFOBEK4NJ7,fit,B005FYJB92,4,038584ba608e2db69017eb6aba800c8696856d9e04e88376eee46f88aad06957,0.0
A29OOP3MMUNTXG,fit,B0011FMDU8,2,038d2f29b327373e69f52750555cee5e75436e1aeddca9c803036edf2d21c025,0.0
A2CYOVL1NLWUFI,fit,B002PBEAYE,2,039711c895644f99681f67625b58bbb79ba91eb42317facab0bc51cad22c9405,0.17647058823529413
A2N2O466IM4FCL,fit,B000COMJNK,9,039f599df2a390a2a54cdd60bac3b9809f4468c00350f33c2bd60b3606f008c9,0.0
A1UG1AQGYFAV8,fit,B008JVZMDM,2,03aab3854516cda55a134dbeb1c9017520449590868a7a199ce6133606c9cb33,0.0
AZBHJDI49LKDK,fit,B0058CJV50,2,03aba19580b61355bdcd391e36e1040ff994acab62170bcf704d5a82de9f288c,0.05263157894736842
A20OBCQWBKCGZT,fit,B000H8UN3Y,5,03ae679fd7afd4399a1671fd152d715a666ce90251f44bf47cda2f9a6767b9c3,0.0
A1GHC98NVV1262,fit,B002L6O1R4,2,03c37b3a7c241c1d03cf21767ede34be726cd0ea64c621acf2aa005683d7942d,0.0
A3RG0QCNOOB6AX,fit,B001G2L1O0,2,03cd8b7c1f7c37d5b26a89b1a076f1b2ad991567ef1af3e64565283ca97b68e8,0.0
A3VBF1J95ROAYF,fit,B00AZSNW3E,20,03d6148f7b99c97a9c7be379cdc3515737b01878a8066ae1418e847d77093c58,0.05263157894736842
A1C02Z83O2MJHO,fit,B0056GDG90,4,03d960990893e0ba2e37d82ef5059e2e95af5c0637b2a834c7f425f8208448c2,0.0
AQG46REBK2I2H,fit,B005356O34,2,03d9eff9e269fb7116b93c03af00f90f787e9541c4a711e928e02787d24c796f,0.17647058823529413
A1U0131NE06V15,fit,B003P7VX24,6,03db1b204cce5103d694b2ea482553fb2ada09d87014f403c9f9ecd5704a35a2,0.0
A2FM0GJWDCQNFD,fit,B005WTKB2Q,2,03de593cf84488df4453b9d954dce9bc9cf9517ae476a046002cc4f84a94722f,0.0
ALQ5H21XVQLSI,fit,B005GQ6IPY,2,03e18e8468f23491524031edc7d8aa0e4f7b0a572d62e3f2fd6b26e778563b64,0.0
A21CHESC77W3XI,fit,B002E0QLP2,3,03e26b750e0029ba22e7e333d62eeb32dda4584e8c0d7e40fd6cd17f28052e40,0.1111111111111111
A48IIPXCUT1QS,fit,B004DIUWU8,6,03e5610b8d58f0948689cb55a53bff3f2bcb91708f6ab87d0945dad2dc33c19a,0.1111111111111111
ABJM5JJP6E63J,fit,B00260GZTW,2,03f8dbbd6fa0c87eb45a7f383ae8f834c8aea152dc8d393c0e2d5c4ad45e359d,0.0
A37S5QYD4NYDI0,fit,B00DEXA0LY,3,03fedb7c2f5c76a25decd7afbc83b779c36659b71a2eed6c464fd8797d31cb98,0.0
A56AUIA2KJ3KQ,fit,B002QY86BI,9,0406d978265cc5aa2f9cc02a776f6247b3b7e4b886b5476cb593fa937b95775c,0.0
A1550Q7HA8WXVR,fit,B000XJ0PG2,2,041391a19ceb463b9ca0d07f1e64e926a64d8e40c11440ceb8e04e01ac483436,0.0
A2V0I904FH7ABY,fit,B0072XT8BA,17,0422dabe50b69c94351152923a48c3125f9898c277bedb128a5ea28429d974be,0.0
A3EQQHULDUZ216,fit,B0020JESMU,2,04288762f3aebc00f02c8b4eb036ead21d2b2cfe461e63b71c15898ca2c39a56,0.0
ABSEE3YH0AR8N,fit,B0086LC0L2,3,042c8f7a2c7088ff7a8460a14cb4f5476c1df68e6855014e5058f6d1bfdc781f,0.0
AB24Z8PTNQ33I,fit,B0017U10SI,17,0434e3b5f6effbc0d1928a0d22c857915a8b78a43e33e8656b92918a876447f6,0.17647058823529413
A2WJXM4PSJI0ZU,fit,B00ANTO6YO,4,043531c80b8ff6388a935c32088585096323cf9440867b3a191ed7ff675dcd98,0.0
AJWD2KH4ARL8E,fit,B000G7XRCA,3,043c9b12880193cb71f44c36f0a72bc4ca6523c8e8c38eb81986d4b5be27fc0e,0.0
A106MNO7PYG1WL,fit,B001QYBURQ,2,043cfc7c03882c817f1fbabeb475ba6f5be8fb75994f07d4ea5aa174aecf45a2,0.0
A1TDBVZXIQ8W73,fit,B0015C0RIC,5,0442b40bead9b897974a45fbfc5b912cd09eef67acf0cf3878e7b6535327a106,0.0
A2BE5T72BOTI97,fit,B003YM5RA4,2,044804dc3129395ba821da8bbb26a71e333f6194d4f5dbb09610147cf2895244,0.05263157894736842
A1MBFUV5DZNEZQ,fit,B00BB8ZJPG,5,0450ee73f77c40ddb9f01bc1178863c62aefb607eb280cbbd4522493375542ab,0.0
A1J5IPVDBG9L5U,fit,B00EUPHWG6,5,045a75c95cb40805f2739788e31f880ab5d85396d14eae143ef6a63d30d6aca2,0.0
AEY62S6LDG8QV,fit,B002XXB5FG,3,045ab460024500caee12dd0c7deb02aa3c06d3e12b88b51eee0d62c9028c28fd,0.0
A2WHCG43ODIPMT,fit,B007ML9RNQ,9,045acf35fb8775a13e4c7f83bac2c5825b83abea0af9b41a9ad1a3384dca01b6,0.05263157894736842
A14HUUH6ZAXQ2,fit,B009SCRSHE,13,045ed5465e86894947cf4a25cbfcd1a597392c01a232d7450b821a2ab0cffc68,0.0
A2LKSE0TZVDUMX,fit,B000WNLFBI,4,045eed925d1cfc06168ead81b76fab3ec495b433c32e9cecd2d65380628f9b75,0.0
AVLALLFRML1D4,fit,B004V4MQ2Q,11,0467cce9c9eb11f16f6c214f3b0bf3e9f5804edfe5d7867e1cdddbf8a0852ac5,0.1111111111111111
A1A5AYEZ8N1039,fit,B0081E6YRK,2,046a9dbe958ad726f83ff73b8a52b7a16a76fb5a92303fabf6a908ab74c29da0,0.0
A2IT5J4H9MHB2Z,fit,B001699TI8,2,046ca00cddbd161b5c68c81e8422df024f47ee8f5269ce162fede3c6f910250c,0.0
A3UYTPUQC58FUE,fit,B0009FHJRS,2,046d0ed5daf5ce7a34934df73cb61addbcf63f247b2d50dd61183f1d1c2a83fc,0.0
A10Y098YW7HDZJ,fit,B007L5ISQ0,5,047e24366dbdf2f15fcdb545a8273cf1c626281b63878c20946ea14037e29c82,0.0
A2S377GRNZKJE4,fit,B001HKR6WM,2,0486c06224c4812061904a170a75b4c28e84d00dd28e26f5bcdf0a077ec7032a,0.0
A2B6I0N8RNAQXJ,fit,B001KYGV94,3,0487647bef5aa0d0a8e33102d7028c46b19e6316171fd47fadfff26d97924a77,0.0
A1KLKBOWMTCTK,fit,B0081SQ7UK,11,0487a1a2de9d4b9bb02da7a2f8898015b4e53a747d9b5accaaea5014fe805066,0.0
A40WOJQ9UBUJO,fit,B003VMXOXO,3,049468ac5ee6facec2bbf03f8681cef9d96fc282c363dc0e43683a65e4b306f6,0.05263157894736842
A3N4R18KX9VISZ,fit,B0030ZRS7U,9,0494fb23f89b3706e1e38a4078ee425275d16d442388c3d3612b740ba41eb2da,0.1111111111111111
A3HK49P9VGHVGK,fit,B0012Q78IS,2,049c8d688e9767278d7c04165cfe332306fac3c35508c399f40e31b3f876788c,0.0
A22R9BCC0CAGM7,fit,B003ZS1O7W,6,04a19e3ba167c64df76de061c99fff6a564651b3a2bc1c6168472364cfe2f671,0.17647058823529413
AEVM3MCCZPDOQ,fit,B00BKSPQNW,4,04a9548dd731ade19afb83a9885d664882ff870dbe7276719642785c8beb04f0,0.05263157894736842
AOYLTUSFMTEBQ,fit,B000V2J3ZK,2,04a9779a3b16702fbccecd94982193a00fda07df00a407cfd93a9a522b25e8ef,0.0
A2KQRUKXGEIPJ8,fit,B003WVR9Y4,6,04c09ec49564f10422e2559dfaf97d770106fe3bcdcc7026681c987320d40755,0.05263157894736842
A50L19N0HMBG4,fit,B001699TI8,4,04c7d7f893e765086197bf056ce632b16a4f6fdf1ff1b4894192b19567707aa3,0.05263157894736842
A27FZGNMKJ1VEP,fit,B005Y6F4WO,8,04ca2ea47071b03918fe5b5a5f7b5f6c25c5e46f9c152d673031e530f8f0bc08,0.0
A2D2M8D7Y3WXSS,fit,B00368R3JY,7,04d20b7da3217028502db3627919c0755f4f11ec2ebc2a9f7284a2a6b6f8dd62,0.1111111111111111
A2Q0ZUKI9F47A7,fit,B001Q8560Y,2,04d2858e4ba9b6ae98e21aa4dce48bfcf0889b431706449b14c8c942237647c8,0.1111111111111111
A2RPVYLTOWGGRP,fit,B002MOBZSS,7,04d73f444d8d25b2a6670db85e9487a999e9f8abf992863dd72204db8351b957,0.0
A38KK0SZYEH5UD,fit,B006L6A10G,20,04d7675f9061d74c2edaecec5f43a44d260e537bba6a0d45e7b956dfcb133bb2,0.0
AT8TS7XTO8TIE,fit,B000F37UNM,3,04dda3982b57ec5e5060e5315e2238dc4cad39e12e798943ddfd2e275a122442,0.0
A3NGLUTI9066QS,fit,B008PW0PY6,3,04e460807fa9ee84e5f20ebd989f9d5f441289bb9e97b64a9bab0bc8b00dcfce,0.05263157894736842
A19X7WG27WF5XZ,fit,B000V96R1G,8,04e88ddbdf95e6e57a4f29fe281c82a1447b7c693e35b34eb44887d7f17db97f,0.0
A101E37WFPUEII,fit,B0030HAF4G,2,04e9fc0a3884759a7848cb083f385fa90a4ab33a12f8193f283291d723b16172,0.0
A1ZTRCYKAI19O6,fit,B00069FJUG,2,04ea2bb750a482dcaab6e39dc4a1865ee01173a6c4f5e02fddb612f36d7ed107,0.0
A2XSC45K6EDTJV,fit,B000P275RY,2,04eb40782a1fc2d8817b7841ae22c44e5224242cf8bec5b2d47b2beeb395e735,0.0
A240W3C2Z3WQCQ,fit,B0030HKJ8I,12,04ed795679b117eecc3f5a11ba2938f3eabb2aad99ae298753df03f2ddffbe7f,0.1111111111111111
A205I2954VFOPL,fit,B00JTY6WQ4,4,04ef39a76c22aa240f3b1019ffaccbefb9a650de937e5ffaf30f463c3012c84f,0.0
AGNXI2OEOANZ8,fit,B005G9LPAY,3,04f298f77fa82fdc9b0d7d9f275a0f038e2aac792b4afe6ef35d5b77b73d6a42,0.0
A1WKQ94M45D8MG,fit,B00GLS58SO,20,04f3226c9e20403e5882669bf0831a80cc55fd7694bf121b04cbc366d38f8e51,0.0
ACMR2X2LRR1ZF,fit,B001FB5IFK,8,04f775fcb6f8fac76052936fbf98dc4c6f2f5a597e4f685813fb9ccd94aa1d71,0.0
A239I83OASPLIS,fit,B004GYQLFE,3,04fdd446383909445abe09d326c092ca2be5a920e990004034c41fc8aecf1277,0.0
A2H4JOAAC6GH77,fit,B0083QNBCM,2,04fe98e217b183347010fff223fac82defab4e5bf4e582d99ba7ebf1d8cee8d1,0.1111111111111111
A32NEDX6UVV8DE,fit,B00GLS5DKM,10,0503ca8b1014d527b51e4e455d38b525135ed3dc04e883385fb0bdf88696bbc1,0.05263157894736842
A1TLMKTISOXX3Y,fit,B00150LT40,3,050e33cee5ea083149503a37964ec98f37fd2a351f1cc0ec79c2ea0dc3618887,0.0
AFGR776Y0VS15,fit,B00A76CPUA,2,050e6dd4b14170d3e2103d505fb4284bdbe91cbd99416fde276d6496000ed86f,0.0
AWU8B9JFO1BIE,fit,B004BHAJAE,3,050eb893d31826a5ee03456bfaccf810f449888a5d20e432d25225d02278df2b,0.1111111111111111
A14EK7CK43XIIE,fit,B0009ET5O4,4,051e24760255277e3bd899948d4799e9697589d9afe172588956633eeb27de26,0.0
A1A31FTEQDJULZ,fit,B000TK99NU,6,0521793aa26d2589a911f2fe1acb133e84622ad17522a8d8b6697938a02e0fe4,0.05263157894736842
A18K5RTT7D8T1S,fit,B00008ZPG9,5,05294b494da23966e25477942c6508c4c2dfceb8bfdfe113886e63868de6245b,0.0
AH59DZ5AXO8PR,fit,B0034KYDTM,20,052ae284850119ecdeeb82c11b28f8b799cc61d7be78d205ce980106e789cd0d,0.1111111111111111
ADKSJLDL1KKA3,fit,B001HKR7EE,5,052d7357811a7faf8b93189017267d9fb7fc23e699af2f57b067880e0f22cbc3,0.0
AIXIVACE0LHLE,fit,B008OAWF1A,6,05302e2c67ca001cf18900e0c6da15309f5f8082006bee260a515b0994e5524b,0.0
AP9AOB84YBDQD,fit,B0018BTA2Y,2,0531ed72fb985c186246c0e9c9329d347fc68ad431efba45b1d32ca79cf73ec4,0.0
AKXSZXF5UJJOA,fit,B003W5YCVI,4,0536c35477e67eb097b599a27c84a47fe5ae9c086c0749d611cecb968f0e1af4,0.0
AFQSRY04WVAQY,fit,B006CVXR10,3,05373f0b99a7e400716aab50d5249244a2cff73f05c420b13820aa762f4538e4,0.0
A25FJ8W6WCBFEC,fit,B004IZJ2QG,3,0537d0b6d2fd76027698eeff13862db41dcb43d3aed1e7bc609747f27db9993e,0.0
A32P1J924BM882,fit,B00AQBDZLE,4,053cd237f3c769e2c2492650857bd0ec17ee471f7e1e5fd3de92310486150125,0.17647058823529413
A3LFVYR9A27NLT,fit,B0019LRYQW,20,05483cd83e274436904027e743cec7d9b05af7dfb3f82c76ce9103f4aea2f369,0.1111111111111111
ATR4OEHIZYVEV,fit,B005584GCK,2,054de2f950a2f25a9462eeeb1cdbbb7ed2bb34817ad65b11fd9d573a9b70469a,0.17647058823529413
A1LKCFHJUKIDPH,fit,B00A78TEAM,6,054f342083410d5762b2330a0929422fbccb73d91728b115dc4b595305fdec62,0.0
A3U7DQGZ57GUEM,fit,B00FS6SHUQ,10,0552e7fa599ccae9259d026b9af6b0b2aca1766ea6c7a14ca5d2f310784cb2e3,0.1111111111111111
A163O6MANOV8MT,fit,B0068Y6CA4,2,0554574dbf30dacbf76b381685e2de90d41e16fe637f7256e00218b96bdedb87,0.0
A1QAPTV4YS16N9,fit,B001PRJ9XQ,7,0559d18f786d686039c9cd0bb2336e3fe34f812402599574f77d1dacdacf603d,0.1111111111111111
AY3NMV5VNCIM,fit,B009RK83US,9,055d22feeb9aa10b3509a867572b47858a31863c94e23ed79a25052d1df919e7,0.0
ADT6562BB6KUY,fit,B008VSY4LO,3,055d86ed0a3f880094ae10dfc97e951d9400bd9a79ef952ff2db8f04cfc85867,0.0
A2OLBTL2O78LU3,fit,B00AE07FQI,4,055fc97f26a6c89d357622c8c0b9a8a15d22a736447e83699044af41565da502,0.0
A24D3WAE2W0PNG,fit,B009JJA49U,3,05607e829b2ad1302c06765a22e1143464d2f7599ca2a7a62137d6a49285e487,0.0
A235UFZGCFN3J5,fit,B001390336,20,0563538e980c304f057f40ac6b9cfb4dcd04c01b06c91bdcfe420cbafbf6ff85,0.0
A1NVZO99EHMFIC,fit,B00023DIBI,3,056df1a2a26d60ac369aeb139e8920a11cdb200901bba09857af4da1a583e6ba,0.0
A359J2FECYKC54,fit,B002WJOOIQ,4,056f4a642395de75cb6624aa3d11ea02f41ec0f0004efe0937836a8dabca462a,0.0
A1V9V0LDZWA242,fit,B00JGCU60W,2,05774092d67e8d94a406e31ab81f3eacb386ade4a120448efd409aea1ea52fe9,0.0
A20LFXJ73OG00I,fit,B001S261Q6,3,0577d05e628422fdddbbb5d4f180c851b6b9ccdb076033f4008e208aa47b8ae8,0.0
A33RZPFY2C5I56,fit,B00BBKYIAG,3,057925f2534f60bde4cfd9904e5cbd2b127c6b7c505771d33faa38141d791dc5,0.0
A1T3B8L3UH9PDS,fit,B005LNMHZM,3,057d729f913c13019246c01b1f4a473eaf42e55ea74e3d1cc9fab5d304ad428d,0.1111111111111111
A10UBA4R9UHUCT,fit,B00DIJPH5I,2,0582c5828b6cddfc9b3b85d1eca966216a90ae5425c9c1860b86cba175152afb,0.0
AMW8468AAG6RS,fit,B002C7487U,3,0587326253a0dddd3a6118026f69da97098ac1f31990462cd34bf57872ad7681,0.0
A19DZQ1GLMCD2P,fit,B003FXCFZC,6,05891f6f8ac4a1a0d25971671157852441408c378803be2b22c5954929da7f6c,0.17647058823529413
A1DFTSG5ENJAF,fit,B0002JGU30,3,058e5f36d16310026185033271177cffdd25492d43c3d8cf9d2e8eb424927337,0.0
ATGQFZZ3E4QRN,fit,B007HOCQVS,20,058f59192ed9f26038b26e16f05559d7cacd6b281476e6298e8b98ab683234e4,0.0
A6XHF110BC856,fit,B005FYJB92,20,059056a5b274c91801953ead5e94a37bb6b51ee25d89b962bfa57930a5553ac7,0.05263157894736842
A3AY41U84YKSA4,fit,B006WVCF18,6,05988a114657075ca7db2271802009d1f7a68404ac5c03a65aa84fdf0510d5c6,0.0
A3G0KQL5717M46,fit,B004IQIVL2,2,059bc5262211c0006e71904953a44eb3cf9db459170145a099d52a7655efea66,0.05263157894736842
A4QILEL3P0156,fit,B0022H6JQI,2,059d94b8d80bfd21751318a13e296db98f0c5235215c26183a173b72444373eb,0.0
A3I4O3UN1HVXP6,fit,B007CY2C76,3,05a4eba4b50381dc8c275bb403700002367c4dd62b773adde3db9348df95f599,0.0
A3R7LZK7AP3LR7,fit,B004FO6U2Y,2,05a615e650b17e4be0025ff4e844d1d02363597523a2ff066df29eff467e1b49,0.0
A3JMWTT9A5NRP6,fit,B009SUHZKQ,2,05a792409fa0009cacb7cc4cef9b46679398a0dd85d5f536021ad5add521677b,0.05263157894736842
A10FYJ0D5Q623M,fit,B000A7VRYG,6,05ac21f6193af5dab1bb3c7699a12dfc8538b3f2a01dfcb949d85cffa46d8c63,0.0
A3EXR47MYDRLQG,fit,B003ZTVDBS,6,05acb58081844d38e65f03613871cdc1cc0132d2baaa78f711f7f6f1e39508c3,0.05263157894736842
A2XO9VWQ7DNFP7,fit,B0019LWU2K,3,05bcd3a37f6131c1f821cc4dfe40b150da52793cbe144c02e1c3e63058a18819,0.0
A1IIT55COHZ48S,fit,B0045K1N8E,4,05c9e8376fda2c0e220122fa603e00fc2ce597968bf8ca92a6a911fea052daf3,0.17647058823529413
A2P4O3WUT2NINE,fit,B003JMYYQW,4,05cf47a07263b6b3ff146a4f76f63b66e6f2420d41f48429db9f4eca046d01f5,0.0
A2J9TNG9EPPBWV,fit,B001824J5G,2,05db89f7f37865cae946d15a09d376c3d8e6f29bcd17e3f634503e1c127ecef0,0.17647058823529413
A3GWM1FHA3EQPM,fit,B005I0JWWE,3,05e25b188f80cb451c0ab3633e66e04af4fff1def7ba17cffeea94ce639f24a4,0.0
A2ZOTWGLSUPUSM,fit,B00373FE76,17,05e5dd2193b32e223175885ec1e2cef10a46783004f87e48cc77f6d636f772f7,0.05263157894736842
AM9RNVQ6ZXA8X,fit,B00A51LI1O,2,05e9495cbe553274accf0c57f01d0b0a63c76982eb2bbf5a60b16f94b169f417,0.0
AYO1146CBIV5C,calibration,B006BNFXHU,2,000c762da8830475d6d22b42bc33818b3ab3f0fecf6f943034ee5308a89f8678,0.0
AFG1FHHPPE2N2,calibration,B0023AV2UM,4,0014e41de3d4db6b46690b026b441a0dffb1ae63958a88e0d32966078bb13cbe,0.0
A3PAH00N4D2MRI,calibration,B005EHHWPA,3,0020bb4c7319f80beb431b622f8b0477a87f25c5a877850cba877c38d11512aa,0.0
A37EQPO08CBZ2U,calibration,B002GCKVJA,7,002446c27e3996764b390078e31c21d142e9ba96a6bb8c3b0191fff647814f25,0.0
A2063RFBMQDV47,calibration,B0058L24O6,2,0024b967156193d2bd7835126d7d906dff07fb0af1f48335d1d99a37596f2904,0.0
AG3EK1W7AEJMA,calibration,B004CDV7EY,2,004d5af38fdd225f755a199afc9c41c84a897d84614d2bd188dc3ed9b45b0c87,0.0
A2VNIZTV0BGUCX,calibration,B005FHOT6O,3,0051cfaf7c9297a5c484a57c0ec6ea12346399dd153173bd43abb2b1e5967f99,0.05263157894736842
A1ONZ8JRPLBNUI,calibration,B00AWLB9EI,20,00538d7510340ada25247fc29239e07094bf262443c7d16947cc206564d4378e,0.0
A1WP238X6BIFLV,calibration,B001B7GJ2E,2,006760f910a824e831e8995b0b349b989101c24d9c5848ab862fecec5a92e7e0,0.0
A9MV9HGCPZ1CB,calibration,B0091C9G3A,2,0074b6daee21f23f4b252ed36f041b45c54ef926c9c0a6d88e29a1fbc87371f4,0.0
A20OXNBPMLRUHC,calibration,B000GCQ04C,3,007a0ae1790d72880735a776f7bd051ccfa99e93b7f75d091c41728f4aece384,0.17647058823529413
A2N5SEPUYGUQUO,calibration,B007I6SQEQ,10,00809cff876510c482be8c1bd4563db554662c839159603397913d75d0eecbd8,0.17647058823529413
A1BZVJF5WSQMEQ,calibration,B003USIHZY,20,0082ad8faaf69d6a63a91d1a0c2ac100a493e933a3999cc403311d885f1d4608,0.05263157894736842
A1APB9ABTNT04V,calibration,B000AA5VZY,3,008b01f9ecea2b71d5eabdf1383991505304faf2dfbf188b4fa0c06e317e290e,0.0
A30B9UTVDTUQ7Y,calibration,B000ZIK9LC,4,008bbc8c82b229fdfc3f86bfc22a35305a77036d30679c3e3b5ad6244fe76d63,0.17647058823529413
A1VN9S26YLG3BI,calibration,B00631JA8S,2,009109ab11e9f81864db67310ac4a4fdb940097039f2a3b2e7f128d4f4e03663,0.0
A2X2CJK2C5WZVW,calibration,B00FRDPMQC,10,00a6122ba55cf237f00d8a0cc71c35838cdb8264d734d4b08529ff9907b8e3d4,0.0
A2FJ59CLKUXWKM,calibration,B006VYG9YU,6,00b721bbd9efed5a790ed3b181843e59e9369dc2f5c4d23617eef945500ca918,0.0
A1L87A1RK0ITWX,calibration,B0049CRA2G,9,00c457e308ef5ada2e70878d6855b36093b68113bc43006fbb2706cfd6b0c5fd,0.17647058823529413
A1VESLZ76NGW4Z,calibration,B006LRRQK8,6,00dd6304c6368106fae059eb997f2d4d408d3986af5d7a5cb5767d8335f3f2da,0.17647058823529413
A12FEE2DLDKX28,calibration,B000ZMBSPE,5,00ea8f93a4fff622d6c8fd4564c02129b645261dc0911b2e8f463ceb86b3b231,0.1111111111111111
AMJEPNMBMP6YF,calibration,B00644YNCM,14,00f750ff970fb279572cefafa55b08308fa6284703b8ee1fc1a42c10291f00b0,0.0
APP35M28G2U51,calibration,B0011MJSD6,20,010a8370ff2db03c2aecee359c4b8cc467e0344946c145b918cf7a99c36e5748,0.05263157894736842
A1TZSDY3UJQV7T,calibration,B0000AJ3PU,2,0116ade0b8eac64d409e0ed0dedc3d0e8b1f92727cbd52b6b29c263b33e2fe01,0.0
A38HSGE5U8KG7,calibration,B000FGDIAS,3,011fc35a31a8b76256b53f3adf96d4e473453bb5506fe9be6a8e485d2422764a,0.1111111111111111
A2TG9VCQ5MMQ26,calibration,B0013TM9UQ,7,01235e0d9c7df130434f64dbae6dd39e001e55fdfce2eae2347a68308cc604f8,0.05263157894736842
A2N6DXV4HZQOZ3,calibration,B005C2NAO4,2,013d39bfa9d368facf472cdb3b632a7470289478a2211b610b1a9ae6934aab01,0.0
AQ8508NU49JEY,calibration,B0019N6RFO,12,0156ad1d07ac79e91fa8a9a7add1bc94a08b97f783c512eb6a9f21721e1b0770,0.1111111111111111
A1FN2F54W4FX0X,calibration,B0000CC64W,3,01578f2062c393ac718fcf3a4540e7834612c54b93345c40d9631fcf6dc119b8,0.0
A3VHNJ755FGYDP,calibration,B003VMV7D8,4,01604e2ceec85eb5f108e6c0a98e2046e497623143373033a40429e24bbef102,0.0
ARFL1FELT6VKZ,calibration,B00IFVHJCI,3,0164c0d4325e43b4da65ef8da44f3c06456bf64c18f1b44768579b4b88a6de4d,0.0
AR71Y8P9QASXO,calibration,B001TOSNSC,5,0165351e2a0e7fdf1d947d685b1e95e6f8546d1163ff496c8223932e8fbdd81f,0.0
A2HUJQL69W4F6X,calibration,B00D2IFG8S,2,017232fa00481dbb68ad5c7c072493c5c9d91a82040b49dc335448a8836df151,0.0
A1TJ1H7Q2KP543,calibration,B002PBEAYE,3,01816b6467401d138e6a52f1fd2198e1fa97beb5292688b6aed6a7ccd5865fe5,0.0
AQHXD52UFX9C2,calibration,B000QE5GU4,4,0184eec1cd5f82803ba277569af444d7a5f16beb13d4153c259057f7f0142246,0.0
A14LWXEAEQRKUV,calibration,B004AO5D0E,3,0190e35462317dd784569cea3eccb8ee4b75223e456214a6e93b2d4f33bebc4d,0.0
AGMONAK82UL7R,calibration,B000XCS9U8,12,01a74e18cf2c6ab394c415511d20b89136118535841493aa1720150306b9216c,0.1111111111111111
A383J2B4YZQ3C5,calibration,B001CXD1AA,2,01ace130393b2566d77ae19888bad43752a552d8305162eb44ef1e70fa606c4c,0.0
A2W3H3EXBX46MN,calibration,B0083QNBCM,2,01c5ad908abfdbb436b913716a08cef1fe47ecc4609bf8c17668540f7f9b4002,0.17647058823529413
A3KSZR5W7R5BB5,calibration,B00DDD3OB8,5,01d1e0f9267441c342fd590e08049239ad8baa4f69cbdd44ecbffc8e55cef6dc,0.0
A3FHDBBXZFNQUK,calibration,B0009OAI1S,12,01d2ebfd4577ea38b9262e3bfe2bd9fba0f286505d51fc499bc7adff8e2dadaa,0.0
A2JKEXF5TDQHX1,calibration,B006GQG9GQ,2,02089ba80fc6de4aafb05f31cd9254aa8354213b72f43d0117be75a2e4af7ea7,0.0
A2C7JDUMF5E450,calibration,B004XL4IN2,4,0224a80bc774d5f8b572540f1484fbc96ac477db29aa1697658b0025493ae728,0.0
AIUT7GNUUB1A7,calibration,B007L0CBZO,2,0238e815f08fed14975b06e08143d2f200251755cead082f1f5df4cdd96147e9,0.0
AG96PUJL4YTMF,calibration,B006L1DNWY,2,0241d2e1efa2786f70378c81bed4e10c032d216c7d4d0ce3a4b57b97ea1fd445,0.0
A210O6L9KCLNB6,calibration,B003YJ9YBU,3,02470ef31c91dd30a1e52ef43dea52f929885e0a3bf2c5a88b3f128976b77416,0.0
A2V9IK38Q0UMU2,calibration,B002TSA948,2,02527774843ca699080d49f0727b747f088f0c04f8a0030d70fb48b0ce3db2b4,0.0
A29TOAKX6YP8Z2,calibration,B0057WJ264,2,02528308675554566a475cf0422af85aadd70064fdbda3de0ae607d34764b28d,0.0
A1W2M1QDFIBSH2,calibration,B007QOKGPW,2,0254a6e5e82b73fcb43ac05bb765058806028a8b61879dfcef15321cfd476ddb,0.0
A2ZC7J16Z3VCUT,calibration,B0023A7JF4,2,02564fb7fe8570eb2df12cf416dfa7a7da2d30eca21e94c6a700e9eb71f84305,0.1111111111111111
AA33YTW7D3N6D,calibration,B001H98A3C,2,0277617c07343b60738692e048d2e6f840bdf2956bd6f9996a22e5697026f2c9,0.0
A133W8PZ48AXW0,calibration,B0002Z0U5I,2,0289f7edf9b918c16a0700f53feed9de0bf02d2e295781bcca2843fc054e302b,0.0
A1NEIH01B5X6QL,calibration,B00004TUBL,20,02985b2642bf2f841d0cb8eeab80fdad14024ad55ba56bd1b50bee0162263cc1,0.1111111111111111
A27ATS7F8V7CPX,calibration,B0017BGQR2,3,029c5b9ec34295a4f4f00bb8fc80a51c198bfaa7cc6524b94928869cff9d469f,0.0
A25ATS04JMKWUT,calibration,B003CEA88U,3,029fc970de69f704fb027f13d3d338b793fd69168e526bb50d0edf26e5065d64,0.0
A29WKK68CH0Z70,calibration,B005FYJB92,2,02a00bc8469a1fc52dbe6722bafc205d8b339833a9ed0d44a83ff2577628c389,0.05263157894736842
A1GCOURMTPXKWI,calibration,B000KONYPY,7,02abc5de9d68a8a64daf52ef889efbcbe284f13ac8f8f5f2a643b0b0978285f8,0.0
A32HVDYN4LARBA,calibration,B003YDZON8,5,02b5d3c7e99b56eb8c082ef4d18a506272c0a364f711ef77f746783a698bf9d4,0.17647058823529413
A3TI1WDAEOTD0I,calibration,B00AE07IEM,6,02b9cf204573951096759b829f025735830564acc0b13ef480f52eedc52724db,0.0
A1QELVSJYA3JMF,calibration,B00005UQSP,2,02de65f96a49acc5e0b1b1b2d8c3ae91b8b9417a8e197c4ed7791788bb8f6100,0.0
A3165ASASZ2OSR,calibration,B003EGYDI2,2,02e771c2e6d7f15aabed525c8ddb2c8a83b062a0f3361d0129659a44116de85b,0.0
A27CHHVU7IDB2Y,calibration,B0083QNBCM,2,02fbf43935a273b9404d2b1fde9534a4ec4a00a2e68763052b86d909f84056bb,0.0
AWPWFNKMB4IL8,calibration,B002S8PU02,5,0303ebf90d888e2c07ca1ce12ae705c4768272bce646c5472d09bfdad49a5935,0.0
ABMX8XUNPR3LP,calibration,B00GTC0IY6,20,0306982565dbdb1777ac736640763742f7efc4577f76bc40c0c4e32bef2a0e66,0.1111111111111111
ANMJ6RVCV4KXI,calibration,B0009EILKS,3,030866079687dcb69292a54078d330465b4b8b824d2230b87be1a337366dbc89,0.0
A1IFS0OWN7WG5D,calibration,B002MSN3QQ,3,03410c4aea7875e804b3ff5e58f432653fb0dac7ededb70c920c30716716f581,0.0
AT5F1MKA8C2IZ,calibration,B001R2DNI6,3,034a160b1d2341754adfaffd2e288cbf7e2050eed431359a83b81cedbd40e689,0.0
A3M2YXBTGW5TE,calibration,B005SJSQIG,3,03589bdbbc3e8b2efc6e6291d48219986d6d20e1baafb995c2bebefac95fd85e,0.0
A5BIWZV1RWG4L,calibration,B000052YM4,3,0359be0f3da6cbf31b66ba27700e129b1fb00c2fda93b253917318bde58d9d86,0.0
A8UM78SMPSHC0,calibration,B00I073WLE,12,036f4b8f9fac53820374df96578b9f63c59238d45975c921c98713b993a21278,0.0
A2L9UGS7VYJFJS,calibration,B00JGCU60W,2,037279308744d61586f4d842ecbb102b14ef31d5b27653bc6f6cb3573c68671c,0.0
AL39XR7EYLOBD,calibration,B007UO79GC,2,037f6b25e52f76a3c83dc37b82d8a623a77b2f6d1b3a33b82416ff6e6e60ffdd,0.0
A2I1HVD9U8MXS1,calibration,B00KAL5JAU,6,03a5be05e621378057bb8c52a14fba0d835ca3c26efcee05d9a81acb60e0cce4,0.0
A1L9YEI8RTM2HN,calibration,B00I0YRA1U,2,03abad21af14b17b40eeabcf2585fafd75f795a8709793807a062c78e24a932a,0.0
A12OI85Y13MYF6,calibration,B0041QVYS6,2,03b62dbec07d47f66abc205b7c4c4f27657193c3fcd8f9aa7153aed574dec78c,0.0
A1FMS5Z62TG910,calibration,B0006GZAKI,5,03f1312d5ece7ee6f186588de5f6955b896ccf3b65f9f8a30453c1cccd7e1580,0.0
A33N3L7J9C2O6J,calibration,B004DMEXQS,4,041ab560cb6151bc5adec7f8588144cc5e1201f2d8e8f5b94069574dc1f7db4c,0.0
A1RNSV7S1P5OFP,calibration,B00FZ1CGME,2,042cb09ffad98e049005c41076a96869d44d36f7302091cb7beb68dfadc7c09a,0.0
AM71JIFY00NKJ,calibration,B000EODWZW,4,0437df1ea49fe7e73bbeb62845011c40637eb7da85f9b30d89e2ce3d0274e160,0.05263157894736842
A22TV0I07S8ZYC,calibration,B0082D69H0,18,043d0cf3c1aa22bdb8c2564ff5a7bd9bcfbcb4b5aebf611f4895a5e1e7fab553,0.05263157894736842
A3LQXZYW45VAKG,calibration,B003HYMGJO,3,044a56d83ed096c8da6672606e472799bf5bd761be6fde9138702f68cb1fc930,0.0
A1Q7A78VSQ5GQ4,calibration,B00HM6IXH2,20,044bfc45be10ced477d6f0c74edfa95a22b425805e48369f9748a2ffd6a7eaa1,0.0
A22ZFXQE8AWPEP,calibration,B005OU4J6C,20,0457b5fdb3cbcde4c176e434c82a0b75e96d884b3ab57a45ae41486cd0118651,0.05263157894736842
A3LVG081YTX3G,calibration,B0046UCYA4,4,045c46aa7b2749c9dba551e0ce8a8c06da8197ba39c302b5843040bd93551ddd,0.05263157894736842
A39O8D0DHWHQ27,calibration,B00683MOWK,3,045e82224c9b7cef052abcc479fe96745af26040b5e7258ebc73f3da5c9c5456,0.05263157894736842
AGEE2SKVCR4M6,calibration,B0009OAI40,4,046f03a539b2fff2bd37394738e3622ae99ee1aa92abc37c52320621e5fa59d7,0.1111111111111111
A1WSZED2O5MA5T,calibration,B002FJ11UW,10,0475b5c39050ffc4f876a3a63bdef5208bcabacbbe83354324e1cf55fe13178c,0.05263157894736842
ARG3JQBLBLN1J,calibration,B0042GH78G,5,0480cdb136b0b6ebb6f23de66996888eb904dca1c97dc7deff6d203b6b70795c,0.0
A3K5NP63E32ZBG,calibration,B00ALV8EL0,7,048bf5c30dd5766dff153fd1fb3e2fb3957c517aff97941c824536d63630ad06,0.1111111111111111
A1NHAZLR9R38H,calibration,B004DIXYWG,8,049b4f4fbd07548a6aa15a51b190fce732931fe74d2c1d05240a0d88d7e48518,0.0
A1GV96H0YYWC61,calibration,B002BPY7H4,2,04a5925df0aa88c2050abca6c51c679c948ceec6ee527c9182abcb160a2ab326,0.0
A8CT2G034K75U,calibration,B000C1Z1UG,2,04afab2cc2e9d8d9d6dc02ee64e5e2abd3d9efc62aabc6367add2e6587c8ad7f,0.0
A3KWFSLRZZFKM0,calibration,B00B0MIVKS,2,04d181420f0e15887ebdd45b6a5027dc974a54ca9e06aa243a1724724420abc3,0.0
A265PQZ04D6ZVE,calibration,B0046HLPNY,2,04daad17ea5aa202d8210790539e674e011ce0322d9979b765533badc74cec68,0.17647058823529413
A2YVXGJXY2B9N6,calibration,B00F4TQ49I,7,04e45a3f25e1069511ece13d11337fa805ed87c7b5ce42b3dc05a10353a1181c,0.17647058823529413
A2ZKZJGVGIJ8OP,calibration,B009QZCAM6,9,04fb5ad9c0ae10a716d0f71f45dd4dcf2732f1ec6141a5c26ea79e5ce73fa45c,0.05263157894736842
A2610IV7HXXJ6,calibration,B003VN1ING,2,0538c49dfbccb6bf9aa11cf08464accf44f2fb7166b8ef53113b455afb2f681c,0.0
A298XK9GQO0TYN,calibration,B00CY3BZGO,2,054c28b637081810044cf43d1c5e8dbd76a51ae387f24957bcbef97f70e95700,0.05263157894736842
A1IZVWAO5SDBLH,calibration,B00A6H2DD4,2,0563687b2fa323c93ba9438a5b47f5c412928ff50c240fc0a1332019a8cce1a9,0.0
A7HJ52LLCND8G,calibration,B008RTNSJQ,4,05685de0c5bf0f3891a3f333b712ee54de7205751059fc171f750363b40d1a09,0.0
A3I9JA0UJ45C2Z,calibration,B001LNWX1O,4,056e9a51dbf52585ed41ce004c58f1b2fe3b500c81cf7c70b270c0e850177487,0.0
A3R113WVMW5ACR,calibration,B006Z8BN02,7,0583d56051e04a00885d31459df8297a6df130da2033cb623a8d3892f8643c33,0.17647058823529413
A1NJ4LCUPB26FW,calibration,B001JKTTVQ,2,0594bcd6bc45e088831b03ea27ff8d72338025d5b8876200e886f78977778416,0.0
ATP7CCTCM1Q83,audit,B00AZOTTPS,12,0000f2517826ec7600faf07648456e3e9e1eb1fb5cd9e15a91c57619a5a82df3,0.05263157894736842
A3E8XEJL3FQNCQ,audit,B00IBS9QC6,5,0015d7ad56cc0606681c3eef1829d5d73057168f2738db57adb8f926733091c7,0.0
A2I05FGBTCRRB8,audit,B00GTC1JVM,11,001cd6b30a86e055f48fbf85045ed61ca960dbbfbab062cc6f2b9b136cfd91d3,0.1111111111111111
A25B1UBD34HFW9,audit,B008V5E804,2,002b54726c385bec36bb3e16c1f8495b9944f5aad18309a843f5a364fd81eb17,0.0
A1433S6S7FBIWF,audit,B00CPHD29W,6,00364a4afc2bd799d2176558f29b209e3bdb4032e79f97cdf52cf82fba69d105,0.0
A2RBEQMBNZ325D,audit,B003ZUZCDC,2,00396c8a0342b36d26bdea93d73ab90e89ac7010268521505fa27589bde01c20,0.0
AWQ0BSTELSI8R,audit,B001T8JLRK,15,0051febd81a7761413ad7de35f05011b0396ac16e8d4e77f0e6e338d358d45cc,0.05263157894736842
A38482OTWSHQDG,audit,B00GXE7JP6,3,00520e401c0983cf1aa9f197199eb65e188d54d405e5fd968b2c3d6177b5fb69,0.0
AYOHY9SL13PR6,audit,B005Z41P28,4,0069b4f81ba045d33f0dcfd03fddca3c7b1cd1393c7b10aba5416b1e2bec21d1,0.0
AKHV4Z5GQIE3X,audit,B00H7NKNE6,20,007ad56a100881051a784ee081555a0b209e63b48d50764e762582e963f4eae1,0.0
A1JF66B4IEGFYL,audit,B005PZ2PNK,4,007ba98e948881b77a9a50675a4162ad0af40986b9171dc2c26b467b5659290a,0.0
A139OW7AEAY1YB,audit,B001QD0OYM,4,0096c131b04e1b4a8e28f6c2ce7dcb4b07ef39b208c86cc2a400c61cccde87d1,0.0
A1TAYL190CFJZ5,audit,B008U5JB3Y,4,00998de947853ff5ad132d6c6e0f8da984243c852c4213b91d2718aa808cd95f,0.0
AGVV8D8J4IGRK,audit,B001QT5FMM,3,00a4185f3c514cbea590f6be760eef113b72bb5aa13165a234d6e1eef30dad41,0.0
A6KIQ6TB3QAKR,audit,B008COP6NM,4,00c14ee942915c50f1353d953a4dab272ed6932f0af2477945f75101f69a1819,0.0
ADRQUBG5JSAQ3,audit,B0010TEWD6,2,00c702641e79b35b339386c479e457244e45f8fac28e071679c2bf8673e7be8d,0.0
A2ESUFJ608CSTP,audit,B0032DHP6O,20,00ec00b20b2a73054534f7a02448ae6b034573de87b001237ac32527ca3208cf,0.05263157894736842
A1CDCZY6JQQUJ6,audit,B000GZJJ38,2,01244e219b2f3217d297684383ffaad175f3dcdcf381fb405a76ec12a50bb53a,0.0
A1NZM2O1PVXB1V,audit,B001ET6XNO,2,014012bab517befed7a482f3c8a284429c2c425bb116816e5e24a163faff7833,0.17647058823529413
A2VANU076ALJL2,audit,B005TT8Q4O,8,0142ee60d55cf816292a60c796b3c8f82a2e1cc5b3ca57fb21a64a2643fab722,0.0
A3VPCMAW4WY51J,audit,B004KS2NZ8,7,018794b373af787fce2d652f67038bc4abef5e22034a280f0da4576e2c251a25,0.0
A2CNZHKY4B0V8Z,audit,B0000632EN,2,0195b4b2cf0ab2b49ec8ce6ebae6e1cd1eb6164f4195441758791342f7956563,0.0
AEKUVUHYGI1EG,audit,B000052ZB4,2,01a63da8312c20ed440b72d39da9f9740b8e1f89b0e71bc50d31ca8330a9a0f5,0.05263157894736842
A2L6DRC25ZMAF7,audit,B000F0QCWA,3,01bb4755645982eb419e0b394cd0af019f25b855c99684668d63f40530ed366a,0.0
A2H97KJ8EOOIFS,audit,B004Z209HS,5,01c65fc3fb00306a0d66cd4ea21725fb45609afcc12e598dee7c7fff9676168f,0.0
APE2YW9D1JPP7,audit,B00AQ8NIC8,17,01e5b0a6e1a06eda7f69e14d7a9b04768a32c24a0185ea1d46c3636a7065bd84,0.1111111111111111
A2XBIBAWCHVP2M,audit,B000ACAV8O,6,01f2f750047ad58b313fe03f2057edae0d49c72d8b65a7cd21f49e30a8876fc3,0.0
A32OXKI3ZLYDE2,audit,B0012C8TXU,3,01fe6004476e772dc18ded5025d89bdea6dd454994ad2d976e49bf0ca1c6c7a2,0.0
A37CVTDBQXA321,audit,B00EYZY6LQ,6,01fe7e5d0db3649f13263286c5c00d205ab4705d77233566aa173b275bafb626,0.0
A3LPQD03MQACQ0,audit,B006GXUMSU,3,022cba6f4df16cbf4d043a84a0f7f23e8141bc5d98e77e0dddd0cf05735388a5,0.0
A289MTI85RQMZ9,audit,B001SXPSD2,3,023d9cda6ad01c95032cc23ad6fb9007a0c445cee18c70401fb31a6751535d16,0.0
A1SHMBPL32HWKB,audit,B00BE6EAKK,2,023efbdfa007ee06e4fd5d89c883f04a0e7f00fee94e87e8956cc8971112a46b,0.0
A10BK26EN1YSZT,audit,B000Q8R7KW,2,024600b28edee6663816660a9987965b0fb2ab6f8a10d0b7f3de0a85077165e8,0.0
A314SDYGMKZ1AG,audit,B004LJ0ZK6,2,024cdb3b0533c29d960e371e39ec45f901215efd2efee17d99b92201d3a2a740,0.0
A2Z18AWX19K8IG,audit,B0016A8DT8,13,026b024b8b8267055c0f13979981f90851c440fef5b20888b53ad35d6f0ceff9,0.05263157894736842
A32RIYD6SL2N6Q,audit,B001KPSO5M,2,02814c299c9390f41b9700386c3d288f1a19653e5a17320e67dc8eeb5010ec3a,0.0
A6QG9LM5WL0AQ,audit,B00ID8H16W,20,028a7e7d35256f0f71b0ff9633036e6c16ee401c90a92072ee0d13384bc2a70a,0.17647058823529413
A2V47ER9JADG56,audit,B004VYGQCC,3,028afc54867d9994b718b3f5221c7c98bcaeb24d42a17e7284ac38b5d1e6cb83,0.0
A2ZNKQSEOV44E2,audit,B00008ZPGA,3,028c86300b05258ddb9cb48af3e95bae4591d29217b88b5fa0fde9899915d0de,0.0
A2PA3LDXNDL8WJ,audit,B00538TSMU,2,02bc0540d03ffdd53121327f919afe7b38952f35c13125ec6f3cbaf9d000257d,0.0
AKTQ4E4MLDGO6,audit,B001BALMCS,2,02bc4baaea0e61fa805c533023520f9d8068770fb6f7095512fe70508cbc7a37,0.0
A2BCDZO1XQLDH,audit,B009FKNGRA,9,02cc295070bfd58bec50a6106c0c3ca97fe2b90b33a402855ec074ae1804ce33,0.0
ABOPZNPPED7IT,audit,B008GRDTPW,4,02d26f0b3ca596f69adf76985e767484cb79e5b5dcfa366598429c90d0c908ad,0.0
A1SJHMTUJOG8H9,audit,B00E68O4JU,2,02f1f38921da9f82dc8c51edbcf54bb28f26ba56719592f492d86c9b0210bead,0.0
AQ80LJNDLVZPG,audit,B003X18NPW,6,0306bf3d303c0807a6ca40080a4f887bcb1a15271a5f059324930ae66f5f336a,0.0
A1LA4K5JF78BER,audit,B0063A432W,2,03254747cb2501108f73d60c8e767abc059381a196f441149973126e666fe632,0.0
A2TB4KQYQ764IA,audit,B004TSFBJO,3,033f54cb355473530456ccfe4d42dd46dfc23ea2b4f764a9e0fedfac93da0127,0.0
AB094YABX21WQ,audit,B001KYU5LE,4,0369c6fa6b717bb11327048de950968929112492d369b8e5a57f09256116cab1,0.0
A30C8PVT0SMKH1,audit,B005MIFD3O,4,0369ed4f4d95cd26106fa7c81147b0bcfed617df25c3173ca9224b5b029c0757,0.0
AJ6VKCIUBG37C,audit,B003RBQZKS,2,0382cd70262c49909e9ee29981e6b8d7e329e079eafe477c4212f61203f61ee6,0.0
A3E512UIQ0KUV8,audit,B007RIEYGO,3,0386f8ce6eb08720332cf1fadc5596a11d22fffaac5d0fb27b12594ebc65bf3d,0.0
ALRLK68MD1OH0,audit,B002BAOMAG,3,038f6c6fdb632032447b476d396ecd2fed28ea78767b68a2dbb0042f424cb805,0.1111111111111111
AWI9DWK2XPLJ3,audit,B0037MQIT0,2,0391e7281bd6ec1cb409e6fc01ea03f19d21bfbc0c7ed0bfad882116f17de6ac,0.0
AX9C10JD538D9,audit,B00GLS55DC,12,03ac16b5b2f268a67c7bf5d94f16af75675ac6465c4094c6955508c805f38fdb,0.17647058823529413
A12WOOYXU3HZVG,audit,B0084T82A4,8,03c097d1dfba4e21243fad7ff2cb94339a7e6e0402eadde02efe08ab403ec6db,0.0
A2DNZKERHKUK7S,audit,B00BOF34N0,6,03c74e2f54d19fcb87e6346bb4cc186d31e09549c81f3f3caa116ffea84cb667,0.0
A2OPDHP0EN5CJT,audit,B000NRV00Y,9,03cf4d20ad90465e3b3ae9f0e91e9355e79a0e0fca10ac1646f0abb1c9e82e23,0.17647058823529413
A2T9ZW8DJJVSXN,audit,B00152SZL8,2,03d0e8587ab61ab5de653784949a5dd3ae64da1572cffd9442fdb1b3bbb4bc19,0.0
A1NF96DHH4DJWG,audit,B005MIFI3E,4,03d46afd601029772d5790e845a8d196658678971dbfd9a7c6621b759e266d6b,0.0
A21A565W3SWX6Q,audit,B002PMLGOU,3,03e8c659193b5b7a51e1dfb6e6c5ed258bc954e16caf30c287b609102af3b26e,0.17647058823529413
A2WTH6RGANRFB3,audit,B006L1DNWY,2,0400eda2757cac52a6d86115acaeb512b69a1f71ab09c8776fd2412e6ae1c3f0,0.0
ACJ9N7ED37HXS,audit,B00HM6IXH2,20,0417ebc6218ea037d1dc2eeeae4f4199a9c94196131126cc685fb9e27712396b,0.0
ATWS89FH6Y6S4,audit,B004CNRDBU,2,042b01b19437666285ae9261c3d1b2209c5a2863d4536ad73e51231c7dfea102,0.0
A2XRVFLDQX5VIX,audit,B0084BPHY6,4,044b91aa901356025649869c0eba561891a18a8730e61d132688304b8c910cdf,0.0
A34YIVZW1TGH0,audit,B003PFBCTU,2,04517f7d63b355adf8b4593c41886ba2d4e5125eada3373b39cd01ff5fc1dec3,0.0
A2LYFE9WEUYBFK,audit,B002XHFIM8,2,04659f675600a04232ed7f6b2a0d9b9195d6d8db3a1c017156d36a760bb5895b,0.0
A3D6AVKCJJ27O8,audit,B002OU7V42,4,046a7d0746520eae7fa768aafb3b7ae98a92b0dcba71da08d844cf8b58f7fd90,0.0
A39EZGVE8HIESM,audit,B0094G3M6A,10,046b224cd20d76f8f4a6fe57100128d8adbac7c7a9714275b64b0f29f08db1e0,0.1111111111111111
A14E8WUM69EA4W,audit,B0014UEEXY,4,04705df968b5d5724455d2fb5aceb9c012dd7f08723ccfa5e2e756711130fbc1,0.0
A3M5I94FK9OSBL,audit,B0051E3426,4,0481fba9d14b2f0d409910190940f6a6ea97bef5e295b71d6946545ed7903953,0.17647058823529413
A1U9IAL32Z1AU6,audit,B00028M3N2,9,04849f94e91f8858d65e4c5a2577784cb5957f26ab50e546e9812fffabbfaa55,0.0
A1D4DLD3XT59I,audit,B004UA2SLU,2,0492276f8ac494a55b0963fc6aea27ae4570abfcaebb6868c580ef03f30170e9,0.0
A2MC91Y091JHD3,audit,B004Y9JURC,2,0498963296cc55116ce005c24c71fb41e8490dde8eb822d5f155ef4c2c076c0d,0.0
AG37KF8192FNQ,audit,B000VRRE2O,3,049aa3c2d750c04309d1a1d2c6afddf397cdbfd2b51008d7b556bf035ca8d60d,0.0
A2SWB45FV04FLK,audit,B000ZMBSPE,2,04ba4fadbeeda31938fdce891c6ab1584a2ac0dea87988ecd907bed3a04bd713,0.0
AIWDGRTLV7IQF,audit,B0028K3J6W,2,04c79de7114ac382d2d507407885ab113eca140360ee9fa74c254fc4e99b6597,0.0
A2RPGCVEQ8CQWC,audit,B006RFZ66K,4,04c8567dca67c54a9441580482505b5801f09a05c99e46768711ba3c614a183f,0.0
A2HNASPU7NVTD8,audit,B001ET76OO,2,04cae58c0ac35b0458cf6b316003cfd99d6c48e86d06b94e96c92ebcb4afe5d1,0.0
A2HAVICMBMJ1B6,audit,B0032FSDOA,3,04d731a5716e8d5ffb018c50a5c46866405e28d8e38f671d5da7c1cdf830084b,0.0
A3KAZVPRN577G2,audit,B003HG4GQI,2,04e2641159908a41d520b7ac9fb51bf3a03f8f6a8e28221aadf25399fc1e15a8,0.0
A3KWOC5Q92FAXO,audit,B008VE6PJC,2,050d14d9668a45b4a0c52337123e8fb25f45ea28109876ca1ed3e65ac1883e2d,0.0
A4MTS65UL9UQA,audit,B002B2R3IC,4,050e22f4ce60cb541d811fb0013891242fc797f96dba0d5c8844d8097010eb8e,0.17647058823529413
AE1JPFDKRWO6K,audit,B001T8JLRK,2,050eb0679d44b64afd19a36c247ddf8fdf3fc42d7426773283db099d28392ce3,0.0
A2DG3YVEU37IZ7,audit,B0000CNR0E,2,0527646041c87f05592852564c9ea3f7f7fca87538802014d1f86a8151dc2289,0.0
A3OE8046KWT42B,audit,B00GTBZWPW,9,054d454f4ee8079f17c638bed1089a096603266c92a818f6081d306a044ad66c,0.0
A2B00ZSEERJ2Z6,audit,B003UO3QTU,6,054f340e6b951ad117837f7001b232b374a576f24e4888ad1b8e3e200aa18aa6,0.0
A1CDQZ1502B1G7,audit,B005EHHWPA,3,0577178c004e067459da03fc27e787d3c1c037f2eb0ad621c1ee9c7f4b68b337,0.05263157894736842
A16OBP6WFU3JH1,audit,B006U95N34,3,05a4206670681ac62037b92caf95830a17f77ea47404e29dc576471b567ed254,0.0
A16Q29GKE0WNW4,audit,B0018DAUDK,2,05a6d45b46ef92945b4fe1b53c4c1f2cc1c5204a1ebf487cfa00f7b039f91eee,0.0
A2OW356OMJNAVH,audit,B009FKNGRA,20,05b587fb42131cdca8ca9822a424b33bfedb96a2d0ce81a4ef4b9872ee5ef764,0.1111111111111111
A3S3YW6II31OZV,audit,B0047ENQFQ,5,05c01eb632a4ddf147284baa187da3931b70736106424c7abbc7a1206057378f,0.0
A1HC8J4O0XLB3M,audit,B003II53Z8,3,05c044b00490867ad4f4a4b8e3a8b2812090eb5a8fd85a6403531bb6b8f48678,0.17647058823529413
AQO6QD60FZF4L,audit,B004530AB2,4,05cb7c118e148b893d6a083e96535a0aaceb2bd7d8bbf4a32d8f78df0395a3ce,0.0
A2S83REJR973X7,audit,B0043TURKC,14,05d08d89fe02d2cd9a7a00bb1712a7063a8404b9d61dd288539ad6e7df4e87ca,0.17647058823529413
A2CCNQGRDCCICC,audit,B00390DN34,2,05e7d7b8ac07e4b7c745db078c4784ef23985d3e16a6d691a4862be75b077539,0.0
A3IW5VKZH9LH2Q,audit,B002DPUY0G,2,05f4123296bab0345b4c25e44582d890df8ece68d0b42ac2a72e2fb2b351ab3e,0.0
A39WDZULIH08JY,audit,B009SJ7DFE,3,0601e818de63972e02d6c788e50a157fb68ca53a8280fa01fd92dfb1b6a16504,0.0
A2EWFC2M82ZZ9A,audit,B005E0NDEG,6,0607e48c161f01af3d53cbe3a7fff16cd293208c55ed566095f8f25eb59ea616,0.05263157894736842
A285W83NMJ5W8W,audit,B005C2O3PO,4,0621e1135534d3d174995d663742d1a10286a3a3eb9145f02b854237cdae671f,0.05263157894736842
AN5Q2UDD9OP3H,audit,B0000YV6BI,2,0633b0eb62a9277c3952fbcbeed3c47cba78b5f65725b8e44e30e81010bedbdb,0.0
A28YBL28P03P8V,audit,B00ALV8EJW,6,0635297eb0a1540b9da60acaa6dde103ddfe62a1f90392e7488a1a34a66e8473,0.0
A1XXK5ZIQ5YKKE,audit,B0030HAF4G,3,063c9b7a462bfe7c6f1ab73e42d95f6aaf647d687beedd5ddfcb06f351bef121,0.0
