dataset	user_id	top50_overlap	beam50_pcrf_rank	anchored_beam200_rank	expansion_in_top10
Toys	A10332THSGIOC1	0.78	51	201	0
Toys	A108CA8X6ZYE9W	1.0	51	201	0
Toys	A10ZOXRR0QMZ9Z	0.94	51	201	0
Toys	A112JF58KKB8LP	0.84	51	201	0
Toys	A11B61QBGHLQDN	0.9	51	201	0
Toys	A11QM8IY2QS1F5	0.98	51	201	0
Toys	A12E0Y0J6584RT	1.0	2	2	0
Toys	A12H774IJ9EWZI	0.9	51	28	0
Toys	A131IPB482MK2C	0.84	51	201	1
Toys	A1354C4W99WQUB	0.8	1	1	0
Toys	A137V8GCRFOY74	0.98	51	201	0
Toys	A13H2ZRENPV9E	0.98	51	201	0
Toys	A13TUDSG4QK0P0	0.88	51	201	0
Toys	A13X4VIMZPP4OP	0.92	51	201	0
Toys	A141WC0TY1PB6L	0.88	51	201	1
Toys	A14C65X2PJPQMT	0.94	2	2	0
Toys	A14H68GI0P8Q8N	0.92	51	201	1
Toys	A14RYRR7ETV3UY	1.0	51	201	0
Toys	A14V45OKTF6U6Q	0.98	51	201	0
Toys	A153JKH35P5N2I	0.86	51	201	0
Toys	A15NFAT4JJBOO	1.0	51	201	0
Toys	A15R8O74AEX1R5	0.82	51	201	0
Toys	A16UYT4DEUXBA5	0.88	51	201	0
Toys	A17HMM1M7T9PJ1	0.9	21	22	0
Toys	A17T1ADLB2YWZR	0.8	51	201	0
Toys	A17ZPLHRUPPEG5	0.96	51	186	0
Toys	A187FKQNMXSS8L	0.98	51	26	0
Toys	A18MG1GPSEAPE9	0.82	51	201	0
Toys	A18RR55RLK90PP	0.9	51	201	0
Toys	A1954JA0H5WBJQ	0.96	51	121	0
Toys	A19LLI6RU662B8	0.76	51	116	0
Toys	A19NP8YYADOOSF	0.96	51	201	1
Toys	A19SYRKLL6PD4R	0.9	51	201	1
Toys	A19VQ5NIFBUJSV	0.86	2	2	0
Toys	A19ZCPGGWOV4UQ	0.98	2	2	0
Toys	A1AOG5U92RH6GC	0.92	51	201	0
Toys	A1BK60GZ4QME6I	0.98	51	132	0
Toys	A1BMET3MONQ1WE	0.9	51	201	1
Toys	A1BQTYVTL2W9RN	0.96	51	201	0
Toys	A1C157FRUD6JXH	1.0	51	201	0
Toys	A1C3V69D1U45HQ	0.82	51	201	0
Toys	A1C8BEFG26LC3V	0.72	51	201	0
Toys	A1CB5WCS1KQTOZ	0.96	51	201	1
Toys	A1CQ2LJA3XU7UM	0.88	51	201	0
Toys	A1CS9QXHP8LJB0	0.92	51	201	0
Toys	A1CY5WN9WX3X4	0.78	51	201	0
Toys	A1D1TYFB50XPJ2	0.92	51	201	0
Toys	A1DSCPT3MY8NSX	0.88	3	4	0
Toys	A1E38ETRELK0OU	0.86	51	201	0
Toys	A1EN4XAKX9LK4A	0.96	1	1	0
Toys	A1ESSN3AWYWUTL	0.88	51	201	0
Toys	A1EUT9DYQVQJ48	0.9	51	201	0
Toys	A1F1HEIAW7X3H	0.94	51	201	0
Toys	A1F7IP6EJ5DOR1	0.98	51	201	0
Toys	A1FII6B4HLS8XR	0.96	50	187	0
Toys	A1GN7ZHUL5R03A	0.8	51	201	0
Toys	A1GQ1JGK9YM6BU	0.96	51	201	0
Toys	A1GTFKOAZT8GQL	1.0	20	20	0
Toys	A1H70WK52G194F	0.76	2	2	1
Toys	A1HJ9P95IRZ32O	0.96	51	201	0
Toys	A1I5JB80670KFG	0.98	51	201	0
Toys	A1I8XTYJHWX6N2	0.98	51	201	0
Toys	A1IAEIOZQ2M03F	0.94	51	201	0
Toys	A1IC0HZ35M0406	0.86	1	1	0
Toys	A1ISA41C4A03SG	0.88	16	16	0
Toys	A1J1MTCRIMX37I	0.86	51	201	0
Toys	A1J5FNJLW42BL8	0.92	51	69	0
Toys	A1J6SUXLMJMLLR	1.0	51	107	0
Toys	A1JJBI6Q3T9O0Y	0.94	1	1	0
Toys	A1JU5OELW8PPWF	0.8	24	29	0
Toys	A1JWCNSL6W622O	0.98	9	10	0
Toys	A1K3BCUBHOCQMB	1.0	51	201	0
Toys	A1KLPS6P7UR631	1.0	3	3	0
Toys	A1LACH6MLQWZ	1.0	21	21	0
Toys	A1LHAXBM5GBJS2	1.0	4	4	0
Toys	A1LIV3VUYJG926	0.96	51	201	0
Toys	A1M1ZZCMOH111Y	0.82	51	201	0
Toys	A1MOICOJEL4GRW	1.0	51	201	0
Toys	A1MXJVANURX26J	0.94	51	201	0
Toys	A1N5RY5DFBHT2Q	0.9	51	201	0
Toys	A1N5Z9WQ7G6B45	0.92	47	71	0
Toys	A1N7HHTP02O4VU	0.8	51	201	0
Toys	A1NHBJ146UYR06	0.96	51	176	0
Toys	A1NSBJCDO3YDP2	0.96	51	201	0
Toys	A1OAQLHCVKKNC5	0.94	51	201	0
Toys	A1OKSDRSOBXEZE	0.8	22	25	0
Toys	A1OZEX6BNJEDBM	0.82	51	201	0
Toys	A1P6QSZJY5OBY7	0.84	51	201	0
Toys	A1PLGH5DGHFVVY	0.92	51	201	0
Toys	A1PNLJSZ37FAUU	0.9	51	201	1
Toys	A1QFGT1O6SZIHS	1.0	51	201	0
Toys	A1QIKQIBBIKGLD	0.84	51	201	1
Toys	A1R27Q9GNRUGQQ	0.9	51	201	0
Toys	A1RDIBJ0EPOIXF	0.98	51	201	0
Toys	A1SFZS2ICCJSZ8	0.94	1	1	0
Toys	A1T909MRTTF9Y	0.78	51	201	0
Toys	A1TDYS6Z6N1L9B	0.68	51	201	0
Toys	A1TFCGAYYXEVLA	0.76	51	201	0
Toys	A1THY8LHOAST5O	0.9	51	72	0
Toys	A1TKM36EYEQNSM	1.0	51	43	0
Toys	A1TOY72HWC2ASA	0.92	51	201	0
Toys	A1TQZ4RSHEKQ45	1.0	51	201	0
Toys	A1TSMUYO1K4L67	0.9	51	201	0
Toys	A1TWTL2KY2WUDW	0.94	51	201	0
Toys	A1U1343Q6A44BY	0.84	51	201	0
Toys	A1UULJW6V2ERBP	1.0	51	201	0
Toys	A1UXYKT3295IFA	0.94	51	201	0
Toys	A1UY1YWNUTY4XN	0.98	1	1	0
Toys	A1VBDMNT6I8RE5	0.98	51	201	0
Toys	A1VH028NKF3A8	0.9	51	201	0
Toys	A1VO8NC02CAVJE	0.84	51	201	0
Toys	A1W3BJBH2E48IN	1.0	15	15	0
Toys	A1WVO00PIPF8RA	0.94	51	201	0
Toys	A1X92E9FLWRU3H	0.78	51	201	0
Toys	A1XBMV24O4XUTO	0.98	5	5	0
Toys	A1Y1VKNAJOCD1G	0.94	51	201	0
Toys	A1YGF9FFKQEB9N	0.92	51	201	0
Toys	A1YK31V8N02IFS	0.88	51	201	0
Toys	A1ZAIEZHFLI9UN	0.96	26	26	0
Toys	A1ZO9OBHLID7KM	0.8	51	201	0
Toys	A1ZR8AIM298DFT	0.98	10	10	0
Toys	A1ZYH2WG49X7M7	0.98	51	201	0
Toys	A20RGDA4WCJGN2	0.78	51	201	0
Toys	A21F2U5SP9FJC7	0.98	51	201	1
Toys	A21R8JYHVCJOV5	0.88	51	201	0
Toys	A21S0K5PU4YO9L	0.92	51	201	0
Toys	A2284MUOR64G2F	0.92	51	201	0
Toys	A22F6WEVKDYJ0O	0.9	51	194	0
Toys	A22OVVLMT0025M	1.0	1	1	0
Toys	A22S4C01D1O01K	0.9	51	201	0
Toys	A2341MIGVAIESJ	0.78	51	201	0
Toys	A23KACXOE9O9TX	0.94	2	2	0
Toys	A23P5YQ8YAHF6L	0.92	51	201	1
Toys	A23TSL8Y510LV6	0.84	51	201	1
Toys	A23UF0YQDHL2LG	0.84	51	201	0
Toys	A24E9EHRGDOGV3	0.92	43	105	1
Toys	A24F60FH23CSWL	1.0	51	143	0
Toys	A24HD3TRDRTNM9	0.9	1	1	0
Toys	A24N79JNVNFSBV	0.92	51	201	0
Toys	A24YTF4DFAMFXP	0.8	51	201	0
Toys	A25369P9FFDF46	0.92	28	36	0
Toys	A25FWP777WLEHO	0.94	51	201	0
Toys	A25X4F1TS2SW27	0.82	7	7	0
Toys	A25XU1RT0DJI3	0.9	51	201	0
Toys	A261ZEKT6OATPN	0.9	51	15	0
Toys	A26I6E533K6XZ8	0.74	51	201	0
Toys	A27144YLL9MNQS	0.82	51	201	0
Toys	A2771ZD14NJVS	1.0	1	1	0
Toys	A27AEZG2GO6OK2	0.9	51	201	0
Toys	A27DY7WQWLYSEO	0.88	51	201	0
Toys	A27EMTPVMIDZKW	0.9	51	113	1
Toys	A27S42MP4XMHV5	0.96	33	37	0
Toys	A27W2GQI41K0W	0.94	51	201	0
Toys	A282QA7ILWWQZ6	0.8	51	201	0
Toys	A28EX0M22Y4KS4	0.88	51	201	0
Toys	A28GUBWX9630QJ	0.74	51	201	0
Toys	A28JZ1ZMM80FXP	0.92	2	2	0
Toys	A28UMA3GW9L124	1.0	51	201	0
Toys	A2945GC97CSCM8	0.96	2	2	1
Toys	A2974R9BTPZPOJ	0.96	51	40	0
Toys	A29FLWXXYV07AF	0.94	51	201	1
Toys	A29FYU0NWVEMMQ	0.72	51	201	0
Toys	A29KEMZEV5BL2S	0.92	2	2	0
Toys	A2A1XYSB692L6J	0.92	51	201	0
Toys	A2A4HGFGKO6BKP	0.96	51	81	0
Toys	A2ADF3PBL46KW3	0.98	51	201	0
Toys	A2ASMPDV3AH0QT	0.94	51	201	0
Toys	A2B47LOX30XJ0G	0.9	1	1	0
Toys	A2BF1GX8G0VD07	0.86	51	201	0
Toys	A2BPS64EXCJDKP	0.9	51	201	1
Toys	A2BYTAC87S23BA	0.9	51	201	0
Toys	A2D3Z8IGW9RJ4K	1.0	51	201	0
Toys	A2D5Z9KLWTDW51	0.9	51	80	0
Toys	A2D6LG91QQC29B	0.98	51	201	0
Toys	A2DF9FLWF98ZKP	0.76	51	201	0
Toys	A2DRO0SFQ5C0UU	0.82	51	201	0
Toys	A2E3XN7ZGK8G6S	1.0	1	1	0
Toys	A2EUFP0JRNT89E	0.86	51	201	0
Toys	A2F74QFHK9EWPK	0.92	51	201	0
Toys	A2FCYYMJSZ4K7Z	0.96	51	201	0
Toys	A2FI9CP6R2K9OC	0.8	51	201	1
Toys	A2FSPEEQSF1D3L	1.0	51	201	0
Toys	A2FWZ58M6IQMD7	0.98	51	201	0
Toys	A2G7932FZ1GIXH	0.96	1	1	0
Toys	A2G8TQFLNX5MKQ	0.92	51	201	0
Toys	A2G9P49SWMNJ5V	0.84	51	201	1
Toys	A2GMR0SIVOO8T7	0.96	51	201	0
Toys	A2GQ6ORWXGIGS6	1.0	44	48	0
Toys	A2HB6YOYJPWNAL	1.0	51	201	0
Toys	A2HID0OOMDK420	0.92	51	201	0
Toys	A2HWZZM6D6Q4YQ	1.0	51	201	0
Toys	A2I02MYK9NI73B	0.82	51	49	1
Toys	A2IKCYDHAJR4KL	0.94	51	201	0
Toys	A2J2SK3BXBVXTE	0.92	51	201	0
Toys	A2JBUYZCQAQF10	0.86	51	201	1
Toys	A2K9VXMD7453LW	0.74	51	201	0
Toys	A2KQT4D0OZR569	0.96	51	91	0
Toys	A2KVKBIXBL9802	0.82	17	18	0
Toys	A2KVO09I5WQ8DK	0.9	51	201	1
Toys	A2L6G6CCWWP5IV	0.8	51	201	0
Toys	A2LEZE5UVHFALD	0.7	51	149	0
Toys	A2LTE3VNQXGKW0	0.82	17	19	0
Toys	A2M7SF04WEDW4W	0.86	51	201	1
Toys	A2M9NE0EX51O7Z	0.96	51	201	0
Toys	A2MBLVMVDLHK1L	0.92	51	201	0
Toys	A2MP7JGO747X6E	0.96	51	201	0
Toys	A2MRTFIDEAPZJ1	0.96	51	201	0
Toys	A2MSJ2NV99JXQC	1.0	51	201	0
Toys	A2MX85R9XJXO9I	0.9	51	201	0
Toys	A2N7UANAFQ9L5C	0.88	51	201	0
Toys	A2O2822VQN2HFG	0.86	51	201	0
Toys	A2O35ES6WSV2Z2	0.84	51	16	0
Toys	A2P08L70P8ET67	0.96	51	201	0
Toys	A2PXVMF9DH8NDZ	0.84	51	201	0
Toys	A2PZJI7YONY2A1	0.96	1	1	0
Toys	A2Q51LFVE9P8H7	0.86	51	201	0
Toys	A2Q9B9WLL51Z70	0.94	51	201	1
Toys	A2R4NM7XJDHX13	0.9	51	201	0
Toys	A2R8VXVVO50XIM	0.84	51	201	0
Toys	A2RA8EXRAZN45S	0.88	51	201	0
Toys	A2RFN9B7U7DGK1	0.94	51	201	0
Toys	A2RIAXGSBP65BJ	1.0	51	201	0
Toys	A2RJ4DUC9IUDY0	0.78	51	201	0
Toys	A2RVSAIPOK5Z3H	0.82	51	44	0
Toys	A2RY4E6DP3M2L2	0.9	51	201	0
Toys	A2S6QCNNN8AK91	0.98	51	201	0
Toys	A2SAKBTBTR2BNB	0.84	51	201	0
Toys	A2SVJ25T8F8BTW	1.0	51	201	0
Toys	A2SXGR38BJR47M	0.82	51	201	0
Toys	A2T5VFMUGVV1XG	0.84	51	201	0
Toys	A2TGH4VRQCS10Z	0.86	51	201	0
Toys	A2TI5R93FF69UN	0.92	51	201	0
Toys	A2TJJCSCF7YKB3	0.82	51	78	0
Toys	A2TJLZPKD1MW24	0.96	51	201	0
Toys	A2TWJ40S9HFUOB	0.82	51	201	1
Toys	A2UAQ83AY3C3CY	0.94	51	201	1
Toys	A2UAS6OGCR8IUG	0.8	51	201	0
Toys	A2V8O6PWFD24V1	0.9	1	1	0
Toys	A2VE448CUB907P	0.9	51	201	0
Toys	A2VG3TH6IMOVKM	0.9	51	201	0
Toys	A2WF5J4XI1ZFXM	0.9	51	201	0
Toys	A2WT9FBIC8G2UR	0.98	3	3	0
Toys	A2WZBKDNVBMLWZ	0.86	1	1	0
Toys	A2X4478R0TCQSF	0.88	51	201	0
Toys	A2X5KTI8RDB0JH	0.84	3	3	0
Toys	A2XCL1L7FCSOO7	0.9	51	201	0
Toys	A2XHAL5LZM1PPC	1.0	24	24	0
Toys	A2XMO247S0NBJ0	0.96	2	2	0
Toys	A2XMR57G65YL	0.9	51	201	0
Toys	A2XNKMGEYHLUK7	0.84	51	201	0
Toys	A2XU46XXNV19C8	0.98	51	201	0
Toys	A2XX2A4OJCDNLZ	1.0	41	52	0
Toys	A2Y2OW2CR3WMRK	0.92	1	1	1
Toys	A2Y71CUI7ILZSH	0.84	51	201	0
Toys	A2Y87U9VKGRAAW	1.0	1	1	0
Toys	A2Y96MUF4VWAOW	1.0	14	14	0
Toys	A2YGB747HQLREO	0.86	51	45	1
Toys	A2YHBS040TSI3B	0.9	51	201	0
Toys	A2YQ24IJEVF3PV	0.9	51	201	0
Toys	A2YQJDUIIPPFI4	0.9	51	201	0
Toys	A2YSWNMW4E78GF	0.9	51	50	0
Toys	A2YTL3NDH6JAHA	0.8	1	1	0
Toys	A2YXWENP814QLI	0.9	51	201	0
Toys	A2Z8ZFM4SGCTYL	0.96	31	30	0
Toys	A2ZX3CGI6PM4X1	1.0	51	201	0
Toys	A301SYVALW58GF	0.94	51	201	0
Toys	A302JEPH6HRPPL	0.94	51	201	0
Toys	A305EJS7U9EDQG	0.92	51	201	0
Toys	A309CYRJJNFMDG	0.8	51	16	0
Toys	A30PGMDIGWO7M4	0.92	51	201	0
Toys	A30PGVFBSML3YV	0.82	4	4	1
Toys	A31C7L5241640T	0.96	51	201	0
Toys	A31RLBPR9AI8HE	0.92	51	201	0
Toys	A3208DCETJQYDD	0.8	4	4	1
Toys	A325LPLXVP6F15	0.84	51	201	0
Toys	A32J5J2J2UTCR	0.96	51	201	0
Toys	A32WT1ZEE4QGZB	0.96	51	201	0
Toys	A32WY3RGFMW9O1	0.98	4	4	0
Toys	A336PDROMWEDWL	0.92	51	201	0
Toys	A339D0QQYH0ZRG	0.98	2	2	0
Toys	A33HWB3M8NWQ58	0.92	51	201	0
Toys	A33PBU9EHZ28PC	0.96	51	201	0
Toys	A33Q2O6FQK65EK	0.92	15	16	0
Toys	A345BXR9RAZPQL	0.84	51	201	0
Toys	A34VCCL1YO6D0I	1.0	51	201	0
Toys	A351YEOZLLR34M	0.76	51	201	0
Toys	A354HWCO3WW4AK	1.0	51	201	0
Toys	A35C2IVVQR1HTK	0.98	51	201	0
Toys	A35FOJRS62GW49	0.84	51	201	0
Toys	A35HCDS9EPCLLK	0.72	51	201	0
Toys	A35I95L7BG74AN	0.96	51	201	0
Toys	A35MGJOE55YM0I	0.9	51	201	0
Toys	A35MQP8B71CQ9C	0.92	51	201	0
Toys	A35OBVCKDNYUR3	0.98	7	7	0
Toys	A35PNMSE7JVPK7	0.84	51	201	0
Toys	A369R4MUZCUI3D	1.0	51	201	0
Toys	A36LQ698RFJRYP	0.96	51	201	0
Toys	A379O5JZOPENK2	1.0	51	38	0
Toys	A37RS6K0AP1DQJ	0.82	51	200	0
Toys	A38167RWGZR8AE	0.84	51	201	0
Toys	A38942DXUBBVH7	0.84	51	201	0
Toys	A39CCZM9M9H3HX	0.86	51	201	0
Toys	A39MKEAYS0XQA5	0.98	11	11	0
Toys	A39O1RWSVIB6TK	0.98	51	201	0
Toys	A39VM3SAUME9VV	0.9	51	201	0
Toys	A3AA5MUGG09CDS	0.96	51	201	0
Toys	A3AE2LAXSIML73	0.9	51	201	0
Toys	A3AJQQEABBCYLX	0.84	51	201	1
Toys	A3AZIU63WQK6R	0.88	51	201	0
Toys	A3AZPAZXGOD4VL	1.0	15	15	0
Toys	A3B5NETV3NS2EH	0.86	1	1	0
Toys	A3BP2X6VFUSS5R	0.86	51	201	0
Toys	A3BTL4FV6ODKAT	1.0	51	201	0
Toys	A3BVHEIVQF5R0G	1.0	21	23	0
Toys	A3BXJF4URL95RT	0.94	51	201	0
Toys	A3C87XR86TEWEF	0.94	1	1	0
Toys	A3CLWZGMC7M9Z1	0.96	20	21	0
Toys	A3CNL2EG5ARWL4	0.98	51	51	0
Toys	A3CQ5980OVK9GQ	0.92	51	201	0
Toys	A3CW94YYFXEBSI	0.98	51	201	0
Toys	A3D3ASEXBFN5DL	0.92	51	201	0
Toys	A3D4NL89UHIJ87	0.9	36	55	0
Toys	A3DIDEUX0W5VT6	1.0	51	201	0
Toys	A3DML7MESO9P8J	0.9	2	2	0
Toys	A3DVO4RN4WA7A5	0.9	10	10	0
Toys	A3EAUXPIL65GX5	0.98	51	201	0
Toys	A3ESTWDBNOUJQ7	0.9	51	201	1
Toys	A3EXW4HNYX7HF5	0.98	51	201	0
Toys	A3EZIP6YQX5J8Q	0.96	51	47	0
Toys	A3F1UYG3P3DGJS	0.98	51	201	0
Toys	A3F43PAJZLOE3I	0.96	51	201	0
Toys	A3F69LY1QJ7I5Y	0.92	51	201	0
Toys	A3FG51WL7BP7LN	0.84	51	201	0
Toys	A3G2PUQ455XMXJ	0.96	51	201	0
Toys	A3G3J1K769O5EF	0.86	51	201	1
Toys	A3G42PNWASLGE8	0.78	34	45	0
Toys	A3GSGBKCIXB45A	0.92	51	201	0
Toys	A3GTI284ZE3B6W	0.92	12	12	0
Toys	A3GU48VNT4BCFR	0.94	51	201	0
Toys	A3GV11WCN6B6OL	0.92	51	201	0
Toys	A3GVW21TD5PQAA	0.78	51	201	0
Toys	A3GZ0E8B9Z60J8	0.92	16	15	0
Toys	A3H52GVIONVIK7	0.82	51	192	0
Toys	A3HORVSI2I23YR	1.0	51	115	0
Toys	A3HUC8541SJ6UT	0.98	14	14	0
Toys	A3IUMV0T5KAQMD	0.96	51	201	0
Toys	A3J70SWLLQAFAT	0.7	51	201	0
Toys	A3JQ9SPK2QOTQT	0.96	51	32	0
Toys	A3JT5XR92IFRVL	0.92	51	201	0
Toys	A3JYY8RLJNC56V	0.86	51	201	0
Toys	A3KC0CRGLO5LXJ	0.88	51	201	0
Toys	A3KCKECEO3E2AN	0.96	22	22	0
Toys	A3KJ06Z2K3UGYG	1.0	51	201	0
Toys	A3KWRC15OXO3EZ	0.98	2	2	0
Toys	A3L17RRL053ZXH	0.98	10	10	0
Toys	A3LG1IJ7UV79GR	0.9	51	201	0
Toys	A3LWV94ZSGJANY	0.92	30	32	0
Toys	A3LZBN54U1MR5A	0.92	51	201	0
Toys	A3MFCKCUSW5OGE	0.92	51	201	0
Toys	A3MKRAD7Z64ED5	1.0	51	37	0
Toys	A3MPWZNB1K8J1G	0.92	51	129	0
Toys	A3N03K23S2ZEIG	0.88	51	201	1
Toys	A3N2SK11B25XZK	1.0	51	201	0
Toys	A3N5NRW1GQ8RXL	0.92	51	201	0
Toys	A3N61N91YEIZ47	1.0	51	201	0
Toys	A3N9DP3DISWORE	0.78	51	201	0
Toys	A3NN6Q0D6TK11U	0.94	7	7	0
Toys	A3O4UFT4RQO7AN	0.96	51	201	0
Toys	A3OEGVSXY0Y07W	0.84	51	201	0
Toys	A3OFAMMKK080ES	0.94	51	93	0
Toys	A3OOS2B1ZZBCHI	0.94	51	201	0
Toys	A3ORV1QBL4K9U1	1.0	51	201	0
Toys	A3OU3VMKHM5T7L	1.0	51	201	0
Toys	A3P2D0B50DXXDS	0.94	51	201	0
Toys	A3PJNHE80BQNFU	0.86	51	201	1
Toys	A3PK2QEYSBTWYI	0.96	2	2	0
Toys	A3PLSE1DHYB3E5	1.0	22	23	0
Toys	A3PR7RM3L8TORU	0.84	51	201	1
Toys	A3PVM083UFTZQJ	0.92	51	201	0
Toys	A3Q0M13QFMD84D	0.92	51	201	0
Toys	A3Q1GBD7C0999T	0.94	51	201	0
Toys	A3Q8JHRXVW2P8B	0.98	51	51	0
Toys	A3QIMPQ5IHQ2AI	0.94	51	201	0
Toys	A3R5GTYQ50QVMD	1.0	51	44	0
Toys	A3S3GGVSMN1BDM	0.96	51	201	0
Toys	A3S801EXW1YK1	0.96	51	201	0
Toys	A3SCIP098VYA23	0.88	51	201	0
Toys	A3SOG15BVCO51	0.92	51	201	0
Toys	A3SUJTLF7K7FJ6	0.96	3	3	0
Toys	A3T2FHMUNYZB7T	0.98	51	164	0
Toys	A3TICVZ5T1KBBO	0.9	51	201	0
Toys	A3TTNQ1AUA2N63	0.94	51	201	0
Toys	A3UE1PURTS8PG	0.98	1	1	0
Toys	A3UEGI971RCXUU	0.94	51	201	0
Toys	A3UJ65AN55YBP6	1.0	51	50	0
Toys	A3UOS7EC0NN88A	0.98	51	29	1
Toys	A3UTB0QKXNY8CB	0.78	51	201	0
Toys	A3UTIIXWLL904I	0.92	51	201	0
Toys	A3UVUAZUX9SA8M	0.84	51	201	0
Toys	A3V6E16PSEARGV	0.96	51	201	0
Toys	A3VGAP2KLCBNBB	0.94	51	201	0
Toys	A3VGTW5DM6GH67	1.0	3	3	0
Toys	A3VISL7I6DN4K9	0.84	51	201	0
Toys	A3VPZFFS8IO08A	0.94	51	201	0
Toys	A3W1ZA5JQVT33G	0.88	34	50	0
Toys	A3W3ZIJ1XSW8SW	0.84	51	201	0
Toys	A3ZZFPQLNHTLB	0.94	51	201	0
Toys	A4KKT5J33X0C9	0.96	51	201	0
Toys	A53YP4DF1EJES	1.0	2	2	1
Toys	A5HHOCI5LTAWB	0.8	51	201	1
Toys	A5QSI9MNS8NMS	1.0	4	4	0
Toys	A5UKTFW7RTC01	0.98	51	201	0
Toys	A5X1B2HBQUR3P	0.92	51	201	0
Toys	A62R496DI8W34	1.0	20	20	0
Toys	A72YUWHZ1OR9O	0.76	51	201	1
Toys	A77L6DK349N94	0.92	51	201	0
Toys	A7A31MX1R7DUD	0.96	51	201	0
Toys	A7HUMX97N6J2R	0.88	51	201	0
Toys	A7JEWP1ITKQVJ	1.0	51	115	1
Toys	A7X9SBEVSHV5N	0.92	51	170	0
Toys	A7Y0MEKYZS3X6	1.0	51	98	0
Toys	A8757LV5QW9VX	0.86	51	69	0
Toys	A9J3LMY955WKJ	0.86	51	201	0
Toys	A9SUD7U1I40PB	0.86	51	201	0
Toys	A9TCBI8KIFJ0M	0.88	51	201	0
Toys	A9UPV7OQYV03F	0.82	2	2	0
Toys	AAEVGE52KL0DJ	0.86	51	201	0
Toys	AAHPYVES8K6CK	0.78	1	1	0
Toys	AB0LNCMOC8QOK	0.7	51	201	0
Toys	AB38XEH4DLN66	0.96	51	201	0
Toys	ABD7HPJOBC8BJ	0.74	6	6	0
Toys	ABPX680DGJ5AA	1.0	49	79	0
Toys	ABU0S5LQC4UU2	0.94	51	201	0
Toys	ACH40GDEWZRJS	0.98	51	39	0
Toys	ACIHXKMZIHV7W	1.0	51	201	1
Toys	ACLKV3VV6FGDU	0.92	51	201	0
Toys	ACPSENP0EQE49	0.9	51	201	0
Toys	ACPYT9KCCKX6X	0.84	51	201	0
Toys	ACRS2XC8L3S2K	0.98	51	201	0
Toys	ACSD2I68RM1L1	0.88	51	201	0
Toys	ADSFUJVGDLOE4	0.96	51	201	0
Toys	AEMV9IMH665B9	0.92	32	34	0
Toys	AETU6WZAUMX53	0.88	51	201	0
Toys	AF0EGN9J6610M	0.88	51	201	0
Toys	AFO678EAGH4Y9	0.96	51	28	0
Toys	AG1JZXJ1VZ1HW	1.0	51	201	0
Toys	AG5942NI7JAH1	0.8	51	201	0
Toys	AG6SDKCAXNR33	1.0	51	201	0
Toys	AG8QJ2NED5GWJ	0.94	51	201	0
Toys	AGFGY4EJ37VS2	0.98	29	31	0
Toys	AIAFKJXRLHRSH	0.86	51	201	0
Toys	AIK0G28AWIL17	0.98	51	201	0
Toys	AIOB3K2PE2E3R	0.88	51	201	0
Toys	AIOHNV6OYID1N	0.92	51	201	1
Toys	AJ48OJORP4NE4	1.0	51	71	0
Toys	AJ7EXZ3ON0BVR	0.96	7	7	0
Toys	AJ91FXLL2VBN7	0.88	51	201	0
Toys	AJM8UJ66W6YT	0.88	51	201	1
Toys	ALUUFD1P2VZEQ	0.94	51	201	0
Toys	AMRMK86X3PKXD	1.0	51	145	0
Toys	AN49G1NJDOT94	0.82	51	201	0
Toys	ANBVYCAEPWHY3	0.94	51	48	0
Toys	ANCQKZHPGDKS2	0.94	51	55	0
Toys	ANPTHLKNDONR5	0.78	51	201	1
Toys	ANUJTB160A13Z	0.96	51	201	0
Toys	AO645B6SU6DZV	0.96	51	68	0
Toys	AOMKUI325W2TJ	0.9	51	25	0
Toys	AOPWIKGDPRMX8	0.96	1	1	0
Toys	AOQZPFEVL2D9Y	0.96	15	16	0
Toys	AP1IQ8PYS5YHB	0.9	51	201	0
Toys	APP8XWYYV4PAA	0.98	51	201	0
Toys	APQ225F9VOI97	0.96	1	1	0
Toys	APWXTMMNYNX4F	0.94	51	201	0
Toys	AQ2UUK379POFL	0.96	51	201	0
Toys	AQJUB96Y7X59A	0.82	51	201	0
Toys	AQNDWV4YMTBZF	0.84	51	201	0
Toys	AQW0X2731G6ZB	0.94	33	35	0
Toys	ARGCRVY53Q5BR	0.9	51	201	0
Toys	ARMVD78URIPLF	0.88	51	201	0
Toys	AS1FPHXL6YLOW	0.98	51	159	0
Toys	ASA6MO9JQS628	0.9	51	201	0
Toys	ASDXGRHJ1G0MG	0.86	51	201	0
Toys	ASFRULWDRQCUO	0.72	51	201	0
Toys	ASQKG1JENWA2M	0.88	51	201	0
Toys	ASRIOCTQPKK1B	0.9	51	201	0
Toys	ASZ8W38C6GQPK	1.0	51	201	0
Toys	AT40FSES3V2LI	0.9	51	201	0
Toys	ATL2EJGS0OD8S	0.88	10	10	0
Toys	ATZDGPMWR6N5D	0.82	51	201	0
Toys	AV0C12IXS9HYP	0.86	38	55	0
Toys	AV19W38S18KEF	0.92	51	201	0
Toys	AV5980KJFVGCG	0.96	51	201	0
Toys	AVX7RB9XQ29Q5	0.9	51	39	0
Toys	AW0IOR4AEEK46	0.92	8	8	0
Toys	AW9FZO9WF88CV	0.9	51	201	0
Toys	AX88IRRCYGW1S	0.88	51	201	0
Toys	AXK8UKPSYESNP	0.98	51	201	0
Toys	AXN72SDUK0KQT	0.9	51	201	0
Toys	AXQSVBTBF6SLA	0.98	51	132	0
Toys	AXSP7X8A1YK41	0.86	51	201	0
Toys	AXW32H306JBP	0.86	28	35	0
Toys	AY9SSM2CJ5RTA	0.8	51	201	0
Toys	AYBESUR7FVD97	0.82	51	201	0
Toys	AYCME2VJ64TAC	1.0	19	19	0
Toys	AYFGIZUMHUKCT	0.9	51	134	0
Toys	AYIVP2Q1XP3H8	0.86	51	201	0
Toys	AYMRVJI3K0XUK	0.92	51	8	1
Toys	AYUF7YETYOLNX	0.98	51	84	0
Toys	AZ45UN2TEI3HY	0.98	51	201	0
Toys	AZ9ZEQ5Y6QBDK	0.98	18	18	0
Toys	AZCVUV657V5XG	0.82	51	201	0
Toys	AZQOGNBVDKWR0	1.0	51	201	0
Beauty	A02155413BVL8D0G7X6DN	0.8	51	201	0
Beauty	A10H5JQ2PR8JCM	0.9	51	201	0
Beauty	A11XAIFA10G7TS	0.92	51	201	0
Beauty	A122SFGLAHQLSJ	1.0	51	201	0
Beauty	A12E0Y0J6584RT	0.98	6	6	0
Beauty	A12RD9GYU6NYFC	0.9	1	1	0
Beauty	A12VIA1V32XSZW	0.94	51	201	0
Beauty	A12XDEMP7PQPDT	1.0	51	135	0
Beauty	A1364XG1UVLIF	0.94	51	201	0
Beauty	A13E3L5NR2VOOQ	0.82	51	201	0
Beauty	A13G2RXDAJT9CE	0.74	51	201	0
Beauty	A13H2ZRENPV9E	1.0	51	201	0
Beauty	A13HXODVTD4U0V	0.96	51	201	0
Beauty	A13K940O9R7HSK	0.96	51	201	0
Beauty	A13X4VIMZPP4OP	0.82	51	132	1
Beauty	A14350LP2AJZ0V	0.92	51	201	0
Beauty	A14410FBSN04BS	0.98	1	1	0
Beauty	A1464D1OP9SIUK	0.88	51	201	0
Beauty	A14N290ORZJDT8	0.78	51	201	0
Beauty	A14QN2A6J68F1L	0.88	51	201	0
Beauty	A14RYRR7ETV3UY	0.96	51	46	0
Beauty	A14S0XHM523SEI	0.84	51	201	0
Beauty	A15L9D01H15IVT	0.84	2	2	0
Beauty	A15R00LN8L815Z	1.0	51	79	0
Beauty	A1680FEI6YINFQ	1.0	51	201	0
Beauty	A16D1QTSZ0G68N	0.92	51	201	0
Beauty	A16QJ07X360VDK	0.86	51	201	0
Beauty	A16RNH6PP3NEBF	0.98	51	201	0
Beauty	A16UM2AMMZCY13	0.9	51	201	0
Beauty	A17APETXI65FPR	0.98	51	201	0
Beauty	A17I90HQZKOFT5	0.94	51	201	0
Beauty	A1890IGZTB9CS5	0.94	51	201	1
Beauty	A18FGK5F4VZPHO	0.9	51	201	0
Beauty	A18MG1GPSEAPE9	0.92	51	201	0
Beauty	A1945HAI443QKR	0.66	51	201	1
Beauty	A195ZIKKG6051W	0.92	51	201	0
Beauty	A196FUEVIMH83H	0.82	51	201	0
Beauty	A19KLWTEW9KRJ8	0.92	51	201	1
Beauty	A19SDJ2TSSL8HI	0.94	51	48	0
Beauty	A19XC6Z95GK5AB	0.98	51	201	0
Beauty	A1A5XWT0WI06YH	0.88	51	201	0
Beauty	A1ACH77RG6C8MN	0.98	51	133	0
Beauty	A1AZ8YJTM7JRHL	0.98	51	201	0
Beauty	A1B66RS1ZLOWVJ	0.84	51	201	0
Beauty	A1BCHGU0TCQ2P1	0.98	1	1	0
Beauty	A1BGH69DH07M72	0.98	30	34	0
Beauty	A1C39GTHFITRZV	0.9	51	201	0
Beauty	A1C9FRE9C9B0EX	0.92	51	201	0
Beauty	A1CLZXR0B7YHA0	0.9	51	201	0
Beauty	A1D336P5ENFFJN	0.98	51	201	0
Beauty	A1D4SEIIPD2J41	0.76	51	201	1
Beauty	A1DGVCCQQYHGCE	0.84	51	51	0
Beauty	A1E6M4ZBR7FZBC	0.94	51	201	0
Beauty	A1E8L3PG4Q1G7A	0.96	18	18	0
Beauty	A1EBYD2E2UMXX7	0.76	51	201	0
Beauty	A1EN4XAKX9LK4A	1.0	18	18	0
Beauty	A1EPHD4E18OFWO	1.0	7	7	0
Beauty	A1ESDW5VX6B73Q	0.92	51	201	1
Beauty	A1EUTHXG9Q0M3F	0.82	51	201	0
Beauty	A1FFFEHK9K5XU0	0.82	51	201	0
Beauty	A1FU6N9PIEIL5F	0.84	51	201	0
Beauty	A1FZ4AHRIDC94R	0.92	51	201	0
Beauty	A1G5FIEA40QCT4	0.88	51	201	0
Beauty	A1G7JK59HJK9O0	0.96	51	201	0
Beauty	A1GD397IJNPTL4	0.94	38	42	0
Beauty	A1GD5EGGJT8NDR	0.9	51	201	0
Beauty	A1GXUILQS1SKQ9	0.94	51	201	0
Beauty	A1HOEKWICASKWF	0.88	51	201	0
Beauty	A1HUQ89BM5PDQK	0.98	13	13	0
Beauty	A1I1MR6ZF3FB25	0.98	6	6	0
Beauty	A1I8XTYJHWX6N2	0.96	51	114	0
Beauty	A1IBU2PW9BQVRT	0.96	14	14	0
Beauty	A1IC0HZ35M0406	0.8	51	201	0
Beauty	A1IKNUYJSRIZ3Z	0.9	51	201	0
Beauty	A1J5DRBG1AJG0K	0.98	51	201	0
Beauty	A1JFYDF90M3WF5	0.94	51	201	0
Beauty	A1JJYRQVMDQCA1	0.8	51	117	0
Beauty	A1JKNXCDZ42K84	0.9	51	201	0
Beauty	A1JLBNDDAJB4OP	0.84	51	166	0
Beauty	A1JNPCJEOA7F0J	0.9	51	201	0
Beauty	A1JOVTU9CTZXB7	0.96	4	4	0
Beauty	A1K92F2735WMP6	0.86	51	201	0
Beauty	A1KEK09ZA6J9P8	0.98	51	40	0
Beauty	A1KT19TDP9VE63	0.88	51	201	0
Beauty	A1L91NLNUQSOEW	0.82	51	201	1
Beauty	A1LACH6MLQWZ	0.96	51	201	0
Beauty	A1LBTUS08BG716	0.88	51	201	0
Beauty	A1LFTP59TSTDOP	0.88	51	201	0
Beauty	A1LHAXBM5GBJS2	1.0	16	16	0
Beauty	A1LHYZSQ2NV0NQ	0.94	51	201	0
Beauty	A1LW6JG5E50L8E	0.94	51	201	0
Beauty	A1MFDFUGEVNIFK	0.92	51	201	0
Beauty	A1MO7ERE6X74JE	0.86	51	201	1
Beauty	A1NF9IACP2DFLL	0.9	44	70	0
Beauty	A1NN9TOQXVP6EF	0.9	51	201	0
Beauty	A1NPWZ8SAWHA6P	0.76	51	201	0
Beauty	A1NS5E60FH2H87	0.86	51	201	0
Beauty	A1NSP1Y5SQRMZD	0.88	51	201	0
Beauty	A1NVV06ZVLV7A4	0.8	40	61	0
Beauty	A1NX9IN9U4TFD8	0.74	51	201	0
Beauty	A1ODXI3EQ5ZDMB	0.84	19	18	0
Beauty	A1PD1MWBHQ2OK8	0.88	51	201	0
Beauty	A1PEITQQFYXYLM	0.86	51	201	0
Beauty	A1PQS5AO0JK8DX	0.8	7	7	0
Beauty	A1PR530F0MH7K8	0.84	51	201	0
Beauty	A1PT8N9C5YZKV4	0.9	51	84	0
Beauty	A1Q95HU6O1N1J6	0.9	51	201	0
Beauty	A1QSHDRSWGJI10	1.0	51	42	0
Beauty	A1QWZKOI626O31	0.94	51	201	0
Beauty	A1RQJED4T1WLBB	0.86	51	201	0
Beauty	A1RRMZKOMZ2M7J	1.0	51	201	0
Beauty	A1S3RXZEBY0AW7	0.94	51	201	1
Beauty	A1S55B77MMNXIT	0.92	51	201	0
Beauty	A1SORA0GA7W3WG	0.84	51	37	0
Beauty	A1SSIDDDCCK1E	0.9	51	39	0
Beauty	A1TEAHME6DJMV6	1.0	51	55	0
Beauty	A1TMF8NWIY9ZLQ	0.9	51	201	0
Beauty	A1TYCPVFO7K2W0	0.98	51	201	0
Beauty	A1VBDMNT6I8RE5	1.0	31	32	0
Beauty	A1VJ16TJBHRRW	0.9	51	201	0
Beauty	A1VXZJVVLQNX9G	0.84	51	201	0
Beauty	A1W6PXDD1CVKI	0.84	51	201	0
Beauty	A1WH0IHKVIX7AP	0.94	51	201	1
Beauty	A1WM4SKXV48OML	0.86	51	201	0
Beauty	A1WQF8WPN19AJG	0.82	10	10	0
Beauty	A1WSZED2O5MA5T	0.8	51	201	0
Beauty	A1X9A9XO1SBHQW	0.92	51	201	0
Beauty	A1XSSG2IQL1023	1.0	51	201	0
Beauty	A1Y91AXTNDEIWW	0.82	31	43	1
Beauty	A1YMZ3PYX65PGV	0.86	51	201	0
Beauty	A1YPM4GCO8I1W1	0.86	51	201	0
Beauty	A1ZBG67FX95ZSE	0.98	51	201	0
Beauty	A1ZC3FAD1EFZJ7	0.98	49	75	0
Beauty	A1ZIVMC1K6LAK0	0.86	51	201	0
Beauty	A1ZJU0PZZPS2UE	0.92	51	188	0
Beauty	A1ZJWONETIB2FB	0.96	51	201	0
Beauty	A1ZNCMFIECPTVT	1.0	51	201	0
Beauty	A1ZRLMCXTTIY93	0.92	51	107	0
Beauty	A1ZRYUIPT24IH5	0.8	51	201	0
Beauty	A20GK6PHI7B3TI	0.86	51	201	0
Beauty	A20OW6TEDPQ45Z	0.96	2	2	0
Beauty	A20SNZJ0WM1MIJ	0.82	51	201	0
Beauty	A21CGA9PUZDQH0	0.82	51	201	0
Beauty	A220B791X1X9YY	0.84	51	201	0
Beauty	A22D1A5G3GTPXO	1.0	11	11	0
Beauty	A22JAJQFY7CZ1	0.94	51	201	0
Beauty	A22R3BJQFKHU8A	0.92	51	201	0
Beauty	A233HU0KM5YAJ0	0.98	32	44	0
Beauty	A24F1PL6G4Q2BJ	1.0	51	128	0
Beauty	A24YA4ZYCDUIKP	0.76	51	201	1
Beauty	A24ZEQFC54B932	0.68	51	201	1
Beauty	A24ZV048V7J0MT	1.0	51	201	0
Beauty	A25B8W9VSY0C5Y	0.94	51	201	0
Beauty	A25PYMGLCQKSSG	0.98	51	201	0
Beauty	A25TG3UMU0VYPW	0.92	51	201	0
Beauty	A26LYNBAN8H9MW	0.88	11	11	0
Beauty	A2752SH1BTZAP2	0.96	51	201	0
Beauty	A276FG0XPT31AC	0.8	51	201	0
Beauty	A27TIIK2TW8W79	0.82	51	201	0
Beauty	A284FAGKX0W4U4	0.98	51	41	1
Beauty	A28621TSIR5EOG	0.84	51	201	0
Beauty	A28UMA3GW9L124	0.96	24	24	0
Beauty	A2931NJVVQUQE5	0.94	51	201	0
Beauty	A29BOJREPGDKU4	0.86	51	112	0
Beauty	A29XZH9BCY6T8T	0.9	51	105	0
Beauty	A2A52EATFDQJ1P	0.96	51	201	0
Beauty	A2A5C9IQ06CG9N	0.92	51	201	0
Beauty	A2B2HOVV6WZGEJ	0.94	2	2	0
Beauty	A2B4HKY2633P6A	0.86	51	201	0
Beauty	A2BDSPVA0WTM5X	0.94	51	74	0
Beauty	A2BH3N8UM4MP62	0.9	51	201	0
Beauty	A2BKT51JAU9XV7	0.84	51	106	0
Beauty	A2BY1DRVCVA7DH	0.76	51	201	0
Beauty	A2BY7LRPQI9YZQ	0.88	51	201	0
Beauty	A2CFSWWKUUT4BD	0.88	51	64	0
Beauty	A2CN3SLHAQOP38	1.0	51	201	0
Beauty	A2CZBO0HIC90SJ	0.92	4	4	0
Beauty	A2DMM4YRMWNQ4V	0.9	13	13	0
Beauty	A2DPM63B93KCY3	0.96	3	3	0
Beauty	A2DZWQ588FQ7S7	0.98	51	201	0
Beauty	A2E09MGASTCI05	0.84	51	201	0
Beauty	A2E601R9UMK10	0.94	51	201	0
Beauty	A2EGM4HE22ITQ4	0.94	51	201	0
Beauty	A2F0SJ0XNROB8F	0.96	3	3	0
Beauty	A2FAKXPLPCGSWM	0.94	51	201	0
Beauty	A2FM0GJWDCQNFD	0.8	51	201	0
Beauty	A2FWZ58M6IQMD7	0.94	51	201	0
Beauty	A2GD3GPX9Z3RKQ	0.94	51	201	0
Beauty	A2GIZHT38UVDWO	0.96	51	201	0
Beauty	A2GV7L9LPZCZXN	0.96	20	20	0
Beauty	A2H0G0L0E6DPCA	0.98	51	201	1
Beauty	A2HSKLKTQKKO7X	0.84	24	26	0
Beauty	A2IHBYQAW5MAJN	0.92	51	164	0
Beauty	A2INUU2PEADSC8	0.94	51	201	0
Beauty	A2IVEJFJEZ41RN	0.98	51	94	0
Beauty	A2J6W7OS5EAXCJ	0.84	51	201	0
Beauty	A2JHBQ4FS6D7UT	0.96	13	13	0
Beauty	A2JRKD3DU7046X	0.98	13	13	0
Beauty	A2K0ZW0UPPKUEX	1.0	37	45	0
Beauty	A2K7KB036ILMIV	0.92	51	201	0
Beauty	A2KQH12AFDMN4B	0.94	51	201	0
Beauty	A2KQT4D0OZR569	0.98	51	201	0
Beauty	A2KVKBIXBL9802	0.92	42	67	0
Beauty	A2KWD1V1105XR7	0.82	51	201	0
Beauty	A2L6BZRML5L3X4	0.86	51	201	0
Beauty	A2LL4SL2PY673I	0.82	51	201	0
Beauty	A2LQEJM1CIKBIZ	0.86	51	101	0
Beauty	A2M7AHO6EK2C7M	0.86	51	201	0
Beauty	A2M9PZ77KD1X1B	0.86	51	201	0
Beauty	A2MOY9RP4VD6FU	0.82	51	201	0
Beauty	A2MU029O2HXJ5U	0.98	51	201	0
Beauty	A2MUTVWFCMNQHC	0.94	51	201	0
Beauty	A2MVUTW2WM4VL6	0.98	51	201	0
Beauty	A2N0K91UTPPXLN	0.9	51	201	0
Beauty	A2N1DTPC1Q2CD3	0.9	6	6	0
Beauty	A2NQ2QMKYHZ0EM	0.96	24	31	0
Beauty	A2PXVMF9DH8NDZ	0.7	51	201	1
Beauty	A2Q5455Q06P7R1	0.96	22	26	0
Beauty	A2QMSO8XTC2NQK	0.94	1	1	0
Beauty	A2QZF4BEP2B8V0	0.9	51	162	0
Beauty	A2RF9DQWUJFD4I	1.0	51	201	0
Beauty	A2RIAXGSBP65BJ	0.96	51	201	0
Beauty	A2RNCAO9WTEZBF	1.0	51	201	0
Beauty	A2RQOO8VYAEZZG	1.0	51	100	0
Beauty	A2RSXF64W7VW31	0.88	51	201	0
Beauty	A2S3HKRDMAN83A	0.78	51	201	0
Beauty	A2S6QCNNN8AK91	0.96	51	201	0
Beauty	A2SAKBTBTR2BNB	1.0	51	201	0
Beauty	A2SDBRNFIE0NKD	1.0	51	201	0
Beauty	A2SDJUGYD8KBWJ	0.96	51	201	0
Beauty	A2SL77FLFHDVR6	0.88	51	201	0
Beauty	A2SPAROS5PSI8X	0.84	51	201	0
Beauty	A2T270WXBVI9EV	0.9	51	201	0
Beauty	A2T3YOZ7ZR0NE1	0.92	51	201	1
Beauty	A2TI5R93FF69UN	1.0	8	8	0
Beauty	A2U8LIBHN03DHD	0.86	51	201	0
Beauty	A2UHAKSZSZVITF	0.96	51	201	1
Beauty	A2UUHL2EU2OFDH	0.74	51	201	0
Beauty	A2UXRRAZGMVKIY	0.82	51	201	0
Beauty	A2V2X7HZWIGYQC	0.96	1	1	0
Beauty	A2V5C2L3EDQ93C	0.86	51	140	0
Beauty	A2V6VQZSQB4CWI	0.74	51	201	0
Beauty	A2V9UMCS8SHRP	0.9	8	7	0
Beauty	A2VE448CUB907P	1.0	9	9	0
Beauty	A2VUVIYAQB0YT1	0.78	51	201	0
Beauty	A2W20TT5FNRIF	0.98	51	64	0
Beauty	A2WDCDV7L42C0M	0.94	51	201	0
Beauty	A2WL2879C41LJL	0.96	30	31	0
Beauty	A2WNBFTFG5FY5D	0.84	51	201	0
Beauty	A2WQPYI2WI6U7X	0.86	51	201	0
Beauty	A2WQYVZMXMAQ43	0.98	45	70	0
Beauty	A2XCK8I0OHCVYE	0.88	51	201	0
Beauty	A2XNJJ9TF70P4J	1.0	51	153	0
Beauty	A2XU0QAY5PPI1N	0.98	51	201	0
Beauty	A2XX2A4OJCDNLZ	0.94	2	2	0
Beauty	A2XYB7OCWMUN75	0.84	51	201	0
Beauty	A2Y86NGI9SXBHM	0.98	2	2	0
Beauty	A2YB5103AQ463Z	0.9	51	201	0
Beauty	A2YDX7GA1AD0KB	0.92	51	201	0
Beauty	A2YIJV9LM4KVZ0	0.96	51	201	0
Beauty	A2YK5UUN19WHB1	0.86	51	201	0
Beauty	A2YO7Q1ABS2533	0.92	51	75	0
Beauty	A2YZERYQTLB8NG	0.88	51	201	0
Beauty	A2ZC7J16Z3VCUT	0.84	51	201	0
Beauty	A2ZCYB5CNZBM2N	0.84	51	201	0
Beauty	A2ZDJ0HCVZ8Y6I	0.98	14	11	0
Beauty	A2ZMH05LYXCVT7	1.0	51	71	0
Beauty	A2ZV4X5FFYBOIZ	0.78	51	201	0
Beauty	A307Y3LMCVEZS1	0.86	51	134	0
Beauty	A308XENZZDHCBC	0.88	51	92	0
Beauty	A30I1RE610BJ2V	0.94	4	4	0
Beauty	A30K1B4HZ6HQ47	0.92	51	201	0
Beauty	A31BINYKLSTS06	0.94	51	201	0
Beauty	A31LEVBRCI0BQX	0.94	51	201	0
Beauty	A31P9QGDFKDJKM	0.94	51	201	0
Beauty	A31PTM0AGQPNAX	0.96	51	201	0
Beauty	A31VNP4OTMTQYA	0.78	51	201	0
Beauty	A327PRMDA0HJVJ	0.98	51	45	0
Beauty	A32CQX9ZTLPFCB	0.98	51	201	0
Beauty	A32D0ZUZXESU6W	0.92	51	201	0
Beauty	A32DCJHKUG1KAL	0.92	51	201	0
Beauty	A32JLLK5UZN361	0.88	51	201	0
Beauty	A32TJMA1U8BGBC	0.94	51	201	0
Beauty	A32WT1ZEE4QGZB	0.88	51	201	0
Beauty	A336DYZ1BBUHLS	0.86	51	201	0
Beauty	A33DUVUIC7G553	0.84	51	201	0
Beauty	A33FY37GLTT10G	0.94	51	201	0
Beauty	A33HWB3M8NWQ58	1.0	51	201	0
Beauty	A33PBU9EHZ28PC	1.0	31	32	0
Beauty	A345BXR9RAZPQL	0.94	51	201	0
Beauty	A34ABMLGQHYO31	0.86	51	201	0
Beauty	A34HX7JHOK80XT	0.82	51	201	0
Beauty	A34M5KL94K6K7M	0.86	51	201	0
Beauty	A34YMFEQCF0CI9	0.92	51	201	0
Beauty	A35BNLIJ3LXGMH	1.0	51	105	0
Beauty	A3612HMUR3TDHX	0.94	51	201	0
Beauty	A362376JQO73L7	0.96	51	201	0
Beauty	A366YFWGJ84JAJ	0.92	51	201	0
Beauty	A36F1IIL0RJVSI	0.9	51	201	0
Beauty	A36IWMJEPZ4KMB	0.98	3	3	0
Beauty	A36VNUMXIHBOL2	0.88	51	127	0
Beauty	A379W4G7YWQT86	0.92	23	23	0
Beauty	A37EQPO08CBZ2U	0.88	51	201	0
Beauty	A37OLD09U3W17Y	0.94	51	201	0
Beauty	A37Q2U5I5N2K3K	0.96	1	1	0
Beauty	A37TNRVP54I09T	0.92	51	201	0
Beauty	A37W51M20WW9TF	0.94	51	58	0
Beauty	A37YUFBI23UPB8	1.0	51	201	0
Beauty	A38LQHK1OI66AN	0.94	51	38	0
Beauty	A38ZYYY2V1PSQV	0.96	24	23	0
Beauty	A3988K4XLD53OT	0.76	51	201	0
Beauty	A39WWMBA0299ZF	1.0	51	201	0
Beauty	A39XPX6K05FLLW	0.96	51	201	0
Beauty	A3ADTFFSKLDE0C	0.96	51	201	0
Beauty	A3AIHGUT2T7C22	0.8	51	201	0
Beauty	A3AJMFPURJQ632	0.84	51	57	1
Beauty	A3AN7Y6CNWX3SD	0.94	51	201	0
Beauty	A3AZIU63WQK6R	0.74	51	201	0
Beauty	A3B3Q9OCZ5KCMA	0.98	51	201	0
Beauty	A3BJ3206EXCM4R	0.8	51	201	1
Beauty	A3BO4GD7NGYCHB	1.0	1	1	0
Beauty	A3BP2X6VFUSS5R	1.0	14	14	0
Beauty	A3BTL4FV6ODKAT	1.0	51	201	0
Beauty	A3BXZSW2LBOVIE	0.96	51	53	0
Beauty	A3CILPIAW45HA2	0.98	1	1	0
Beauty	A3CLWZGMC7M9Z1	1.0	51	70	0
Beauty	A3DHHOZRX2GCNI	0.92	51	201	0
Beauty	A3DTZTXDHK08EF	0.98	20	19	0
Beauty	A3E9A3UJZ12K61	0.94	51	201	0
Beauty	A3EAUXPIL65GX5	0.8	51	201	0
Beauty	A3EJI52WWJPG1V	0.86	51	201	0
Beauty	A3EO6O6276MKM9	1.0	3	3	0
Beauty	A3EUF64PPINMOK	0.78	51	201	0
Beauty	A3EXW4HNYX7HF5	0.98	51	138	0
Beauty	A3EZIP6YQX5J8Q	0.86	51	201	0
Beauty	A3F09L0KFRV74U	0.9	51	201	0
Beauty	A3FG51WL7BP7LN	0.84	51	201	0
Beauty	A3FY99GJUPNM5D	0.9	51	201	0
Beauty	A3GAQQZKTZIGEX	0.98	2	2	0
Beauty	A3GHTSDCM8B4V7	0.9	51	201	0
Beauty	A3H3L1XNS4IN8C	0.84	51	201	0
Beauty	A3H7ADUP07D93H	1.0	51	201	0
Beauty	A3HU6DPEKIWET3	0.98	51	201	0
Beauty	A3HUC8541SJ6UT	1.0	18	20	0
Beauty	A3I03URMVLXRDC	0.96	1	1	0
Beauty	A3I6403ZZ08SG4	1.0	10	10	0
Beauty	A3I8EA3B99X0Z1	0.92	51	201	0
Beauty	A3I9IKN6B6O2D7	0.82	51	201	1
Beauty	A3JNA4RRAQVUHM	1.0	51	201	0
Beauty	A3JT5XR92IFRVL	0.98	32	32	0
Beauty	A3KCKECEO3E2AN	0.9	51	201	0
Beauty	A3KD5YV29Q29PS	0.94	51	201	0
Beauty	A3KF8OP0I238YQ	0.84	51	201	0
Beauty	A3KKSQMZA8K8JU	0.84	51	201	0
Beauty	A3KLTC6CXKQSP4	0.88	51	201	0
Beauty	A3L53QNY6AAN53	0.84	51	201	0
Beauty	A3LMSZ7X527YHV	0.86	51	201	0
Beauty	A3M2MWMDP1W348	0.98	3	3	0
Beauty	A3MAROXCKBWMWV	0.78	51	201	0
Beauty	A3N1ANJVA54KNP	0.96	7	7	0
Beauty	A3N4CUW4UYC9I3	1.0	1	1	0
Beauty	A3N61N91YEIZ47	1.0	51	118	0
Beauty	A3NGK03GOJ1JDQ	0.86	51	201	0
Beauty	A3NICTN9ALZ27	0.92	51	201	0
Beauty	A3NJE4PPFR17UV	0.82	51	201	0
Beauty	A3NM1MT3Q2FHXV	1.0	16	16	0
Beauty	A3O27LZX41XD0B	0.92	51	201	0
Beauty	A3ORV1QBL4K9U1	0.96	51	201	0
Beauty	A3OS764OS57AT3	0.94	1	1	0
Beauty	A3OWLJ9PHWCCUZ	0.76	51	201	0
Beauty	A3PAIMC1MVFOU8	1.0	51	201	1
Beauty	A3PQR9UQ9SW1N9	0.94	51	201	0
Beauty	A3Q2VR1C6UZDF9	0.86	51	201	0
Beauty	A3Q7T8PR6YSUMG	0.94	51	201	0
Beauty	A3QJ5JOG2C2UAV	1.0	33	35	0
Beauty	A3QK41IM3X2CUF	0.9	51	201	0
Beauty	A3R5GTYQ50QVMD	1.0	12	12	0
Beauty	A3RBES0V9KS9IN	0.88	51	201	0
Beauty	A3RGVDWKSIAX7E	0.94	51	201	0
Beauty	A3STK5WDK5UB58	0.86	51	201	0
Beauty	A3T5WC8DTXRTJ5	0.92	11	11	0
Beauty	A3TLXSBOZ3R09V	0.92	51	201	0
Beauty	A3TS7SMF9121UA	0.82	51	201	0
Beauty	A3U1S5KR287T3I	0.98	51	156	0
Beauty	A3U736A1MVOK90	0.98	35	47	0
Beauty	A3UC3YT2E65LZO	0.84	51	201	0
Beauty	A3UDJYL7YFEMV	1.0	4	4	0
Beauty	A3V1ON6X9TKWFL	0.92	51	201	0
Beauty	A3VGAP2KLCBNBB	0.98	51	201	0
Beauty	A461VTLW9G9YB	0.94	51	201	0
Beauty	A48WFFX018ZVU	1.0	10	10	0
Beauty	A4FFK8M1P0Y9	1.0	26	27	0
Beauty	A4LM46IDKB40N	0.92	33	52	1
Beauty	A5056ZWE82CTJ	0.98	51	201	0
Beauty	A51EAGUKGTONU	0.96	14	14	0
Beauty	A55LS2HWPQB0Q	1.0	13	13	0
Beauty	A5A2URQBFARLT	0.92	51	201	0
Beauty	A5VJIYS1L9YNR	0.86	51	72	0
Beauty	A5X1B2HBQUR3P	1.0	5	5	0
Beauty	A60YQQJD3B6EX	0.86	51	201	0
Beauty	A68J3YO34TUOV	0.92	51	201	0
Beauty	A6KV3W3RG9RMA	1.0	51	94	0
Beauty	A6N8LA8E2MFYD	0.94	51	201	0
Beauty	A6T1RHMQ9NSE4	1.0	1	1	0
Beauty	A6X467FA4T2OS	0.78	51	201	0
Beauty	A6Y3CFR4MHKP1	0.98	9	9	0
Beauty	A7MJN6MN50598	0.88	51	201	1
Beauty	A7MJTKHGS43RY	0.96	51	45	1
Beauty	A7Z1413X32PUW	0.84	51	201	0
Beauty	A863RE8D6632X	0.86	51	201	0
Beauty	A8757LV5QW9VX	1.0	51	201	0
Beauty	A8BU45ZCMHUZW	0.86	51	201	0
Beauty	A90JGGI493HNG	0.94	51	201	0
Beauty	A9BLJJM9Y6R2M	0.88	51	201	0
Beauty	A9J5SLYXUCWO1	0.84	51	201	0
Beauty	AA3EZF22VEB32	0.94	1	1	0
Beauty	AA576I6IX23UD	0.92	51	201	0
Beauty	AAEVGE52KL0DJ	0.96	51	201	0
Beauty	AAZ084UMH8VZ2	0.94	51	201	0
Beauty	AB094YABX21WQ	0.96	51	201	1
Beauty	AB0F3WF0GCCC0	1.0	12	12	0
Beauty	AB6IV1YFCZKQH	0.88	51	201	1
Beauty	ABPX680DGJ5AA	0.78	8	7	0
Beauty	AC1NHNNTZURTH	0.88	51	201	0
Beauty	AC59IBYF64KFI	0.98	1	1	0
Beauty	AC6IDFW34EO9D	0.86	51	201	0
Beauty	ACG51N4L4KRYP	0.8	51	201	0
Beauty	ACKGYW7TBFQS8	0.9	51	201	0
Beauty	AD1115QTX1PHL	0.96	51	201	0
Beauty	ADJAF7ZFZ25EG	0.92	51	201	0
Beauty	ADJBUPS8SJHTC	1.0	51	103	0
Beauty	ADKAZSI0W1HVZ	0.84	51	201	0
Beauty	ADL2UAF0VJSDU	0.86	51	201	0
Beauty	ADM53SWXARX2T	0.84	51	201	0
Beauty	AE2MKYLMTYF21	0.98	51	61	0
Beauty	AE89ZMH5WF4OY	0.96	51	58	0
Beauty	AECLZDGGWMRRE	0.86	51	201	0
Beauty	AEMV9IMH665B9	0.9	51	201	0
Beauty	AEXPF7WBH1TL2	0.96	51	121	0
Beauty	AFBUH08GNWREI	0.86	51	201	0
Beauty	AFMPV14Q30N3L	0.8	51	201	0
Beauty	AFO678EAGH4Y9	1.0	51	201	0
Beauty	AFQPCQKEICC1Z	0.84	35	59	1
Beauty	AFW2ZL3QMYHZY	0.84	51	201	0
Beauty	AFYUFB2NF1CMJ	0.96	51	201	0
Beauty	AG7XTDD39Z8ZS	0.8	51	201	0
Beauty	AG81VJ6QZZS37	0.88	51	201	0
Beauty	AH5BU4E9COYT4	0.98	51	201	0
Beauty	AH5NDKZ3YK0AE	1.0	51	201	0
Beauty	AH7FWHWAXMBPG	0.7	51	201	0
Beauty	AH8W3XZKWQDOP	1.0	3	3	0
Beauty	AHNFX5HSE6BI3	0.88	1	1	0
Beauty	AI8MXXCBE2435	0.92	51	201	0
Beauty	AIK0G28AWIL17	1.0	16	16	0
Beauty	AILWN0QU28S1Y	0.86	51	201	0
Beauty	AJ48OJORP4NE4	0.98	51	88	0
Beauty	AJ6655BK9JNQQ	0.88	4	4	0
Beauty	AJE7GM46DC82Q	0.98	51	201	0
Beauty	AJXDBMJBVUGSR	1.0	7	7	0
Beauty	AK936V28HVQS4	0.82	51	201	1
Beauty	ALBUYDI4E4OE7	0.94	51	201	0
Beauty	ALEW9N1JHJG21	0.9	51	201	0
Beauty	ALN2JUWSF86Z9	0.86	29	43	1
Beauty	ALYMB3IPKOWAI	0.9	1	1	0
Beauty	AM1RY9QMBR9BJ	0.94	30	34	0
Beauty	AM71JIFY00NKJ	0.88	51	201	1
Beauty	AMGM73M3JHWEA	0.88	51	201	0
Beauty	AMRMK86X3PKXD	1.0	4	4	0
Beauty	AMS8PUHZCGJZG	0.98	51	201	0
Beauty	AMUXU4POKNEGG	0.96	51	201	0
Beauty	AN1K7LC331CJ2	0.88	10	10	0
Beauty	AN3PC88UFEQ28	0.86	1	1	0
Beauty	ANJHAYWIR79WK	1.0	51	201	0
Beauty	AO5UTGX62XHPQ	0.9	51	59	0
Beauty	AO7E57UAQHYJA	0.86	51	201	0
Beauty	AO7FNRCNXD8UU	0.96	51	201	0
Beauty	AO96PLO6E3MJC	1.0	51	69	0
Beauty	AOF5LPPFGS9LJ	0.9	51	201	0
Beauty	AOPDKU2TYYU8K	0.9	51	201	0
Beauty	APE2YW9D1JPP7	0.86	51	120	0
Beauty	APFHNZ5XXQ87R	0.8	51	201	0
Beauty	APG8YOWMAHRPG	1.0	51	89	0
Beauty	APZX9O17BHVTG	0.88	1	1	0
Beauty	AQJL058KMF7NN	0.9	51	201	0
Beauty	AR6XPJLA0UYVE	0.92	51	201	0
Beauty	AR8BLVM8V9MSR	0.98	51	201	0
Beauty	ATJZ2IBUD9NML	0.84	51	201	0
Beauty	ATQJGEZNPHDVO	0.9	51	201	0
Beauty	ATT0WWCICZUWD	0.98	15	15	0
Beauty	ATZDGPMWR6N5D	0.9	51	201	0
Beauty	AU256DDJD43PL	0.96	51	201	0
Beauty	AU6W46CUQBHZR	0.92	24	24	0
Beauty	AUF0N5SPOYWD	0.98	17	18	0
Beauty	AUJ6L5MSMGXHB	0.98	51	201	0
Beauty	AUOKZGW7ZSFDQ	0.88	51	201	0
Beauty	AUZ8FSNOTA0DN	0.94	51	201	0
Beauty	AV5980KJFVGCG	0.94	51	133	0
Beauty	AV6823XS14U41	0.88	51	201	0
Beauty	AVZVX51EXLABO	0.86	51	201	0
Beauty	AWZM1G83QMMSR	0.84	51	201	0
Beauty	AX3DSWK3WK06K	0.86	51	201	0
Beauty	AX5ORXVS062F1	0.8	51	201	0
Beauty	AXE2V202CT93M	0.9	51	106	0
Beauty	AYIVP2Q1XP3H8	0.86	51	201	0
Beauty	AYQ14XGJODM9J	0.92	51	201	0
Beauty	AYRFF08N8GZKF	0.96	51	201	0
Beauty	AYUF7YETYOLNX	0.98	51	110	0
Beauty	AZAE1LVHY66WS	0.9	51	201	0
Beauty	AZIFU5UI0G71E	0.9	51	73	0
Beauty	AZM2QKIIGG9I2	0.84	51	192	0
Beauty	AZSWYOYUCD81E	0.72	51	201	0
Beauty	AZZIOU48NE8PC	0.98	51	201	0
