dataset,sample_key,prefix,legal_children,teacher_mass_error
Toys,A11G2ZH0OXPNKV:1:B000AM2K56,0 467 1476,186,0.0
Toys,A11UKK38O196PP:1:B0037UWGWK,0,30,5.960464477539063e-08
Toys,A13AEVWGNTJDPG:1:B00AHAJGXK,0,30,0.0
Toys,A13MZ8L5DC4JHC:1:B002YI6FC8,0 740,53,0.0
Toys,A13TQCPGBIZHGQ:2:B00C58IAFC,0 2412 1026,24,0.0
Toys,A13W9RXN8Z6F4J:4:B000FPHGW0,0,30,5.960464477539063e-08
Toys,A14A08BE9EVH1M:1:1933054395,0 2100 1073,31,0.0
Toys,A14DNCG5WHM86Z:32:B00CJHZRW8,0 16352,25,1.1920928955078125e-07
Toys,A16A81C3ELWURB:3:B00005UNAV,0,30,1.1920928955078125e-07
Toys,A16B4Y9FEFZHIQ:3:B0027CS7BI,0 3127 4223 6644,2,0.0
Toys,A16MNAUMOFXBBM:12:B0006PJ0JG,0 21677,25,0.0
Toys,A16VKDH5Q1R8WO:2:B00BNQEVXM,0 1041,27,1.1920928955078125e-07
Toys,A16Z8BC0WQB0RD:4:B004Q6IDP8,0,30,0.0
Toys,A17SN5WJ6RRKV1:2:B000SQNAQC,0 3186,21,0.0
Toys,A18LURVBV82KW2:8:B00CKH9SEK,0 3203 9052,21,5.960464477539063e-08
Toys,A19WEEGB05YAZ3:12:B005XLN97M,0 9062,26,5.960464477539063e-08
Toys,A1BYMJ1L55TR74:3:B000GKXWZO,0 17582,24,0.0
Toys,A1C02Z83O2MJHO:16:B00004TYF2,0 467 895 12540,6,0.0
Toys,A1DVPPJFMIVKXZ:1:B00AOHDC4A,0 14295 4232,96,0.0
Toys,A1E5WXNTI7EO2A:8:B00ARQW1O0,0 17582 1464 8453,2,0.0
Toys,A1FDGTMD25Z2SJ:1:B00008MIGQ,0,30,0.0
Toys,A1FDRF4X6XK7YB:2:B00B2HGOEQ,0 740 23693 4793 23997,2,0.0
Toys,A1FQNNX80WYWKR:10:B000GBNXA2,0 26190,29,5.960464477539063e-08
Toys,A1FQNNX80WYWKR:20:B001PGP34G,0 2100 687,18,0.0
Toys,A1FQNNX80WYWKR:46:B000DH333G,0 14351,25,1.1920928955078125e-07
Toys,A1G6MKZORYFPCJ:3:B002AHOY94,0 2341,23,0.0
Toys,A1GCFTFXELCHRP:3:8499000606,0 3127 21622,21,0.0
Toys,A1GF0Q8VRMJDNF:21:B007Q0OUZ8,0,30,0.0
Toys,A1GJHYOS9T56GR:4:B000V825HM,0 740 615,25,0.0
Toys,A1GXJW4152V4LJ:2:B000S1CF5E,0 3186 10451,9,0.0
Toys,A1HX7TOA3H1FC1:2:B003YALJJE,0,30,0.0
Toys,A1I3V27PM18LJF:4:B001W0J17K,0 2244 13243,16,0.0
Toys,A1I7X9OCFFF5M9:5:B000283X3G,0,30,0.0
Toys,A1IBKN1GXYJ3K4:16:B002NPBT50,0,30,0.0
Toys,A1ICE733PRQHWF:14:B002VUC1DQ,0 1041 5638,63,0.0
Toys,A1JHXOJ6203FDL:3:B0021GBBFE,0,30,5.960464477539063e-08
Toys,A1KDU8GVKJAJV8:4:B0007Y4DLG,0 3186,21,0.0
Toys,A1KI3173CO6TK2:5:B004Z1JUJ2,0 14351 9760 21567,3,0.0
Toys,A1KUOIHEOZ7C0C:1:B000BNC9P0,0,30,0.0
Toys,A1LCO3C4LIJANB:1:B000ETRENI,0,30,0.0
Toys,A1M5ZT35YX6TIN:11:B008HYGFEG,0 2244 561,2,0.0
Toys,A1M5ZT35YX6TIN:17:B007LL7N4C,0 17582 1723 3691,7,0.0
Toys,A1MCQLJGZ2ODCK:8:B004P95A3O,0,30,0.0
Toys,A1MZEMD0EDETS6:28:B00CPHX6YI,0 2100,31,0.0
Toys,A1NC9AGZOBI0M1:15:B00CJO90ZG,0 9062 9079,18,0.0
Toys,A1Q48I7K1Y6K5T:8:B00A92GJIQ,0 2244,29,0.0
Toys,A1Q98ZMHZXOYWI:3:B00CND7Y2E,0 2412 1490 3272,4,0.0
Toys,A1RJM9LMUZD1S7:1:B0019ICP4Q,0,30,0.0
Toys,A1RPA3DYLU7PM0:4:B006O6FIE2,0 467 895,74,0.0
Toys,A1RULH2QPYJ2PT:4:B001UIMB0I,0 5364,25,5.960464477539063e-08
Toys,A1RZAT5C8OLHD9:3:B002MUR1JY,0 1041 29885,13,0.0
Toys,A1S7YQQGJPPFLG:9:B004ZX141C,0,30,0.0
Toys,A1TQ5FDVK8740T:3:B000KK22LU,0 14295,44,0.0
Toys,A1TYL7W9P69DU5:8:B006RQ8UNA,0,30,0.0
Toys,A1U9EX5JY2P5IH:4:B000ENW6LO,0 17582 1228 22421,3,0.0
Toys,A1V23RXLRBR73T:9:B0085Y3MTO,0 1871,29,0.0
Toys,A1VJ1I17SJC98V:1:B00021HB9K,0 467 3186,11,0.0
Toys,A1WA9YMKWDQGZZ:2:B0042ESGVA,0,30,0.0
Toys,A1WR3SVI3YRADM:5:B007XVYQRM,0 14351,25,1.1920928955078125e-07
Toys,A1WR3SVI3YRADM:7:B00BQYQYFY,0 1871 3470,36,0.0
Toys,A1X20H3IDP03YF:1:B0042HOTYA,0,30,1.1920928955078125e-07
Toys,A1XPCPUD3BME48:2:B008W1BUDU,0 11109 16713,13,0.0
Toys,A1YKXVGAIA8952:12:B0041Q3UME,0,30,0.0
Toys,A1Z0LTKUA6F94D:22:B009OLANMG,0 17582 1723,6,0.0
Toys,A20NJDGEHKUTS1:2:B0001WCX3E,0 14527,19,0.0
Toys,A20ZNRP97VQQH6:2:B002UQ39EQ,0 2412 1490,3,0.0
Toys,A2252WG7M6J74E:1:B0019IF8ZO,0 2244 23693,4,0.0
Toys,A22S7D0LP8GRDH:8:B00421AGJI,0 2412 7429,19,0.0
Toys,A2341MIGVAIESJ:1:B0044N2EJO,0 1041 24856,7,0.0
Toys,A24R3MG4NY5CLQ:2:B002NPBT50,0,30,0.0
Toys,A2504Q397ZYXRW:2:B004B9J5BQ,0,30,0.0
Toys,A2507ZYWGMY9BK:4:B004RSGCFI,0 21677,25,0.0
Toys,A25RMP51FP664I:7:B00CI6J8L6,0 9062,26,0.0
Toys,A25TT44FXNV0F0:5:B00C6Q4FTS,0 14295 12563,6,5.960464477539063e-08
Toys,A267TZ9RXEOUFU:2:B00DW58ENU,0 467 1476 7081 27307 10875,7,0.0
Toys,A267YDFDZKKQWN:6:B001AYYA7E,0 19819,15,0.0
Toys,A269WG8C9O2B0C:3:B000GIL2DU,0 14527 2264 7022,3,0.0
Toys,A2701UXI8QGRHE:2:B005UWYK22,0 740 9931,44,0.0
Toys,A27UGQK54EF3MJ:5:B00CBT7NIK,0 1871 1861 14406 1125 9050,2,0.0
Toys,A28BUET3I8UH96:1:B0001YNLJW,0 3186 14018,25,0.0
Toys,A28BV2W5BO5KFU:3:B006CD202A,0 1041 18612,15,0.0
Toys,A28JP9DX106FQD:1:B004478GIS,0 14295,44,5.960464477539063e-08
Toys,A28PHO540GK9US:18:B001DZOG1U,0 14295 6330 7390,2,0.0
Toys,A28PHO540GK9US:21:B00B0DW9KU,0 17582 2198,25,1.1920928955078125e-07
Toys,A29HCH8AZRNH90:14:B004XPIQIQ,0 2100 4605,27,0.0
Toys,A2A5IS27B68PTN:1:B0007YDBLE,0 21677,25,1.1920928955078125e-07
Toys,A2AHGR1EMFXB1E:2:B009NFFZH6,0 3203 9052,21,0.0
Toys,A2AYJJAFNSGSU1:63:B004P5O8I6,0 2948,27,0.0
Toys,A2BQ60C7U39UDG:2:B001JK4MRM,0,30,0.0
Toys,A2BSAB56O2Z9L4:1:B004A8ZRBA,0 2100 1073 540,3,0.0
Toys,A2BZ16RKE13PKV:46:B00ARQW0M8,0 467,24,1.1920928955078125e-07
Toys,A2C5V5VRE1FK3W:6:B001ENIVJY,0 17582 1464 8453,2,0.0
Toys,A2C94BC2A52GZU:1:B0009PAMY0,0,30,0.0
Toys,A2CT2SA6KFE8GC:1:B004S6EAYY,0,30,0.0
Toys,A2DYU822H8N22X:2:B003BKR8N8,0 2948 4672 7619,2,0.0
Toys,A2EDTVVR9IFNLW:9:B00BG8F0IW,0 467,24,5.960464477539063e-08
Toys,A2GWI8ETASAKJS:11:B007RTAR64,0 14527 5612,35,0.0
Toys,A2HWCL2JV6FW0A:2:B0034E81U0,0,30,0.0
Toys,A2IX78SEP2XHA:8:B001UHBDE4,0 14527 11773 5612,2,0.0
Toys,A2JB3U70NTYSOD:2:B005A54XF8,0 740 2095,18,0.0
Toys,A2KDVBSUDTG8WQ:15:B00000IW2S,0,30,0.0
Toys,A2KIFQR33XXCWJ:4:B001KW063S,0 2412,20,5.960464477539063e-08
Toys,A2LYRRWF5UZ2WO:4:B0000DJ3DW,0 2100 649,23,5.960464477539063e-08
Toys,A2MOD50IHEDH3G:15:B00BG8F0IW,0 467,24,0.0
Toys,A2MX85R9XJXO9I:3:B0045H0L1W,0 2100 659,31,0.0
Toys,A2NCWLAWOVCKF7:2:B000096R0P,0 1871 9013,14,0.0
Toys,A2NSRS3UG2KG2H:10:B007PVHMCG,0 467 895 12540,6,0.0
Toys,A2OAQHQRJQP6J7:23:B0038ANQ0U,0,30,5.960464477539063e-08
Toys,A2P823DR06AN1K:1:B005VQ78US,0 4183,22,0.0
Toys,A2PFUJ2R69R6E9:3:B00428ZTQG,0 1041,27,0.0
Toys,A2PZJUCU65CMBM:4:B00006654A,0 387,24,0.0
Toys,A2QX7NV9PZEV8T:11:B000GL1DI6,0 2100 11925,53,5.960464477539063e-08
Toys,A2RIAXGSBP65BJ:52:B00B1Z6G1U,0 14351 9760,24,5.960464477539063e-08
Toys,A2RV8B3LE13PCP:3:B00428LJ0Q,0 16352,25,0.0
Toys,A2S2DZ1S2KLOX8:1:B0073R7HG8,0,30,5.960464477539063e-08
Toys,A2T7GZ74MZI0MN:3:B0026TJYY6,0 11109,27,0.0
Toys,A2TC4FQGHFHA5K:12:B003F8HSAE,0,30,0.0
Toys,A2TNYWM7C0EVQI:2:B0037XA2KK,0 2244 3034,22,0.0
Toys,A2TW7DLAOEO5Y:5:B0095XOPF4,0,30,0.0
Toys,A2UZWRTYAM5ROV:3:B003H4ZVH8,0 2100 1088,28,0.0
Toys,A2V5R832QCSOMX:7:B007RTFZX4,0,30,0.0
Toys,A2VAD79S4A06DD:1:B0015KVAEE,0,30,0.0
Toys,A2VNZL6829HGRI:2:B00000IRZ4,0 5364,25,5.960464477539063e-08
Toys,A2W188L2F23EAV:1:B00592BOAO,0,30,0.0
Toys,A2WFZWRYWLC20S:13:B00AOHDC5Y,0,30,0.0
Toys,A2WFZWRYWLC20S:9:B008MTYWGE,0 19903 14761 4045,3,0.0
Toys,A2WTZYJFWNRAOI:3:B00H7LKW8U,0 16352,25,0.0
Toys,A2Y9ZKMKFGS5D9:1:B0093N52IK,0 14295 1871,42,5.960464477539063e-08
Toys,A2YB7DLC3FOR7W:7:B005688T5E,0 14527,19,1.1920928955078125e-07
Toys,A2YKN8E68KVMZL:2:B00804BDE0,0 17582 14741,3,0.0
Toys,A30BH3XSZWA8R9:1:B000OCP19Y,0 467 1476 2729,3,0.0
Toys,A30LAVLDNH4JR0:6:B007J3FBLO,0,30,5.960464477539063e-08
Toys,A31A98L6NJN01:2:B0036INP7I,0 2244 23693 4793,3,5.960464477539063e-08
Toys,A31AKXUO3FYRN6:2:B003I86C94,0 9062,26,0.0
Toys,A31H1PCPD00EWA:3:B004I8V70C,0 2341 2383,9,0.0
Toys,A3212H6SF9W1LV:20:B00CKH9URK,0 467 895 12540,6,0.0
Toys,A327T6QO89BN3O:5:B000ELSZT8,0 740 19655,5,0.0
Toys,A32Q4VQWGJRF04:2:B00000J161,0 26190 3171,4,0.0
Toys,A33WQU9772WWFS:5:B001Q3KU9Q,0 467 17996 2235,2,0.0
Toys,A34KTJ4VWNBOHI:4:B00H64YYWS,0,30,0.0
Toys,A35GP64E7LQL80:3:B00385MZYS,0 14351 9760,24,0.0
Toys,A35Q0RBM3YNQNF:2:B004SGS3OM,0 740,53,0.0
Toys,A361L1YPBCQY3D:2:B004LKWP8K,0 5364,25,0.0
Toys,A364A1DZ18Q0TY:2:B001PGP33C,0,30,5.960464477539063e-08
Toys,A369R4MUZCUI3D:1:B0002HWFV8,0 2100 671 6682,3,0.0
Toys,A38C12950IM24P:8:B00E2K3498,0,30,5.960464477539063e-08
Toys,A3AYSYSLHU26U9:2:B004S8F7QM,0 740,53,5.960464477539063e-08
Toys,A3BGQMHZA5317Z:5:B004TGVNHA,0 2948,27,0.0
Toys,A3C6ECCMS00GK:25:B000S0VQD2,0 14527 1431,9,0.0
Toys,A3E0CV9614GQJV:7:B008MTYWNC,0 740,53,0.0
Toys,A3E7PLJ501F5MN:5:B0036MDNMQ,0 14527,19,0.0
Toys,A3EP4YIS9W1LR1:2:B001ELK4K0,0 1871,29,0.0
Toys,A3I4H0OVHG3MCB:2:B006CD39XE,0 9062 9079,18,0.0
Toys,A3JRK240EEJ82X:6:B0007XIDVS,0 3127,21,0.0
Toys,A3KG83E6FXM0BD:2:B0012ZI4HS,0,30,5.960464477539063e-08
Toys,A3KHBA1XUN2YKE:3:B005XTLP84,0 2244,29,0.0
Toys,A3KKO4KDS1IA9D:3:B0010XAJI4,0 3127 7171 2999,4,0.0
Toys,A3L66JCRU6XF8I:2:B00000J4HK,0 740 2056 4124,3,0.0
Toys,A3M606TBE6C5N4:1:B001FD646A,0 2100 1088,28,0.0
Toys,A3MEMX0XF00TBD:17:B003WE34HC,0,30,1.1920928955078125e-07
Toys,A3MEMX0XF00TBD:24:B000EQGT00,0 3127 7171 2999,4,0.0
Toys,A3MFU0GVZUVH3K:2:B000QX50JC,0,30,5.960464477539063e-08
Toys,A3MRUIKOIGZ6QY:16:B003N3RJDW,0 467 895,74,0.0
Toys,A3MW9L1WLPE2EI:4:B003WFOOPC,0 17582 8553,23,0.0
Toys,A3NHUQ33CFH3VM:21:B004ORV2WK,0 11604 6541 11492 693 3954,4,0.0
Toys,A3NHUQ33CFH3VM:2:B00000IZQP,0 2412 1490,3,0.0
Toys,A3NHUQ33CFH3VM:45:B00CKH9URU,0 9062,26,0.0
Toys,A3NOBH42C7UI5M:15:B0037BMCFU,0,30,0.0
Toys,A3O2GQBY9O9UWI:2:B0032MYYBE,0 1871,29,0.0
Toys,A3OPRY7N8UT2HU:25:B000FNPMZK,0 2244,29,1.1920928955078125e-07
Toys,A3Q5KYQK0U3JEF:1:B000GKATU0,0 1041,27,1.1920928955078125e-07
Toys,A3Q9J4O1ESVB27:2:B003UHCV4S,0 4183 10638 9516,2,0.0
Toys,A3S4U2HQRFURC8:3:B005A54XF8,0 1871,29,0.0
Toys,A3SAX3ROUGQX4B:1:B000E9DPVI,0 14295,44,1.1920928955078125e-07
Toys,A3SIHUZHR1S1A7:4:B00BSWS650,0,30,0.0
Toys,A3SIHUZHR1S1A7:5:B000EXRSI0,0,30,5.960464477539063e-08
Toys,A3SOFFD1YQ23WN:6:B0038OMF30,0 3127,21,0.0
Toys,A3UJN94DC0QRO1:2:B004SL1HU4,0,30,0.0
Toys,A3V481ODRRLB0I:24:B002CICG3M,0 14295 4232,95,0.0
Toys,A3VHSRD9HP88TJ:2:B004Z7H15Q,0 467,24,0.0
Toys,A3VS2RYRGDW4HS:19:B00EAHXN6M,0 14295,44,0.0
Toys,A422TIGQH6GJ5:2:B000W7JWYG,0,30,1.1920928955078125e-07
Toys,A4EKH4B0OJQHB:2:B0035CCDPU,0,30,0.0
Toys,A5BXA4BQOK0S2:1:B0009P5YXO,0 467,24,0.0
Toys,A5GH0YNIDP48P:3:B002VC2T5O,0 2100 671 1088,4,0.0
Toys,A5ILSK8L8KZ9L:1:B00021HB9U,0 2100,31,0.0
Toys,A5JLAU2ARJ0BO:17:B005688T5E,0 467 895 12540,6,0.0
Toys,A5L8L4IQTDNAS:1:B000N5QNSK,0 467 895,74,0.0
Toys,A5N3LRVSC01Z5:2:B001JK4MRM,0 740 2095 26647,2,0.0
Toys,A5W21FCENJQ4Q:1:B003S9W4BI,0 467 1476,186,0.0
Toys,A6LUXI8I8BU6P:9:B002LFCQX6,0 740 7379,27,0.0
Toys,A763Z2F0WMWRC:18:B001Q3KUA0,0 467 895,74,1.1920928955078125e-07
Toys,A763Z2F0WMWRC:19:B001UO0EPQ,0 467 895 12540,6,0.0
Toys,A7RKMGNPH9BNB:1:B005OHLAG2,0,30,1.1920928955078125e-07
Toys,A7T9ZJ8Y360FY:3:B003UM79EU,0,30,0.0
Toys,A8IE2T3J9KRP3:2:B000GR75SC,0 5364 3337,9,0.0
Toys,A8IF4ZBZRY86C:7:B00CI6J5JQ,0 467 895 12540,6,5.960464477539063e-08
Toys,A8IQHTL91HIVG:7:B006CD31RI,0 740 9013,18,0.0
Toys,A8UAYFMQ4A5HA:3:B001AO13TM,0 1041 620,13,0.0
Toys,A90P35KV9UFX4:4:B004P95A3O,0,30,0.0
Toys,A9RSMV1C8Y8FH:5:B000ID2YBW,0 2341 159 4226,3,0.0
Toys,AAD2456J0SZOL:11:B00253T7R2,0,30,0.0
Toys,AAUL61ULBJGCR:2:B00A88FLI0,0 2100 6770,26,0.0
Toys,AD8V3PZKCDZJC:2:B007J3F9V6,0 5364 809,3,0.0
Toys,ADBT2QYXGQCSJ:2:B00AWP7Q5A,0,30,0.0
Toys,AE24ZJRHI2DU8:2:B000FHQJLW,0 1041 3214,14,0.0
Toys,AESP85A047YKK:4:B007DW6DDQ,0 1871 3470,37,0.0
Toys,AG0830H1DBLD:12:B00004U31Z,0 17582 2198,25,5.960464477539063e-08
Toys,AG1ELQC8M7CVP:1:B001P06GX4,0 467,24,0.0
Toys,AG67B39RYPAGM:1:B002C4BAHO,0 740 615,25,0.0
Toys,AGHIUO1B3IF8H:19:B009PLLF9K,0 3203 9052 8980,3,0.0
Toys,AHP5BP2PTZXUG:4:B00007L12U,0 14295 4232,96,5.960464477539063e-08
Toys,AHXMDCU0N15TN:2:B00146G72O,0 9062 4987 15133 9502,2,0.0
Toys,AIP2WTTA8E6K3:6:B00C16YWYQ,0 1041,27,1.1920928955078125e-07
Toys,AJV985MKGCIQ0:8:B009Q3JECW,0 467 895,74,0.0
Toys,AKFLWRYLFGDIO:4:B000ETRF3W,0 2100 671 1088,4,0.0
Toys,ALCXODPDVCNFQ:5:B000FQ9IG6,0 467 895,74,1.1920928955078125e-07
Toys,ALOZGQ09GA3G8:3:B005WYFLNU,0 5364,25,0.0
Toys,ALUZO8SLEA7S4:7:B005KBXVUU,0 3127,21,1.1920928955078125e-07
Toys,ALUZO8SLEA7S4:8:B005VPRD2M,0 3203 2592,10,0.0
Toys,AM3FLDRMZ53YM:3:B00428LJ0Q,0 26190,29,0.0
Toys,AMEZVNCZWNEKU:7:B00BJ8CSM0,0 2100 649 6676,2,0.0
Toys,AMW1OYXWOGZGJ:7:B000YFSZU8,0 19903,23,0.0
Toys,ANYTXWI3WZDCH:4:B0039S7NO6,0 14295 515,10,0.0
Toys,AOV866IF1I9PO:2:B004P98O6Y,0,30,0.0
Toys,API5JLBRT6FIN:17:B004ORV2WK,0,30,0.0
Toys,APRU373UYVK2Y:2:B007EA4UBY,0 2100 1073,31,0.0
Toys,APT8KT26KZZHN:3:B00BH0G9NE,0 2100,31,0.0
Toys,AQL7OP8RXE3SK:1:B001RPWM7Q,0 9062 25226 2766,2,0.0
Toys,AQZH7YTWQPOBE:36:B00CFELV16,0 467 895,74,1.1920928955078125e-07
Toys,AQZH7YTWQPOBE:4:B0041HNSAW,0,30,5.960464477539063e-08
Toys,AR2IRQZ0U121M:1:B006WAJM1A,0 14295,44,0.0
Toys,AR6287X5D32FO:3:B006O6F25W,0 2100 1996 11607 4076,2,0.0
Toys,AR6287X5D32FO:4:B00BSWS650,0 19903,23,0.0
Toys,ARFCORBCTKX1J:5:B006X9KV6U,0 467,24,5.960464477539063e-08
Toys,AT5YCYCBFBXW0:3:B005JAH2CU,0 740,53,1.1920928955078125e-07
Toys,ATDE9JYCPI0L1:3:B00508OLNY,0 387,24,0.0
Toys,ATMQEI1LKR6VB:6:B0083TXXTA,0 2100,31,0.0
Toys,ATTSRFD8TJE6R:7:B008IZH4EO,0 11109 1040,16,0.0
Toys,ATY70MUHFXL6K:6:B00199LDRA,0 11109,27,0.0
Toys,AU43F412YLCAC:1:B000038A89,0,30,0.0
Toys,AUGSWHKRHSHCB:3:B005ZWJDBA,0 17582 1723 3691,7,5.960464477539063e-08
Toys,AUV3OR951650C:31:B00C6PXLMQ,0 14527 5612 7568,4,0.0
Toys,AUV3OR951650C:33:B00CBKXEMI,0 14527 5612 7568,4,0.0
Toys,AUYKXRJOPHWG2:5:B000VNVVK4,0,30,5.960464477539063e-08
Toys,AV0LB83EE35PX:1:B000VYYOF2,0,30,0.0
Toys,AVHN134ADVP4R:18:B006ROJP7M,0 14527,19,0.0
Toys,AVJJ2D4G5I0Z4:6:B00499CVBE,0 3186 10451,9,0.0
Toys,AVXEPHCPSU4KY:3:B008L0HMIY,0 14527,19,5.960464477539063e-08
Toys,AW9BJULSBM5Q:1:B0070A9OUA,0 14351 9760,24,0.0
Toys,AWZDP3WYBUY88:2:B0000BX8MA,0,30,0.0
Toys,AY8NAG7ARNGMR:2:B005T3R9FM,0 14527 5612,35,0.0
Toys,AYFNBZRZR4E6P:2:8499000606,0,30,0.0
Toys,AYLAZUCGWB6IE:8:B001W30D2O,0 11109,27,0.0
Toys,AYRG78R5UMBZX:2:B004C03O2A,0 2100,31,5.960464477539063e-08
Toys,AZKGCE3LNX7WB:2:B0040GK7I0,0 3127 2738,40,0.0
