pair_index,near_left,near_right,near_lcp,near_collaborative_cosine,near_frequency_bins,far_left,far_right,far_lcp,far_collaborative_cosine,far_frequency_bins,near_score_correlation,far_score_correlation,correlation_excess
0,B0018ZMU04,B0018ZRTZA,5,0.0,1|3,B000N8CN4U,B004799QZA,0,0.0,1|3,0.9811935601324229,0.47527431748612764,0.5059192426462953
1,B001KYPZRS,B002L6PWZO,2,0.0,1|3,B001G7OCSM,B004CG0XIW,0,0.0,1|3,0.9762497554758992,0.36687725477022143,0.6093725007056778
2,B003VMXYLG,B004NMTMUK,2,0.0,2|3,B00074XC68,B00365DABC,0,0.0,2|3,0.9687129910866454,0.5041905859075143,0.4645224051791311
3,B004TSF95U,B007O7AZ3O,2,0.0,2|3,B000VEN3RW,B005WTLB9S,0,0.0,2|3,0.9503068077085304,0.19407465880644464,0.7562321489020858
4,B001ECQ4TY,B0041ERPPE,2,0.0,1|1,B001BR97A0,B008VSJFQ8,0,0.0,1|1,0.9098481119138454,0.5622508407464482,0.34759727116739725
5,B002QAV560,B004A8LFJI,2,0.0,2|2,B000142P12,B0033WSTXM,0,0.0,2|2,0.9060181101039849,0.602977168416167,0.3030409416878179
6,B001AO0WCG,B002CMLS50,3,0.0,2|4,B001P92FMG,B004YBW5T0,0,0.0,2|4,0.9658677620476677,0.36722171150567,0.5986460505419977
7,B003VMMMUK,B004NMYM96,2,0.0,1|1,B0015H0TS0,B0023AV2UM,0,0.0,1|1,0.9543909333085844,0.3826163079902672,0.5717746253183171
8,B000X81832,B004MBJKRC,2,0.0,1|2,B000S7ZT6U,B0075GXW0W,0,0.0,1|2,0.771208923172717,0.29672696380944097,0.4744819593632761
9,B003I6MLN2,B004Y9JURC,2,0.0,2|3,B004TSF95U,B00JL2TURM,0,0.0,2|3,0.9545663195909538,0.2873310830221953,0.6672352365687586
10,B003VMTZ8C,B004NMYM96,2,0.0,1|2,B0006N29AU,B00A4DSLK4,0,0.0,1|2,0.9404309809618987,-0.13345052223499254,1.0738815031968914
11,B004NMVP82,B0057UPOJ0,2,0.0,1|1,B004O752PI,B00AEIVIGS,0,0.0,1|1,0.9562293714189671,0.29846043432810504,0.6577689370908621
12,B002LZYVWA,B006RFZ9IK,2,0.0,2|3,B000P9DS4Q,B004REGO00,0,0.0,2|3,-0.12851993346338694,0.6259836344379445,-0.7545035679013314
13,B0013OXHYI,B003MJ7Z0O,2,0.0,2|5,B000H3O90C,B004Z40048,0,0.0,2|5,0.8594661626183365,0.43768890946302097,0.42177725315531556
14,B003ZUZDD6,B004NMYM96,3,0.0,1|2,B000FQOQ5Y,B0016A8DT8,0,0.0,1|2,0.974061894370106,0.3263901523014879,0.6476717420686182
15,B002LIXTFC,B00CFRBIC0,2,0.0,2|2,B005KCAGEI,B008RRX9CE,0,0.0,2|2,0.722761146890727,0.7031741875125459,0.019586959378181112
16,B005UKRRKG,B005UL1B34,2,0.0,2|4,B009RNUH8G,B00GLE8SNK,0,0.0,2|4,0.9829202015984185,0.010009466055085006,0.9729107355433335
17,B003VMUIGK,B006EOCS1U,2,0.0,2|2,B0002XY3QC,B000AM82US,0,0.0,2|2,0.9715769030238951,0.6180712404803289,0.3535056625435662
18,B004UKENRC,B00AE07BDU,2,0.0,4|4,B000YZLP4Q,B005C5FP9Y,0,0.0,4|4,0.38176250638145465,-0.05446003339004092,0.43622253977149555
19,B000ILKUT2,B001441QCW,6,0.0,1|2,B003XRZQ42,B009ZFMJVE,0,0.0,1|2,0.994866419261312,0.3674739758323265,0.6273924434289855
20,B004LUVN10,B00A7FS2OO,2,0.0,1|2,B000YBZIAC,B005P4NQJ8,0,0.0,1|2,0.8875525074918249,0.2612172026369987,0.6263353048548261
21,B004A8Y63A,B004ZWH4JO,2,0.0,1|1,B0002G214U,B0036Q7ZYY,0,0.0,1|1,0.9462660918164706,0.3209090362140829,0.6253570556023877
22,B000VDUOFM,B003ZS4WJY,2,0.0,2|5,B00016XJ4M,B00070QF20,0,0.0,2|5,0.9270735593197045,0.4877275049123288,0.4393460544073757
23,B001KYVOJQ,B0032CDFCS,3,0.0,2|3,B001KYVOJQ,B00KH6F6TM,0,0.0,2|3,0.9298581674934989,0.3617831736423423,0.5680749938511567
24,B001E6OC44,B003TG9C74,2,0.0,1|2,B00021W26M,B00L0C529Q,0,0.0,1|2,0.9198279363230144,0.5815524956292323,0.3382754406937821
25,B000ZV0D9W,B002VCJHU4,2,0.0,2|4,B0000530ED,B0009OAHC8,0,0.0,2|4,0.9038603199980813,0.05831434342963506,0.8455459765684462
26,B003VMU63K,B004SS6IKG,2,0.0,1|4,B0045W4X16,B0052BHMOO,0,0.0,1|4,0.9690980692641392,0.21805257334857148,0.7510454959155677
27,B0002PCH2M,B0014JXVR0,2,0.0,1|1,B005T306QG,B00IAMTLS2,0,0.0,1|1,0.8370703395148066,0.3101619968096231,0.5269083427051835
28,B001126Y6A,B0094G3M6A,2,0.0,1|3,B000FP7ZLM,B0039NMCPG,0,0.0,1|3,0.9508062977022939,0.19618080115070172,0.7546254965515922
29,B00154MOEU,B003ZS1O7W,3,0.0,2|2,B001CN3QKK,B009OY8GK4,0,0.0,2|2,0.9841222190559045,-0.10201606482612831,1.0861382838820328
30,B003BMNE4I,B004BIZ69W,2,0.0,2|3,B000U4WNC4,B0092SVTGA,0,0.0,2|3,0.6161468745313503,0.5311229494650389,0.0850239250663114
31,B001C60YA2,B004D1NSVK,2,0.0,2|2,B000CSDDDG,B008EDAZCI,0,0.0,2|2,0.9557905190281941,0.19443589436575368,0.7613546246624404
32,B0000536M2,B000Z43P80,2,0.0,2|3,B000FH4T3M,B008148R8E,0,0.0,2|3,0.9724060827306863,0.6636367131313129,0.3087693695993734
33,B00013YZ7U,B001ET77NY,2,0.0,2|3,B001E96MUI,B002B4GGUG,0,0.0,2|3,0.9690936003322032,0.5817709591819377,0.3873226411502655
34,B000ZV5SLK,B004GFR3GY,2,0.0,2|3,B000F5AG5E,B00EHWP67E,0,0.0,2|3,0.9310659486382344,-0.4932364852607934,1.4243024338990278
35,B0082D69H0,B0082D9SUK,5,0.0,2|3,B006HWGSEM,B00GYB1ECW,0,0.0,2|3,0.9879931553494262,0.0015375618305712017,0.986455593518855
36,B003ZUOCN8,B0057UPOJ0,2,0.0,1|2,B003YELGF2,B004FKNYWW,0,0.0,1|2,0.9503216411806484,0.178072179741962,0.7722494614386864
37,B003Y57G7I,B0050RY36K,2,0.0,1|2,B0009EXOP0,B001D0CWQG,0,0.0,1|2,0.8933959018966876,0.6295310293831057,0.2638648725135819
38,B0007CXWWY,B00AWLB9I4,2,0.0,1|4,B000RGZK02,B001PLOCVG,0,0.0,1|4,0.6156764149445325,0.5263591924849366,0.08931722245959595
39,B00008MNZH,B00BGBUQXS,2,0.0,1|3,B0041ERPPE,B0060HOOA4,0,0.0,1|3,0.9261073445814831,0.0005107579954126913,0.9255965865860705
40,B000L9YYTS,B000WBBHXG,2,0.0,2|4,B000VBDWQC,B000VQEQXA,0,0.0,2|4,0.5164845805935072,0.4916716733193823,0.02481290727412494
41,B003VMZYSC,B004NN0FIW,2,0.0,1|2,B000VUYHSU,B008JVZMDM,0,0.0,1|2,0.9662285998913267,0.21089377969881767,0.755334820192509
42,B0009PVV4A,B001T0HHBK,4,0.0,2|2,B001183N9K,B009GYVMAS,0,0.0,2|2,0.9560834525683933,0.4605838573870837,0.49549959518130965
43,B00008MOQN,B008JH1CB2,2,0.0,2|2,B003DGWTXE,B004WSXD4G,0,0.0,2|2,0.9678870757567838,0.006608270714314563,0.9612788050424692
44,B008PTPSF0,B009LYB2E4,2,0.0,2|2,B000N758A2,B000RTPT8M,0,0.0,2|2,0.9157106181355233,0.5951972828661031,0.3205133352694203
45,B0009I4MKW,B000GFZWE8,2,0.0,1|2,B0001TSJPI,B000U0CAYY,0,0.0,1|2,0.8053859594739712,0.4900482775784001,0.3153376818955711
46,B0019QHUTI,B002UU9Q6W,2,0.0,1|3,B005D0WXPC,B00AHH00TC,0,0.0,1|3,0.9176045490036093,0.4228651796428348,0.4947393693607745
47,B0038YW3BY,B0047WYO1I,3,0.0,1|2,B000G686U4,B003O4DNZS,0,0.0,1|2,0.9751574053479946,0.5273366126582464,0.44782079268974817
48,B0050RY36K,B009ZFMJVE,2,0.0,1|2,B0007R7ABS,B000TUC9AA,0,0.0,1|2,0.7533079717189284,0.3799896657172097,0.37331830600171867
49,B005TT8RPM,B005TT8T4G,3,0.0,1|1,B0011DS3CW,B004IQIR52,0,0.0,1|1,0.6951249175822249,0.39970374250360247,0.2954211750786225
50,B00CRM2SUE,B00HDL5VA8,2,0.0,1|1,B000OFB5QO,B000V4PL22,0,0.0,1|1,0.43564428764750596,0.4327016450776119,0.0029426425698940717
51,B003VMTZ8C,B003ZUZCDC,2,0.0,2|2,B001OG1CWY,B00563K6VO,0,0.0,2|2,0.948888110181387,0.5022261983857934,0.44666191179559356
52,B000052ZB2,B000052ZB4,3,0.0,2|3,B001CY87TE,B00GLS58OS,0,0.0,2|3,0.9477881296133976,-0.13424754365145986,1.0820356732648575
53,B000KVH1QU,B003NW8M1Q,2,0.0,2|3,B0012QD7EC,B004MKHYQM,0,0.0,2|3,0.9606866959994522,0.11166082053613785,0.8490258754633144
54,B00852D7AK,B00852F7YY,4,0.0,1|2,B0012J138G,B006H2Z58C,0,0.0,1|2,0.8613531753266503,-0.03669208208878176,0.8980452574154321
55,B001B488WG,B008VSBREG,2,0.0,1|3,B000KEOQR4,B0057JCYYE,0,0.0,1|3,0.8900750864378851,0.3740529962170589,0.5160220902208262
56,B006LF5WTC,B007RT19V6,2,0.0,1|3,B00005NAOD,B003AYEG3U,0,0.0,1|3,0.9154993735296628,0.44810925939574486,0.46739011413391796
57,B003VMFITM,B004NMYM96,2,0.0,1|3,B002UU9Q6W,B00KNIL36E,0,0.0,1|3,0.9398904261251589,0.3869223814799249,0.5529680446452341
58,B004NMVP82,B004SSTOCK,2,0.0,1|1,B0049D54NW,B004HYLRA2,0,0.0,1|1,0.9490482647252978,0.5072624037323059,0.4417858609929919
59,B000JL3WNW,B002PE9I7U,2,0.0,1|2,B00ARX8GGA,B00BXS0IKU,0,0.0,1|2,0.5517256094677296,0.5186285683894696,0.03309704107826006
60,B000XE67WI,B0036FTF5W,3,0.0,1|2,B0002G214U,B002IDPHBE,0,0.0,1|2,0.8970903106737178,0.6064758142773438,0.29061449639637404
61,B0000AFUTL,B00AK4QS7A,3,0.0,2|3,B000FBK5HW,B004BCXAM8,0,0.0,2|3,0.5622107254421302,0.5679556704850666,-0.0057449450429363225
62,B000CSDDDG,B000EZOC1O,7,0.0,2|2,B002DPUY10,B0081E6YX4,0,0.0,2|2,0.9964487550107192,0.5948523229875758,0.4015964320231433
63,B005XP4YNQ,B00GUTLC0C,2,0.0,2|3,B0028RC5N8,B008BS9YNC,0,0.0,2|3,0.10397325896693427,0.49590681718188406,-0.3919335582149498
