idx	offset	gold	pred	scores
A226GFM0Q9L37H	3	dollbiechelhouse invited	dollbiechelhouse invited||leap ebookcou read me||dollmai pearlbiemer||game board28 coins earn||game cardrenz seekersied||craftsinci salon hair change||drawing markers glitter wonder paper||game board28 luxe collections||setmobilant nice updating||doll alive she surprises shaking||doll accessoriesoxiverymai||baby ballskle rattlewinkel||game board cruchamele||baby fish crawl 49 centers||ney so jealouscia royalty||neyrieltal palace bath||game board28 sorry edition||leap write iphone pencilpod||neyriel afternoon garden lazy||building mari ghostrangboo||game matching spotvarying decorated||neynnie pamper salontique||dollmyander mad monkey||leaprog 2.0 grover||doll accessoriesart cutielittle||game board insights pe pass||game board twist dance rave||drawingcra virtual smartphone fashion||ney princess artistic 120 studio||gameyah dice gamingze||drawing paint watercoloroutlines2.6||pony piestriaque friend||drawinglaoodlecra expect||water poll yacht tropical destination||game board clue72 edition||ney princess guess honored partnership||baby fish303 iphone garage||cars marikarpirha||game board28 spot137||game board carrot holes bun||ney castle fairypos mari1||babytech tree grow 29||ney castle fairypos mari0||pretend kitchen cook shop cart||wagon tri plasmacar 38||doll alive sick she nurturing||drawing eraseboard203 dry||buildingex stem devices automation||baby cameracam project pics||ney castle dream princess ultimate	-0.4747636318206787||-0.5049247145652771||-0.5473421812057495||-0.5550701022148132||-0.5571308732032776||-0.6131251454353333||-0.6394408941268921||-0.6633518934249878||-0.6849188208580017||-0.7212982177734375||-0.7306984066963196||-0.7401276230812073||-0.746771514415741||-0.7670104503631592||-0.7750656008720398||-0.7811229825019836||-0.7886984944343567||-0.7889785170555115||-0.7893552184104919||-0.7953787446022034||-0.7971852421760559||-0.7990261912345886||-0.8097460269927979||-0.8212885856628418||-0.826434314250946||-0.829289436340332||-0.8330358862876892||-0.8382384777069092||-0.8418376445770264||-0.8428025245666504||-0.849101722240448||-0.8499165177345276||-0.856995165348053||-0.857646644115448||-0.8685680031776428||-0.8691933155059814||-0.8740949034690857||-0.8754376769065857||-0.8883590698242188||-0.8901742100715637||-0.8944406509399414||-0.8960152268409729||-0.9044869542121887||-0.912808358669281||-0.9179937243461609||-0.9181576371192932||-0.919079601764679||-0.9198881983757019||-0.9280555248260498||-0.9315967559814453
AGBD6P8Y1E42A	3	drawingcra brushla art	pretend kitchen dish specs emissions||mel food fridge chilleddeciding||pretend kitchen saucepan lid mit||mel pretend bake slice cookies||mel stickers habitatreusable oasis||mel food cuttingsliced fraction||mel food sandwich felt02||pretend kitchen chef specs green||mel food kitchen cream scoop||pretend kitchen0.1 baking dining||mel food shopping cart market||animals pillow closurevelcro2||pretend kitchen chefskraft cook||doll baby bottles juice milk||pretend kitchen vintagematerial feast||drawing paint bottles spill inevitable||set people medical doctor ordered||pretend tea approved drink contain||drawing crayonularang wax||wagon sports basketballcore197||drawing paintpai340 paper||drawing crayon tub bath star||wagon tri plasmacar 38||mel wooden carrier44 17||mel food veggies harvested seasonal||mel stickers pagesreusable five||pretend kitchen flavorfood taste||doll babybornsmelling je||mel stickers sticker padforward||pretend kitchen pastel culinarycup||baby laugh sing opposite click||pretend bio petit hab petits||mel foodrate fruits slice||pretend bio chickengiving baked||pretendhap salad garden choices||wagon equipment coasthill roller||mel stickers sticker couture 700||mel sunny bugs bugologists||pretend dress encompass spectrum importantly||mel puzzle generous newlydesigned||drawing markerssta expressionpers||mel paint brushes handlespainters||drawing glow prest max dots||pretend kitchen espressotown daily||animals puppet lovely authorized finger||mel puzzle chunk beneathpainted4||building science gear...pillar||doll babytellach 27||pretend kitchen cook chef187||animals plusrier76ffe	-0.5884748101234436||-0.6491687297821045||-0.6497946381568909||-0.7650472521781921||-0.7664544582366943||-0.7831888794898987||-0.7898924946784973||-0.7935228943824768||-0.8151692748069763||-0.835698127746582||-0.837931215763092||-0.8385533690452576||-0.8515326976776123||-0.8602527976036072||-0.873802900314331||-0.8863402009010315||-0.8895866870880127||-0.8922668099403381||-0.8950044512748718||-0.9087715148925781||-0.9164767265319824||-0.9253816604614258||-0.9261634945869446||-0.9263732433319092||-0.9266015887260437||-0.9287161231040955||-0.9297177195549011||-0.9337970614433289||-0.9390134811401367||-0.9507157206535339||-0.9510844349861145||-0.9532277584075928||-0.9593421816825867||-0.9755190014839172||-0.9802128672599792||-0.9820702075958252||-0.982610285282135||-0.9828135967254639||-0.9866682887077332||-0.9881767630577087||-0.989109992980957||-0.989456832408905||-0.9917041659355164||-0.9917600154876709||-0.9978228211402893||-1.003566026687622||-1.004193902015686||-1.010424256324768||-1.0310970544815063||-1.0336499214172363
A13WBUX01Q4D35	3	sports videointe wi75	mel puzzlesawtrays playful||wagon luggage trunkcatches integrated1||ney castle154plocind||neyriel coachric song||cars hotcar wheels pack||neyriel figurinemulmine||cars hottreunable warned||cars hotlaneway race||cars race listing pull twelve||mel trunk placement stickersface||sports ball gag necessarily5.7||ney castlequo princess stories||water party favor lua tropical||cars hot elimination mergelane||cars hot trio stunt ramp||vehicles cater catwheelscale||neynnie minnies47||ney tentkos indoor princess||neyriel swimmingthese waist||neycind carriage weddingella||mel puzzle generous newlydesigned||cars hot garage levelstile||dinosaursortedsaurusphal0||cars hot starter07 wall||cars racerais shell turtle||neyara necklace petite gift||ney castle wedding 54 royal||ney castle sleeping beautyplo||ney castleco remembered cake||dinosaursortedsaurusphal1||ney braveridangix||neyriel tub bath tara||actionschl fleurdelipainted||neycind carriageellaplo||cars hotcoping casetele||neycind carriagetransformingella||mel puzzle letter4.9 case||leaprogphon factory letter||neynniegar mi bow||melis ease caregiver art||cars hot wheelscast 20||mel puzzle differentiation latch craftsmanship||neyriel bathbasqui||cars hotcarbox gift||sports partyelf christmas tradition||ney braverid ambitious revisit||vehicles garbage bin trucksbru||mel sortpound benchnaming||game thinkzing tiles bingo||mel magnetic fishing dropping magnet	-0.5765001177787781||-0.5902954936027527||-0.6507572531700134||-0.6859419941902161||-0.6988978981971741||-0.7230913639068604||-0.7442458271980286||-0.7641310095787048||-0.780343770980835||-0.8119534850120544||-0.8163519501686096||-0.8476441502571106||-0.854392945766449||-0.8671472072601318||-0.8736560344696045||-0.8805655837059021||-0.8834574222564697||-0.8947176337242126||-0.9124345183372498||-0.9136828780174255||-0.9141006469726562||-0.917572021484375||-0.925442099571228||-0.9320535063743591||-0.9362978339195251||-0.9432363510131836||-0.9455869197845459||-0.946567714214325||-0.9473478198051453||-0.9548675417900085||-0.9629778861999512||-0.9632578492164612||-0.963402509689331||-0.9689218997955322||-0.9717404246330261||-0.9758554100990295||-0.9761533141136169||-0.9768791198730469||-0.9780636429786682||-0.982673704624176||-0.983294665813446||-0.9875419735908508||-0.9928941130638123||-1.0005813837051392||-1.0085641145706177||-1.0118297338485718||-1.0228620767593384||-1.0243045091629028||-1.0244085788726807||-1.025335431098938
ADRHC427TKK5U	3	building alequoheft school	building resources fruits counting intervention||doll domanipulated bilingualhouse||game boardium satisfied shelter||building le plate farms towns||building aleeye chunk thinking||buildingplo du165 55||building resources counter tub eure||building ale string readiness ab||building resources bear topic eure||musical drumgui resilient musicians||building magnatiles triangle1||building ale2.9 early string||building resources cookies counting coated||building magnatiles triangle2||building resources cupcakepartcorresponding||buildinggitpak generated junior||dollhousevan furnishednah||setmann drill drilling screws||building le platestudconstructing||building letters individuals magnet660||mel wooden carrier44 17||building magform triangle platinum||buildingplo du brick cars||building resources fraction tiles percentage||building shapes geometric apart capitalize||melis ease caregiver art||building money crispy riceam||building alequoheft school||buildingplo du380290||doll babybornsmelling je||building resources fruitavalan||mel food cuttingsliced fraction||building stack eggs gently crack||building le25016605||dollhouseannabell dull||buildingplokeeper dupolar||pretend medical doctorstescope||musical piano keyboard4.2ow||mel puzzle chunk beneathpainted4||buildingplokeeper nurses arrived||building resources relation nutrition bush||pretend food vegetables vegetable garlic||doll babyannabribodied||doll baby bottles juice milk||building shapes roller pleasant agility||building ale standalonehap alphabet||musical guitar instruments strings255||dollhouseuca nurturinghold||pretend kitchen vintagematerial feast||doll accessories diary backpack beautifully	-0.6348510980606079||-0.68684983253479||-0.6899330019950867||-0.7196305394172668||-0.7211050987243652||-0.7342240810394287||-0.7350667119026184||-0.7455939650535583||-0.7544501423835754||-0.7548299431800842||-0.7746038436889648||-0.7883469462394714||-0.7949660420417786||-0.7956759333610535||-0.8063663840293884||-0.8171122670173645||-0.8593741059303284||-0.8630385398864746||-0.8735770583152771||-0.8736651539802551||-0.9002807140350342||-0.9012293815612793||-0.9033327698707581||-0.9077892303466797||-0.9118197560310364||-0.9148402214050293||-0.9180977940559387||-0.928348958492279||-0.9400895237922668||-0.946317195892334||-0.9478088021278381||-0.9529232978820801||-0.958045244216919||-0.9583315253257751||-0.9676588177680969||-0.9707828164100647||-0.9739750027656555||-0.9767497181892395||-0.9774639010429382||-0.9776296615600586||-0.9781560897827148||-0.9787170886993408||-0.9863781929016113||-0.9898292422294617||-1.0061486959457397||-1.0108915567398071||-1.016992449760437||-1.0191534757614136||-1.0196563005447388||-1.0200399160385132
A3QNQQKJTL76H0	3	leap ebookcou read me	puzzle floor235mbo 54||vehicles remotechuck bumper bump||leap ebookcou read me||sports educationgan dome189||cars hot jumpcrashingboosted||building le construction187 road||sports educationganur maker||puzzleplex ma plasmaze||puzzle floorburger rave demands2||cars hotarm revolution wall||sports ball baseball trainer field||sports video notebook font neue||sports education bloclong engine||sports blast recon solar190||vehicles air proximitytron detect1||puzzlewhi pas revivalies0||sportsbla pipe halfde||vehicles air proximitytron detect0||leap ebook sightpad read||action iron reppower missile||sportsarrow squeezepig foam||sports ball baseball reaction agility||leapexplorerphinfermir||puzzle216ffel 9930||craftseffiwalk runway projection||game boardanz foreheadduce||leappad tabletexplorer 36||drawingcra jewelry studio model||puzzleburger rave demands completion6||game board twistrowive||puzzlewhi pas revivalies1||puzzleburger rave demands completion4||puzzle floorburger rave demands0||sportsarrow hunt refillrtz||gamemonopol deal 1975 debt||sports uncle camp0.2fire||carscherat drag strip||doll accessoriesoxi snowphin||game boardquel sentence picking||puzzle floorburger rave demands1||puzzleball 180xx globe||sports ball baseballbatting trainer||sports education bloc3.4 weird||sportsarrow bowcur handed||puzzleburger rave demands completion3||transformer prime172 optim moon||sportsarrow bow curve hunt||sportsnernitro vor111||puzzleburger rave demands completion5||action figures145 triple2.5	-0.5861871838569641||-0.6467000246047974||-0.6666268110275269||-0.6771613955497742||-0.734764814376831||-0.7362977862358093||-0.7481254935264587||-0.75534987449646||-0.7603949308395386||-0.7629892230033875||-0.7692165374755859||-0.7770886421203613||-0.7806131839752197||-0.7951205372810364||-0.7964729070663452||-0.7971041798591614||-0.804234504699707||-0.8063302040100098||-0.8095852732658386||-0.8103708624839783||-0.8119240403175354||-0.8161473870277405||-0.8187209963798523||-0.8239648938179016||-0.8294291496276855||-0.8307495713233948||-0.8323342204093933||-0.8324732184410095||-0.8360870480537415||-0.8392708897590637||-0.8436193466186523||-0.845394492149353||-0.8517230153083801||-0.8613142371177673||-0.8621017932891846||-0.8632298111915588||-0.8656458258628845||-0.8706539273262024||-0.8876451849937439||-0.8938565850257874||-0.8939653038978577||-0.8952369093894958||-0.9025177359580994||-0.9102635979652405||-0.9112910628318787||-0.9216213822364807||-0.9252126216888428||-0.9370978474617004||-0.9419170618057251||-0.9434705376625061
A3KDZA2MRC39CG	3	craftsdesign stencil manal0	animals ses cookie monster sing||puzzleburger rave demands completion6||sports education bloc501plan||set wheelusementoop loop||vehiclesrig fontdiscoveredologist||craftsdesign stencil manal1||craftsdesign stencil manal0||puzzleburger rave demands completion4||water swingwirwhi overhead||puzzleburger rave demands completion2||puzzleburger rave demands completion5||set wheelzigrig 38||puzzleburger rave demands completion3||pretend cake shake swirlpe||pretend tea servi kitchen surprises||puzzleburger rave demands completion0||leaprog retail bus 54||wagon scooterrunner rough air||animalsstuffedaji matte snow||animals fur bun hop belong||dinosaur imaginetre 32 mega||puzzle floorburger rave demands2||leaprogsho88859||baby fish eruption spenox||doll aliveucasian188||vehicleschuckaultblin roll||animals ses bird gun street0||carsarffel tire crash||set people camerascord cam||trainmas quarry cargo deposits||vehicles remotechuck bumper bump||vehicles remote cop103 holiday||neyzelangledrap glow||carscheratpick race||mel woodenttlewhi bus||angry birds planet variabilitypig||trainmaster crank4.5set||babysko countslion pop||building ale2.9 early string||puzzleburger rave demands completion1||vehiclesrig smoke6.0107||baby toddlerpoocho wi||ney palace 4644 songs||puzzle floorburger rave demands1||puzzle rave linenrome evening||vehicleschuck tornado tower racing||game board snail pace race||drawingoodleetch sketch screen||pretend kitchen suite elitekraft||sports uncle cricket camp lantern	-0.23267747461795807||-0.6367148160934448||-0.6686418056488037||-0.6931294798851013||-0.7131167054176331||-0.7137041091918945||-0.7145289182662964||-0.742548406124115||-0.7495564818382263||-0.7690763473510742||-0.772099494934082||-0.7796034216880798||-0.7877572178840637||-0.7975022792816162||-0.8078280091285706||-0.8173199892044067||-0.8380866646766663||-0.8477826714515686||-0.8478562235832214||-0.8576990962028503||-0.8640411496162415||-0.8648669123649597||-0.8679391741752625||-0.8769572377204895||-0.8805639147758484||-0.8858532905578613||-0.8904048204421997||-0.8912681937217712||-0.9030758738517761||-0.9031167030334473||-0.9042394757270813||-0.9114577770233154||-0.9123768210411072||-0.9151668548583984||-0.9172935485839844||-0.9179053902626038||-0.9193894267082214||-0.9222350120544434||-0.9234640002250671||-0.9273587465286255||-0.9322941303253174||-0.9331851005554199||-0.9339986443519592||-0.9519924521446228||-0.9551298022270203||-0.9554321765899658||-0.9565297961235046||-0.9681105017662048||-0.9708669781684875||-0.9729263186454773
A1W84YXJ54KG02	3	drawing paint temper artist convenience	mel paint brushes handlespainters||melis ease caregiver art||mel paint spill cups proof||drawing paintpai340 paper||drawing wonder markers opposed upholstery||drawing bond ease 20, pad||drawingcra brushla art||drawing paint watercolor wash305||drawing paint brushes cupstub||drawing paint temper artist convenience||mel paint brushes mediumoutlines||drawing markers wash broadla||melis ease paintproof||mel paint brushes painting br||drawingock clean worryreusable||drawing easefunctional dates dryer||drawing bond pages coloringawaiting||drawing paintspirim moisture||drawing ale cloth drop painting||drawingockronssorted artists||wagon sports basketballcore197||mel paint poster coverageounce||sports education bloclib5.2||drawing markers 64pens coloring||drawing bookpublicformatactivity||drawingoodle screendler travel0||animals pillowlite dream tranquil||drawing easefunctional datesnum||building le plate farms towns||drawing bookformatback pads||drawing bond outline pagesudge||drawinglacraoodle painting||wagon tri plasmacar 38||drawing paint bottles212 wash||drawing bond chalk bundle erase||mel paint watercolorawaiting contained||drawing markerspens 50 thin||water stepwheel elevated boats||drawing paint enamel hobby promotional||sports rocketmp assistant air||wagon cozy coupeannisay||drawing ease stool deskoodle||drawing paint bottles spill inevitable||building resources bear topic eure||building letters individuals magnet660||building le25016605||sports uncle globe0000graphical||leappad recharge tablet adapt||water pool sunset inflatable glow||building ale varnish string chunk	-0.2738533616065979||-0.5180893540382385||-0.5518861413002014||-0.5546616315841675||-0.5790117383003235||-0.6501989960670471||-0.6580896973609924||-0.6740656495094299||-0.6916005611419678||-0.6989875435829163||-0.7311415076255798||-0.7661702036857605||-0.7802276611328125||-0.7877914309501648||-0.8274009227752686||-0.8642416000366211||-0.8725888133049011||-0.8947327733039856||-0.9011686444282532||-0.9281740784645081||-0.9380626082420349||-0.9593066573143005||-0.963780403137207||-0.9648481011390686||-0.9856171607971191||-0.9975441694259644||-0.999405562877655||-1.001222014427185||-1.0043777227401733||-1.0064620971679688||-1.00894296169281||-1.0117791891098022||-1.0239322185516357||-1.0282312631607056||-1.0328079462051392||-1.0343952178955078||-1.0479609966278076||-1.0489461421966553||-1.0560857057571411||-1.0582845211029053||-1.0722273588180542||-1.072410225868225||-1.0868467092514038||-1.0922130346298218||-1.0925828218460083||-1.0943857431411743||-1.0965973138809204||-1.0973173379898071||-1.1027610301971436||-1.1036163568496704
A3B7KA98ABG1FL	3	sports ball baseball glove tech	trainmasterized track added||trainmasmaster track puff||building build straw connector structures1||sports ball baseball glove tech||cars jam case trucks rugged||dinosaurich metreschisau||cars jam obstacle truckshook||carsix radiatortown spring||train track brands major right0||cars hotcar wheels pack||cars mat moon dvd short||cars hot wheelscast 20||crafts mosaic sticky balleterin||train track brands major right1||cars race listing pull twelve||leapread vow preparation studies||cars mat truckdeluxe monster||trainingtonsonstrack114||leapread vow shortounded||carsix bed tent headboard||cars drift micro films permits||leap tag juniorread tidy||vehicles airplane1.9 bitspart||vehicles fire rush state ladder||building citybedwoman broken||wagon scooter radio capabilities my0||game board starebrow challenging||leap writecri accuracy writing||leaprogreading tag purple||cars die soccer tech air||leap juniortataazo bass||vehicles bootsigablaze br||building le platestudconstructing||vehicles plane crop dust runway||cars racerais shell turtle||musicalmp11. tunehat||leaprog199 chatcou||leapread junior spatial reasoning||cars hotlaneway race||leaprogcouread junior||carsixram shiftone||building mathplication nine 5,||set jaglasske pirate||cars die cast pipar||leapread junior vocabulary importance||cars jam trash junk scrap||vehicles truck dump61 15.||vehicles bootshopper big din||train railway jam splendidvari||cars jam final crash barrel	-0.37941160798072815||-0.41035863757133484||-0.5441316962242126||-0.6728541851043701||-0.7296793460845947||-0.7383155226707458||-0.7401408553123474||-0.7442317008972168||-0.7483965754508972||-0.7593367695808411||-0.7796106338500977||-0.7827240824699402||-0.8013660907745361||-0.8121562600135803||-0.8206568360328674||-0.8286531567573547||-0.8411304354667664||-0.8477106690406799||-0.8479568362236023||-0.8516929745674133||-0.8544182777404785||-0.8550980687141418||-0.8961141109466553||-0.897209107875824||-0.9015682339668274||-0.9069417715072632||-0.9088630676269531||-0.9105527400970459||-0.9115661978721619||-0.9202919006347656||-0.9203434586524963||-0.922670304775238||-0.934478223323822||-0.9524573683738708||-0.9543953537940979||-0.9544925689697266||-0.9636905789375305||-0.9679990410804749||-0.9682700634002686||-0.9755744934082031||-0.9803102612495422||-0.9824405312538147||-0.9826140403747559||-0.9863261580467224||-0.9925671219825745||-0.9981805682182312||-1.0029436349868774||-1.0106765031814575||-1.0111106634140015||-1.021511197090149
AVBLGXSWRN666	3	sportsblo coastexprimarily	sportsblo coastexprimarily||sportsblo coastonic swirl||sports sciencequ biologylab||game matching rid buzz answer||puzzlewhi pas revival cathedral||puzzlewhi pas revivalies1||game matching spotvarying decorated||game board28 coins earn||puzzlewhi pas revivalies0||game diceroll20 odd||vehicles remote runners maisrunner||sports science energy heaterdelve||building trek enterpriseirk sauce||action figuresmur mushroom cottage||game board28 luxe collections||buildingex375 models113||game board guessdeschar1||cars hotarm revolution wall||crafts americanckenstring 2012||sports science electricity conduct graffiti||game boardng explode boom||cars charge rebound stunt charger1||puzzle216 puzz landmark||sports science crystal gemstone quartz||drawingcra crayon152la||buildingex students concepts exploring||game board insightsplication answered||game board laser pyramid hier||sports journalancy wildlifecular||building trek invasion316ville||game board clue72 edition||crafts americancken 2012 girl||cars charge rebound stunt motorcycle1||sports journalancy underwater science||cars charge rebound stunt charger0||angry birds smash destroyex||helicopterhog automated multiplayer single||gameyah hustle score gut||puzzleaugmented realitydegree times||leaprog guitar musicians rock||cars charge rebound stunt motorcycle0||puzzleburgerow giant rave||game board2814763||animals bear1.5 crawl turtle||drawing color bloom transformation customize||gamemonopol edition 2198||game card un unit blast||drawing color inspiration 04inclusiv||buildingex 700 50 model||action rangeforce sword ultra	-0.11171974986791611||-0.3781697452068329||-0.4695541560649872||-0.6570058465003967||-0.6803669333457947||-0.6985634565353394||-0.719426155090332||-0.7428719997406006||-0.7604731321334839||-0.7732695937156677||-0.7924382090568542||-0.798212468624115||-0.8351280093193054||-0.8503649830818176||-0.8675240874290466||-0.8865317702293396||-0.8884761929512024||-0.8922045230865479||-0.9100633263587952||-0.9164667129516602||-0.9188433289527893||-0.9337795972824097||-0.9460002779960632||-0.9620819091796875||-0.9658102989196777||-0.9775939583778381||-0.9782508015632629||-1.0039678812026978||-1.0080981254577637||-1.0185655355453491||-1.018748164176941||-1.0207489728927612||-1.025325894355774||-1.02584969997406||-1.0348131656646729||-1.0351808071136475||-1.0416687726974487||-1.0638751983642578||-1.0666831731796265||-1.071419358253479||-1.0728716850280762||-1.0791455507278442||-1.0803124904632568||-1.081055760383606||-1.0874491930007935||-1.0881296396255493||-1.102989912033081||-1.1079769134521484||-1.1097813844680786||-1.1123900413513184
AGE1KK0E2THTN	3	game board carrot hilljack	animals mari bow importpan||animals mari measuredddling china||animals mariach appearing clan||animals mari bone dry224||animals marishiawaiting measured||animals mari lui201 measured||animals hedgeonichog protagonist||animals mari troopoop measured||animals marispectboo tongue||animals mari brotherspirha||action figurespap certification actively||animals plusette20516||building mari lui bike standard||animals mariomb mushroom common||animals hedgeuckonicles||action figures gaming video wi1||angry birds warbac star1||action figures gaming video wi0||sports light sword buccan||sports party cake campingpper||sports light finger fingers led||game card humanity horrible against||animalskinpom webfection||sports microscope butterflies observe insect||angry birds knock27 wood||animals plus chic sprout sunny0||angry birds warbac star0||cars mari wikar track||loom bracelet band rainbow step||angry birds downloaded brother178||helicopter channel107smallest functional0||helicopter channel107smallest functional1||animals mari officiallyinte licensed||sports party maskaccments||animals plus canned meateek||sports videointe wi75||animalsaniattend dog 1998||sports uncleltonphysics mi||buildingginsshirebit fellowship||animals plusbatice profound||sports light finger laser elastic||animals mariach clan appearing||action rangeforce mega06||animals mari linkzelinte||game card cards scrutin dealer||sports science crystal disgust222||sports party gag liquid evaporate||sports videointend5.5||animals plus chic sprout sunny1||sports microscope bionica documents	-0.22109495103359222||-0.40810373425483704||-0.4528098404407501||-0.5275806784629822||-0.5670199990272522||-0.5860298275947571||-0.6198758482933044||-0.6522156596183777||-0.7410635352134705||-0.8117030262947083||-0.8142578601837158||-0.8184483647346497||-0.8188509941101074||-0.8525424003601074||-0.8756964802742004||-0.8833826184272766||-0.8887470364570618||-0.8972871899604797||-0.9007893204689026||-0.9051635265350342||-0.9160454869270325||-0.9250030517578125||-0.9434916973114014||-0.971045970916748||-0.9738311171531677||-0.9823331236839294||-0.9996476173400879||-1.0014046430587769||-1.0037394762039185||-1.0064078569412231||-1.0383822917938232||-1.0390249490737915||-1.0433926582336426||-1.061429500579834||-1.0614486932754517||-1.0672571659088135||-1.0752924680709839||-1.0769312381744385||-1.0805572271347046||-1.0812138319015503||-1.090091586112976||-1.0968140363693237||-1.112824559211731||-1.1175285577774048||-1.131438136100769||-1.1330963373184204||-1.1398098468780518||-1.1462980508804321||-1.1464720964431763||-1.1682729721069336
A1UQ6TU13BPOWG	3	game boardanz foreheadduce	game boardanz foreheadduce||game boardbe story cu||game matching spotvarying decorated||game boardsnip squirrel squeeze||game card cardsish think||game card spot road bore||game card triviaencompassingimpro||game card poti spellstools||game card cards sentence billion||game dicepig called pass0||game card cards blink fastest||game think traffic rush hour||game card sequence crown losses||gameney picarytion0||game thinkzing tiles bingo||game word scr turbobble||game dice trouble remembermatic||building magnetic imagine202 boost||game think rush hour buses||game wordgram bananaword||game card cards snakelith||game card humanity horrible against||game dice shutter equal tiles||game word scrbble electronically||game dicepig called pass1||game boardbe actions cu||game board28wirk82||game dice appear luck goal||game word scr famebble||game cards sight words abundant||game ticket fog propose accepted||puzzle challenges twist musclesflex||game word scrbble tiles||gameney picarytion2||gameguinhey strategic definitive||sports videoizo photos editing1||game holdersholderhey card||game card cards scrutin dealer||buildingbin trench fighter tie||gameney picarytion1||game board28 spot85||crafts craftcot wrapping cuts||game card drinking queen wake||game card un scored points||sports videoizo photos editing0||gameyah diceam137||vehicles remote cherry hi ho||game word scr feuparked||game word chips words tiles||sports video121 handheld bo	-0.3579573929309845||-0.4131869375705719||-0.4623841345310211||-0.5529704093933105||-0.5620661377906799||-0.6243645548820496||-0.6427105069160461||-0.7053360342979431||-0.7303707599639893||-0.7614723443984985||-0.7719300389289856||-0.7723161578178406||-0.7756392955780029||-0.7845583558082581||-0.8022587299346924||-0.8244892954826355||-0.8278284072875977||-0.8438205122947693||-0.8457184433937073||-0.8458431363105774||-0.8583099842071533||-0.8740742802619934||-0.8800994753837585||-0.8980153203010559||-0.9049786925315857||-0.9135993123054504||-0.9140541553497314||-0.9234276413917542||-0.9444729685783386||-0.9487846493721008||-0.9527361989021301||-0.9546648859977722||-0.9618451595306396||-0.9677661061286926||-0.9786937236785889||-0.9787499308586121||-0.9788146018981934||-0.9804988503456116||-0.983431875705719||-0.9917354583740234||-0.9927265644073486||-0.9935005307197571||-0.9952929615974426||-0.9990127682685852||-1.0022858381271362||-1.0033444166183472||-1.0191186666488647||-1.0251272916793823||-1.0277023315429688||-1.0296367406845093
A1DU9PPNW1DLQU	3	neyzel weddingrapgen	musicallute queettiof||loombandattach sticky ribbon||pretend tea approved drink contain||melis ease caregiver art||pretend doughtru ex factory1||building stack eggs gently crack||mel wooden carrier44 17||doll baby bottles juice milk||drawingoodle screendler travel0||mel magnetic bottles feltgra||water stepwheel elevated boats||doll baby nursery cupboard inches||mel food cuttingsliced fraction||mel sortpound benchnaming||mel stickers habitatreusable oasis||mel puzzle chunk beneathpainted4||melhouse188limb flexible||set wheelway ramp people||building ale2.9 early string||building le plate farms towns||set people medical doctor ordered||wagon cozy pump gastik||building tent openingperenhancing||building resources bear topic eure||mel food shopping cart market||baby stack nest cups versatility||mel food groupsbal meal||crafts stickers tub farm drying||melis chalk erase felt||building blocks fontweightent||sports education bloclib5.2||pretend dress encompass spectrum importantly||drawingoodle screendler travel1||mel sortpound differentiation wooden||pretend kitchen saucepan lid mit||mel sortpound differentiation craftsmanship||leaprogcou pal my||water pool117tex rainbow||mel pretend bake slice cookies||leappad tablet case systems||building stack sortrich textures||wagon sports basketballcore197||mel magnetic bowl straightforwardformerly||mel magnetic magnet felt pretend||mel foodmy dividedbib||wagon cozy coupeannisay||baby stackasta reflection sort||pretend cash register transactionsrecognizing||building tent tunnelnierpadded||pretend cash register calculator grocery	-0.6257618069648743||-0.7586966156959534||-0.7780959010124207||-0.7880384922027588||-0.8392563462257385||-0.8746050000190735||-0.8889852166175842||-0.8962633013725281||-0.9016352891921997||-0.9215591549873352||-0.9249985218048096||-0.9356845021247864||-0.9378395080566406||-0.9397736191749573||-0.9428169131278992||-0.945877194404602||-0.9548497796058655||-0.9552839398384094||-0.9692139625549316||-0.9783959984779358||-0.9788326621055603||-0.9791564345359802||-0.979449987411499||-0.9803603291511536||-0.981391191482544||-0.9830511212348938||-0.9836797118186951||-0.986281156539917||-0.986595630645752||-0.9927730560302734||-0.9929816126823425||-0.9934046864509583||-0.9936274290084839||-0.9939079284667969||-0.9939324855804443||-0.9986268877983093||-0.9999068379402161||-1.0024738311767578||-1.0043182373046875||-1.0067814588546753||-1.007548213005066||-1.0084038972854614||-1.008582592010498||-1.0089941024780273||-1.0129140615463257||-1.0137596130371094||-1.0142558813095093||-1.0186842679977417||-1.0319937467575073||-1.0425469875335693
A218NB41IQE8B4	3	puzzleplex barriers epic per	doll babybornsmelling je||melis diaper changing doll||drawing markers crayonmesse wash||drawing crayonularang wax||mel food fruits vitamin culinary||doll babynatalsmellingress||mel farm hinge doors nine||drawing beginningumblelacra0||doll baby bottles juice milk||drawingoodle screendler travel0||drawing wonder markerslacra||leaprog font groove musical0||sports party farraz328||doll babyannabribodied||drawing markers coloring wonder205||drawing paintpai340 paper||game card humanity horrible against||drawing bookpublicformatactivity||mel foodmy dividedbib||dollrollcalsuppl vanilla2||drawing markers coloring wonder172||leaprog sharing picnic basket||animals pillow closurevelcro2||drawing erase chore chart dry||drawingcra brushla art||dollmy born imaginary dramatic||mel paint brushes handlespainters||leaprogphon factory letter||drawingoodle pro screen travel||drawing crayon la bath tablets||drawingoodle screendler travel1||doll baby expressionpan 11||drawingock clean worryreusable||dollrollcalsuppl vanilla3||drawingla crayon providecra||drawing bond coloring outline pad||dollmy mom prices brings||pretend kitchen saucepan lid mit||mel stamp mailbox mail receiving||drawing bookformatback pads||water pool 1937 ocean77||mel sunny sprinkle bouquet bloom||crafts mosaic sticky datesforce||drawing pencilmenils newspapers||dollbie barborganizies||drawing beginningumblelacra1||drawingoodle stamp pro slider||mel magnetic magnet felt pretend||dollbie barbbinmat||drawingcra crayon twist effects	-0.41482827067375183||-0.6201537847518921||-0.726650059223175||-0.7479694485664368||-0.7640475630760193||-0.789921760559082||-0.802376925945282||-0.8154940605163574||-0.8225119113922119||-0.8410390615463257||-0.8425755500793457||-0.8500099182128906||-0.8501215577125549||-0.8585036396980286||-0.8727262616157532||-0.8746228218078613||-0.8867018222808838||-0.9092939496040344||-0.9121852517127991||-0.9230524897575378||-0.9253478050231934||-0.9300496578216553||-0.9315465092658997||-0.9376566410064697||-0.9376630187034607||-0.9393071532249451||-0.9421131014823914||-0.9430527687072754||-0.9498876929283142||-0.9613685607910156||-0.9625682234764099||-0.9625697731971741||-0.9630002379417419||-0.9654673337936401||-0.9681382775306702||-0.9716488718986511||-0.9808899760246277||-0.9811944365501404||-0.983034610748291||-0.9858784079551697||-0.9861738681793213||-1.0030384063720703||-1.0072963237762451||-1.0194391012191772||-1.041261076927185||-1.0433428287506104||-1.0484596490859985||-1.0509113073349||-1.0704171657562256||-1.0808486938476562
A14Z6D3IRJ23F7	3	vehiclesbianmorph whale killer	leap ebook sightpad read||leapexplorerphinfermir||leapread vow shortounded||sportsnerforceaxelock1||leapread vow preparation studies||leaprogreading tag purple||animals furseency pup||leapexplorersterpad works||leapread ebook systems 41||sports microscope butterflies observe insect||puzzle floorburger rave demands2||game board cruchamele||sports educationganur maker||sports educationome222 90||drawingcra maker markerpens||leapread vowounded read||drawingcra lamp zoomillustrating||puzzleburger rave demands completion6||leapexplorer download redeempad||drawingcra 04 markerbrush||set castletal102gle||dinosaur dragon strongest allowed knight||gameguinberg eggs pen||sports ballgobild tubes||action spiderzonatic bon||trainmas quarry cargo deposits||drawingcra 1943 interactionsincorporating||sports education este tandem rocket||puzzleplex ma plasmaze||psyaloo777 mysterious mis||angry birdsincredibly authentic downloaded5||sports blast elite hailfire||gamemonopol edition 2198||puzzle floorburger rave demands0||drawingcra 2977la||puzzleburger rave demands completion4||game board snail rooms basement||cars mari kon didkar||craftsdesign drawing machine borders||leap writeintroductory writing letters||set imagine187 frustrationca||sports rocketmp assistant air||puzzle216 landmarkknown pu||leapread university campus scar||drawingcratool dig digital||doll alive wann walk mom||puzzleburger rave demands completion3||puzzleburger rave demands completion5||angry birdsincredibly authentic downloaded0||puzzle floorburger rave demands1	-0.5029972195625305||-0.5450799465179443||-0.5738168358802795||-0.6204142570495605||-0.6640767455101013||-0.7172955870628357||-0.7243736386299133||-0.7620160579681396||-0.7710906863212585||-0.7884827256202698||-0.8074061274528503||-0.8094334006309509||-0.8095914721488953||-0.8279352188110352||-0.8343372344970703||-0.8427302241325378||-0.8484416604042053||-0.8498643636703491||-0.8607432842254639||-0.8631665706634521||-0.8701340556144714||-0.8713865280151367||-0.8714196681976318||-0.8744235038757324||-0.8763132095336914||-0.8769800066947937||-0.8772689700126648||-0.8774814605712891||-0.8781635761260986||-0.8801712989807129||-0.8830684423446655||-0.8986515998840332||-0.8987451195716858||-0.9005436301231384||-0.9013922214508057||-0.9017866253852844||-0.903431236743927||-0.9087212681770325||-0.9137365818023682||-0.9149927496910095||-0.9250802397727966||-0.9310476183891296||-0.937126100063324||-0.9435431957244873||-0.9440205693244934||-0.9524341225624084||-0.9549645781517029||-0.9575047492980957||-0.9612080454826355||-0.9633051753044128
A3S2TOPDUII9K0	3	animalsdocchillyuffbag	helicopter replacement shaftauthentic parts||helicopter channelsmallestheli functional||helicopter channel1073.5 scheme0||helicopter channel107smallest functional0||helicopter channel1083.5 lithium||helicopter replacementbird107rot||helicopter channel107smallest functional1||helicopter channelhawk13rare||helicopter channel1073.5 scheme1||helicopter channel1113.5 lithium||helicopter replacement prop tail decorations2||helicopter2.4agi propeller||helicopter replacement107 blade tail||vehicles air ground assault hover0||helicopter channel107 schemerare1||helicopter107 upgrade240 ma||helicopter channel1093.5 lithium||helicopter bladerot 90main||helicopter03walker module450||helicopterrarerift channel indoor||helicopter2.4 extremelydisp flying||helicopter2.4 functi blade single||helicopter replacement blade shaft31||helicopter horse aluminiu optimizedeller||helicopter replacement prop tail decorations1||vehicles control cycle wheel tears0||helicopter channel retail800134||sports dartri eliteke1||helicopter aircraftdivtitlepro||helicopter channel107axialsmallest0||helicopter channel107 schemerare0||sports videointe wi75||helicopter91 improved snappe version0||vehicles control cycle wheel tears1||helicopter2.4 propeller resistance||cars vehicles 1:2 maisvent||helicopter91 improved snappe version1||helicopter107 upgraded spare3.7||sports party changer voice6.5||helicopter replacement prop tail decorations0||helicopter channel military seller mall||sports education glide assortmentunit||sports dartri eliteke0||cars vehicles automobile 1967 1:2||helicopter channel107axialsmallest1||helicopter03camwalker450||sports circuit snap periodic experiments||helicopter replacement shaft main prop||sports educationomerick ma||helicopter horse stabilit2.4descending	-0.3721020519733429||-0.4346944987773895||-0.438489705324173||-0.5145652890205383||-0.5672184824943542||-0.6038792133331299||-0.6762982606887817||-0.7037023901939392||-0.7533053755760193||-0.7679240703582764||-0.7720041275024414||-0.7757668495178223||-0.7961449027061462||-0.8050640225410461||-0.8098648190498352||-0.8110610842704773||-0.8112706542015076||-0.8288271427154541||-0.8380770087242126||-0.8394575715065002||-0.8431189656257629||-0.8473749756813049||-0.8492915034294128||-0.8749926686286926||-0.8774382472038269||-0.8778920769691467||-0.8832741379737854||-0.8864783048629761||-0.8878751397132874||-0.89352947473526||-0.9095460772514343||-0.9175639748573303||-0.9245449900627136||-0.9284176230430603||-0.9338704943656921||-0.9352664351463318||-0.9400776624679565||-0.9512767791748047||-0.9544827938079834||-0.9549769163131714||-0.9654760360717773||-0.9735589027404785||-0.9760294556617737||-0.9766456484794617||-0.979029655456543||-0.9836021065711975||-0.9888113141059875||-0.9923085570335388||-0.9982820153236389||-0.9988510608673096
A2E2PA6UNK1E05	3	puzzle ravekay falls mac	puzzle ravestructure linen our2||puzzle ravekay falls mac||puzzle raverizzistructure||puzzle rave paradisestructure linen||game board villages crops merchant||puzzle rave spicesstructure linen||puzzle rave beaconston hill||puzzle rave terre cinq 1500||puzzleaugmented reality pardegree||puzzleaugmented reality nord groundbreaking||puzzleball540perfect dimension||puzzle rave linen blankstructure||puzzle rave format linenstructure||puzzle ravestructure linen our1||puzzleburgerow giant rave||game boardbra casa grande||puzzlewhi pas revival cathedral||puzzle rave 2000 linenstructure||puzzle princess neuschwrama||puzzleaugmented reality groundbreakinganimate||puzzle216 landmark puknown0||puzzle rave splend africastructure||puzzle ravestructure rooftop format||craftsdesign stencil manal0||puzzle rave harborstructure linen||puzzlewhi pas revivalies0||puzzle216 landmark puknown1||puzzle ravedepthburger demands||puzzle rave taxi york linen||puzzle rave neuschwstructure||puzzle conservburger rave conserve||game diceklezystepped||puzzleaugmented reality africa groundbreaking||puzzle rave linenrome evening||gamemonopolville spaces permit||game boardsur rivers roads||puzzle floorburger rave demands2||puzzleburger000 africa 75||puzzle rave 1500 linenstructure||sports education bloc501plan||puzzle rave waves formatstructure||game battle shipshelm conceal||puzzle rave formatstructure linen||puzzle rave dolphinstructure linen||game board break 1901 junior||puzzle rave consumers obtain differently||puzzle rave we linenstructure||puzzle ravemill linenstructure||helicopterhog automated multiplayer single||gameguinberg pen pile	-0.497406542301178||-0.4995323717594147||-0.5014132261276245||-0.5069184899330139||-0.5112094283103943||-0.52399080991745||-0.5302425622940063||-0.5481032133102417||-0.5824958682060242||-0.6140144467353821||-0.623970091342926||-0.6290916204452515||-0.6611191630363464||-0.6707414984703064||-0.6726107001304626||-0.6757263541221619||-0.6958420276641846||-0.702989399433136||-0.7107284665107727||-0.7223933339118958||-0.7378560304641724||-0.7485671043395996||-0.7503229975700378||-0.7627073526382446||-0.8028204441070557||-0.8137965202331543||-0.8148722052574158||-0.8195270895957947||-0.8297752737998962||-0.8305191397666931||-0.8401861786842346||-0.8409003615379333||-0.8441396355628967||-0.8476603627204895||-0.8542773127555847||-0.8671440482139587||-0.8757461905479431||-0.881413996219635||-0.8817854523658752||-0.883491039276123||-0.8847777843475342||-0.8848790526390076||-0.8865149021148682||-0.8897596001625061||-0.8940730094909668||-0.8942747712135315||-0.8992310166358948||-0.9060514569282532||-0.908297061920166||-0.913361132144928
