sample_key,target_group,baseline_rank,candidate_rank,union_covered,baseline_Recall@10,baseline_NDCG@10,baseline_Recall@50,candidate_Recall@10,candidate_NDCG@10,candidate_Recall@50,changed,broad_harm
A10LDZZNWWD2GY:validation:B000NTZL7U,head,,,0,0.0,0.0,0.0,0.0,0.0,0.0,0,0
A10Y9550W7Z8CG:validation:B000MOL2GU,tail,,,0,0.0,0.0,0.0,0.0,0.0,0.0,0,0
A10YWQ4AAAE29O:validation:B00EX5K1GG,tail,,,0,0.0,0.0,0.0,0.0,0.0,0.0,0,0
A10ZA4JE3XITIM:validation:B002S52VU2,head,1,1,1,1.0,1.0,1.0,1.0,1.0,1.0,0,0
A11ED8O95W2103:validation:B001FVSZAK,tail,,,0,0.0,0.0,0.0,0.0,0.0,0.0,0,0
A11EXFO14WEJM1:validation:B009Q3JECW,head,3,3,1,1.0,0.5,1.0,1.0,0.5,1.0,0,0
A11N2UZ48TJT48:validation:B005F22DJE,tail,,,0,0.0,0.0,0.0,0.0,0.0,0.0,0,0
A11O1Y3VBLI296:validation:B008B68HKA,head,,,0,0.0,0.0,0.0,0.0,0.0,0.0,0,0
A11PBW07NQR2NR:validation:B002SQW38Q,head,,,0,0.0,0.0,0.0,0.0,0.0,0.0,0,0
A11TPY4XQKYTZU:validation:B004M13Z7S,tail,,,0,0.0,0.0,0.0,0.0,0.0,0.0,0,0
A11WNE1N8SZDFP:validation:B0015399MG,head,,,0,0.0,0.0,0.0,0.0,0.0,0.0,0,0
A126RFSNWYW21B:validation:B000GL1EEE,head,,,0,0.0,0.0,0.0,0.0,0.0,0.0,0,0
A12E8O2LHQ74EO:validation:B0037UT3E4,head,,,0,0.0,0.0,0.0,0.0,0.0,0.0,0,0
A1313C3DLBAL73:validation:B00AXE639A,tail,,,0,0.0,0.0,0.0,0.0,0.0,0.0,0,0
A1336TTPYUZKXU:validation:B004L62WS2,tail,,,0,0.0,0.0,0.0,0.0,0.0,0.0,0,0
A1356MMYO31WB6:validation:B001EWC5M4,head,9,7,1,1.0,0.3010299956639812,1.0,1.0,0.3333333333333333,1.0,1,0
A13ALI86MWHTGT:validation:B0002MOJ62,tail,,,0,0.0,0.0,0.0,0.0,0.0,0.0,0,0
A13GYW7ACIY06A:validation:B008JNPBYK,head,1,1,1,1.0,1.0,1.0,1.0,1.0,1.0,0,0
A13J2PGKNMJG1K:validation:B004478GDS,tail,,,0,0.0,0.0,0.0,0.0,0.0,0.0,0,0
A13KY55EVOPUGF:validation:B000M3QJPU,head,,,0,0.0,0.0,0.0,0.0,0.0,0.0,0,0
A13PCCEY84UW1K:validation:B001BKX0V4,head,23,31,1,0.0,0.0,1.0,0.0,0.0,1.0,1,0
A146J614ZNX0BT:validation:B00GA675FQ,tail,,85,1,0.0,0.0,0.0,0.0,0.0,0.0,1,0
A14C65X2PJPQMT:validation:B00CP4J7OY,head,2,2,1,1.0,0.6309297535714575,1.0,1.0,0.6309297535714575,1.0,0,0
A14CVEI1DOKF7Q:validation:B00160JPMC,tail,6,7,1,1.0,0.3562071871080222,1.0,1.0,0.3333333333333333,1.0,1,0
A14CW5YAG08MO6:validation:B006O6EPP0,tail,12,9,1,0.0,0.0,1.0,1.0,0.3010299956639812,1.0,1,0
A14E7LZASLSX36:validation:B00FBW5E7G,tail,,,0,0.0,0.0,0.0,0.0,0.0,0.0,0,0
A14ENWEKTHCBXR:validation:B004P9591C,head,,,0,0.0,0.0,0.0,0.0,0.0,0.0,0,0
A14LQ0GV9JXT6F:validation:B00CMNX7VW,tail,,,0,0.0,0.0,0.0,0.0,0.0,0.0,0,0
A14OQ67LM79KW3:validation:B00FAQVY5E,head,,,0,0.0,0.0,0.0,0.0,0.0,0.0,0,0
A14PZVC6FDG1FL:validation:B007Q0OQCK,tail,,,0,0.0,0.0,0.0,0.0,0.0,0.0,0,0
A14QQFIVO73XG9:validation:B00BN6QAXQ,head,1,1,1,1.0,1.0,1.0,1.0,1.0,1.0,0,0
A14VE1EM6EIFLS:validation:B00G4T7LC6,tail,,,0,0.0,0.0,0.0,0.0,0.0,0.0,0,0
A14WVDQ9TWYB93:validation:B00EEWAFSM,tail,,,0,0.0,0.0,0.0,0.0,0.0,0.0,0,0
A14ZCQ9EUWPCV4:validation:B0051EZAI2,tail,,,0,0.0,0.0,0.0,0.0,0.0,0.0,0,0
A150V36Q39CNU2:validation:B006O6FMOI,head,,,0,0.0,0.0,0.0,0.0,0.0,0.0,0,0
A156PKEO21TGZ9:validation:B00006JZCS,head,,,0,0.0,0.0,0.0,0.0,0.0,0.0,0,0
A15EUA6JKON9AI:validation:B003P4TW70,tail,,,0,0.0,0.0,0.0,0.0,0.0,0.0,0,0
A15VYUTPS6KSJI:validation:B001DI4VN0,head,,,0,0.0,0.0,0.0,0.0,0.0,0.0,0,0
A1672J4AWS5E6G:validation:B0012NSMEK,tail,,,0,0.0,0.0,0.0,0.0,0.0,0.0,0,0
A16N4QIGE921LK:validation:B00073JTQQ,head,,,0,0.0,0.0,0.0,0.0,0.0,0.0,0,0
A16Z2OECAUX8Z4:validation:B00CKH9URU,head,16,8,1,0.0,0.0,1.0,1.0,0.31546487678572877,1.0,1,0
A178RZD8XBU145:validation:B007Y9N46W,tail,,,0,0.0,0.0,0.0,0.0,0.0,0.0,0,0
A17CP110C6E9KF:validation:B00804BDBI,head,,,0,0.0,0.0,0.0,0.0,0.0,0.0,0,0
A17ENFSHA5PSI8:validation:B000FH18FY,head,,,0,0.0,0.0,0.0,0.0,0.0,0.0,0,0
A17G0JG8F053K1:validation:B00CNBGUJE,tail,,,0,0.0,0.0,0.0,0.0,0.0,0.0,0,0
A17GPKMH59TVTW:validation:B00B2HH10M,head,,,0,0.0,0.0,0.0,0.0,0.0,0.0,0,0
A17M1HL6U2GS7M:validation:B00DECZ5AQ,head,,,0,0.0,0.0,0.0,0.0,0.0,0.0,0,0
A17S69E1UBCTXT:validation:B003AZZSPE,tail,,,0,0.0,0.0,0.0,0.0,0.0,0.0,0,0
A17SJW9IHJ2O1X:validation:B007EA4UBY,head,,,0,0.0,0.0,0.0,0.0,0.0,0.0,0,0
A17T1ADLB2YWZR:validation:B00CE3JGJW,tail,,,0,0.0,0.0,0.0,0.0,0.0,0.0,0,0
A17UEV3W4G7WJL:validation:B007TNU1XM,tail,,,0,0.0,0.0,0.0,0.0,0.0,0.0,0,0
A17Y465UXZOJE3:validation:B00006IFJ5,tail,,,0,0.0,0.0,0.0,0.0,0.0,0.0,0,0
A181XY4FUF2B7:validation:B0002D0FDW,head,4,3,1,1.0,0.43067655807339306,1.0,1.0,0.5,1.0,1,0
A183VX9JGPARDF:validation:B00383GDXE,tail,,,0,0.0,0.0,0.0,0.0,0.0,0.0,0,0
A184K5PFSEL337:validation:B003AY5TMC,tail,,,0,0.0,0.0,0.0,0.0,0.0,0.0,0,0
A1885UAX29RY9E:validation:B001QBTAOY,head,,,0,0.0,0.0,0.0,0.0,0.0,0.0,0,0
A18EUQFB1I3CGA:validation:0786955708,tail,,,0,0.0,0.0,0.0,0.0,0.0,0.0,0,0
A18HXCX01R60ZB:validation:B002M78DRQ,head,,,0,0.0,0.0,0.0,0.0,0.0,0.0,0,0
A197S3BB25FROT:validation:B004UU9WIM,tail,,,0,0.0,0.0,0.0,0.0,0.0,0.0,0,0
A198M311Q3VRYF:validation:B003B7Q5YY,tail,,,0,0.0,0.0,0.0,0.0,0.0,0.0,0,0
A19DKZL5LXNSGI:validation:B0093N52IK,tail,,,0,0.0,0.0,0.0,0.0,0.0,0.0,0,0
A19GHDKYQJ35GB:validation:B001H1O2PK,tail,,,0,0.0,0.0,0.0,0.0,0.0,0.0,0,0
A19IR9JE0IF9T5:validation:B0013J5QQ0,tail,,,0,0.0,0.0,0.0,0.0,0.0,0.0,0,0
A19PXF7ZL9J1Y:validation:B000NP7PD2,tail,,,0,0.0,0.0,0.0,0.0,0.0,0.0,0,0
A19TKRB4LR9ZX0:validation:B000OCP19Y,tail,,,0,0.0,0.0,0.0,0.0,0.0,0.0,0,0
A19UHXW192RJB1:validation:B000UW1ODA,tail,,,0,0.0,0.0,0.0,0.0,0.0,0.0,0,0
A19V870WELGTVP:validation:B0037UP960,tail,,,0,0.0,0.0,0.0,0.0,0.0,0.0,0,0
A19XM9DIPHOBBL:validation:B00000IZC9,tail,,,0,0.0,0.0,0.0,0.0,0.0,0.0,0,0
A19XMHRB3G4DIR:validation:B003F7YMG8,head,,,0,0.0,0.0,0.0,0.0,0.0,0.0,0,0
A19Z4IDNL1MGG4:validation:B00DJLUPH0,tail,,,0,0.0,0.0,0.0,0.0,0.0,0.0,0,0
A1A8QJP6F6YUU4:validation:1616613807,head,1,1,1,1.0,1.0,1.0,1.0,1.0,1.0,0,0
A1AAFR3IFDNV7A:validation:B004CFBYFO,tail,,,0,0.0,0.0,0.0,0.0,0.0,0.0,0,0
A1AR6ZYFKZXT7U:validation:B0013J2JW4,tail,,,0,0.0,0.0,0.0,0.0,0.0,0.0,0,0
A1AU09IM8WDW8B:validation:B00AHKIPSC,tail,,,0,0.0,0.0,0.0,0.0,0.0,0.0,0,0
A1BCELALEBRHRN:validation:B003IXQCFI,tail,,,0,0.0,0.0,0.0,0.0,0.0,0.0,0,0
A1BPEZTXGJNZEP:validation:B001IEYXAA,head,,,0,0.0,0.0,0.0,0.0,0.0,0.0,0,0
A1BTS3E7A1T88J:validation:B001Q1CHAI,tail,2,2,1,1.0,0.6309297535714575,1.0,1.0,0.6309297535714575,1.0,0,0
A1BV0Q19807NU1:validation:B0032O3I9Q,tail,,,0,0.0,0.0,0.0,0.0,0.0,0.0,0,0
A1C19MMLBEY1DC:validation:B00004WCI0,tail,,,0,0.0,0.0,0.0,0.0,0.0,0.0,0,0
A1C61SUAZAOLGO:validation:B001TJES2M,tail,,,0,0.0,0.0,0.0,0.0,0.0,0.0,0,0
A1C8GULXKPZF8V:validation:B0085MOPM4,tail,,,0,0.0,0.0,0.0,0.0,0.0,0.0,0,0
A1C9HQ28WIKFN0:validation:B0045OV8NU,tail,,,0,0.0,0.0,0.0,0.0,0.0,0.0,0,0
A1CC3G24842BG6:validation:B002LE32EE,tail,,49,1,0.0,0.0,0.0,0.0,0.0,1.0,1,0
A1CO9BE1EX533H:validation:B003C1FO5U,head,,,0,0.0,0.0,0.0,0.0,0.0,0.0,0,0
A1CR5F9SON7A15:validation:B0039S7NO6,head,2,2,1,1.0,0.6309297535714575,1.0,1.0,0.6309297535714575,1.0,0,0
A1CVOZ5UIXB5W5:validation:B002YITFB6,tail,,,0,0.0,0.0,0.0,0.0,0.0,0.0,0,0
A1CZX3CP8IKQIJ:validation:B001LF3SZ2,tail,1,1,1,1.0,1.0,1.0,1.0,1.0,1.0,0,0
A1D1IDI5S9TN9D:validation:B00EDBYHPQ,tail,,,0,0.0,0.0,0.0,0.0,0.0,0.0,0,0
A1D5XZ5NKK07XE:validation:B0007WWZL8,tail,,,0,0.0,0.0,0.0,0.0,0.0,0.0,0,0
A1D7UE3ILUOIK0:validation:B003A6EMB4,tail,,,0,0.0,0.0,0.0,0.0,0.0,0.0,0,0
A1DOG75V4DP366:validation:B007QNDWB8,tail,,,0,0.0,0.0,0.0,0.0,0.0,0.0,0,0
A1DP5M6MBBB37W:validation:B00C74HWWQ,tail,,,0,0.0,0.0,0.0,0.0,0.0,0.0,0,0
A1DSEEQ3RWMTBM:validation:B000VO3GPG,head,1,1,1,1.0,1.0,1.0,1.0,1.0,1.0,0,0
A1DTV8HMAZLE69:validation:B007AQ22PS,tail,,87,1,0.0,0.0,0.0,0.0,0.0,0.0,1,0
A1DX9NSQKCTPR3:validation:B00DR2VOJO,head,,,0,0.0,0.0,0.0,0.0,0.0,0.0,0,0
A1E723A6KDXQJQ:validation:B00CQHZ2LW,tail,,,0,0.0,0.0,0.0,0.0,0.0,0.0,0,0
A1EC0N43JWJ7R3:validation:B00C2P73QK,tail,,,0,0.0,0.0,0.0,0.0,0.0,0.0,0,0
A1EJ79Q0TVR2NJ:validation:0735321396,tail,,,0,0.0,0.0,0.0,0.0,0.0,0.0,0,0
A1EPJ1WT9GDMLO:validation:B001PL7R7M,tail,,,0,0.0,0.0,0.0,0.0,0.0,0.0,0,0
A1EYJR8G44K1UT:validation:B00AKUAI02,tail,,,0,0.0,0.0,0.0,0.0,0.0,0.0,0,0
A1FI3FNLU8NES0:validation:B0015GMFNS,head,,,0,0.0,0.0,0.0,0.0,0.0,0.0,0,0
A1FII6B4HLS8XR:validation:B004U52VPS,head,,,0,0.0,0.0,0.0,0.0,0.0,0.0,0,0
A1FKT49W9YCSTW:validation:B000067BIE,tail,,,0,0.0,0.0,0.0,0.0,0.0,0.0,0,0
A1FOL3WNG4G13H:validation:B00BQYR110,head,,,0,0.0,0.0,0.0,0.0,0.0,0.0,0,0
A1FPVTPIJF9IIQ:validation:B000197NXM,head,,,0,0.0,0.0,0.0,0.0,0.0,0.0,0,0
A1FWFCJU2G7TRA:validation:B00CUDE2G8,tail,1,1,1,1.0,1.0,1.0,1.0,1.0,1.0,0,0
A1FY4RR0LGCJ0Q:validation:B00A8VJC7S,tail,,,0,0.0,0.0,0.0,0.0,0.0,0.0,0,0
A1G44CSFS5AF6B:validation:B0012534TG,tail,,,0,0.0,0.0,0.0,0.0,0.0,0.0,0,0
A1G6PV3DQ3FR67:validation:B004INGVIK,head,,,0,0.0,0.0,0.0,0.0,0.0,0.0,0,0
A1G9ZSWYWORQYD:validation:B001EB9F3C,head,,,0,0.0,0.0,0.0,0.0,0.0,0.0,0,0
A1GCOURMTPXKWI:validation:B002BY2BVE,head,,,0,0.0,0.0,0.0,0.0,0.0,0.0,0,0
A1GD0AWPQWYHD0:validation:B008DBZBUC,head,3,3,1,1.0,0.5,1.0,1.0,0.5,1.0,0,0
A1GE065MNI4G1E:validation:B008RU8GC4,head,3,3,1,1.0,0.5,1.0,1.0,0.5,1.0,0,0
A1GQAKL9CGQLP1:validation:1589947207,tail,,92,1,0.0,0.0,0.0,0.0,0.0,0.0,1,0
A1GQJWDR6EXCC6:validation:B007WDPXFK,tail,,,0,0.0,0.0,0.0,0.0,0.0,0.0,0,0
A1H2HMGA4ZYU5X:validation:B008O6Q7D6,tail,,,0,0.0,0.0,0.0,0.0,0.0,0.0,0,0
A1H3RXPWFOUCHS:validation:B001RPWM7Q,head,,,0,0.0,0.0,0.0,0.0,0.0,0.0,0,0
A1H48O9C28RI2H:validation:B005GXVW62,tail,,,0,0.0,0.0,0.0,0.0,0.0,0.0,0,0
A1H6AY9HN15483:validation:B00804BCO6,head,,,0,0.0,0.0,0.0,0.0,0.0,0.0,0,0
A1HBC0NBQJHT7X:validation:B00BFRNQL2,head,33,44,1,0.0,0.0,1.0,0.0,0.0,1.0,1,0
A1HCBSMBCI2Q5G:validation:B002NPBT50,head,13,14,1,0.0,0.0,1.0,0.0,0.0,1.0,1,0
A1HCCA1A6MUQVE:validation:B00005NQE8,head,,,0,0.0,0.0,0.0,0.0,0.0,0.0,0,0
A1HH3UI5ZFQ1I9:validation:B000ZL7EIU,tail,,,0,0.0,0.0,0.0,0.0,0.0,0.0,0,0
A1HJV5IHYTBXEQ:validation:B00168PI9S,tail,,,0,0.0,0.0,0.0,0.0,0.0,0.0,0,0
A1HLSEQ9SPO3JR:validation:B001D1FP46,tail,,,0,0.0,0.0,0.0,0.0,0.0,0.0,0,0
A1HP8DP7RKUPKA:validation:B0012QVOVA,tail,,,0,0.0,0.0,0.0,0.0,0.0,0.0,0,0
A1HTUXCH7LIRVM:validation:B006OG75ES,tail,,,0,0.0,0.0,0.0,0.0,0.0,0.0,0,0
A1HYH206E18XVC:validation:B00FY2P7IY,head,,,0,0.0,0.0,0.0,0.0,0.0,0.0,0,0
A1I04FUHARXJWN:validation:B000YEPPF2,head,,,0,0.0,0.0,0.0,0.0,0.0,0.0,0,0
A1I4YAA9N1VVU7:validation:B002PEGT9U,tail,,,0,0.0,0.0,0.0,0.0,0.0,0.0,0,0
A1I5JB80670KFG:validation:B004D28JP4,tail,,,0,0.0,0.0,0.0,0.0,0.0,0.0,0,0
A1I7QGUDP043DG:validation:B00B1Z6FKW,head,,,0,0.0,0.0,0.0,0.0,0.0,0.0,0,0
A1ID0AUZ7IPWFD:validation:B004NSUIJ8,tail,,,0,0.0,0.0,0.0,0.0,0.0,0.0,0,0
A1IIPTAUYV9P2D:validation:B000GR75SC,head,,,0,0.0,0.0,0.0,0.0,0.0,0.0,0,0
A1IIYPO3ECU2H2:validation:B0000C9WI1,head,,,0,0.0,0.0,0.0,0.0,0.0,0.0,0,0
A1IMQMCNJ6HGN4:validation:B00004TFXT,head,,,0,0.0,0.0,0.0,0.0,0.0,0.0,0,0
A1IN9LVY9QL620:validation:B000ECU7FM,tail,,,0,0.0,0.0,0.0,0.0,0.0,0.0,0,0
A1IUC62RU8FI29:validation:B00875JE0C,head,,,0,0.0,0.0,0.0,0.0,0.0,0.0,0,0
A1J2F47CJVXQ1M:validation:B00A92GKI0,tail,,,0,0.0,0.0,0.0,0.0,0.0,0.0,0,0
A1J5FNJLW42BL8:validation:B0015344GM,tail,,,0,0.0,0.0,0.0,0.0,0.0,0.0,0,0
A1J5R351ZA5JZS:validation:B003H9MSO2,tail,,,0,0.0,0.0,0.0,0.0,0.0,0.0,0,0
A1J8Y90DLZDTB:validation:B000F5SF52,tail,,,0,0.0,0.0,0.0,0.0,0.0,0.0,0,0
A1JD329EJOEY99:validation:B004P4TG2A,tail,,,0,0.0,0.0,0.0,0.0,0.0,0.0,0,0
A1JERA6E5NTJQK:validation:B005QZP964,head,,,0,0.0,0.0,0.0,0.0,0.0,0.0,0,0
A1JL84URLR9Q3O:validation:B004Z7H2EQ,head,,,0,0.0,0.0,0.0,0.0,0.0,0.0,0,0
A1JR0017OUNGC9:validation:B000068E3J,head,,,0,0.0,0.0,0.0,0.0,0.0,0.0,0,0
A1JTG2AJ38OHKO:validation:B001OXRTX8,head,,,0,0.0,0.0,0.0,0.0,0.0,0.0,0,0
A1JZGRS68RAQ4Y:validation:B00712NTWQ,head,,,0,0.0,0.0,0.0,0.0,0.0,0.0,0,0
A1K1YV2K1958SE:validation:B008W1BQMU,tail,,,0,0.0,0.0,0.0,0.0,0.0,0.0,0,0
A1K1Z8XHZLATOJ:validation:B008O6Q8H6,tail,,,0,0.0,0.0,0.0,0.0,0.0,0.0,0,0
A1K2EM1HZ2IE68:validation:B004ORS0JI,tail,,,0,0.0,0.0,0.0,0.0,0.0,0.0,0,0
A1KBLY3361QYZZ:validation:B0053FXGE4,head,,,0,0.0,0.0,0.0,0.0,0.0,0.0,0,0
A1KF6JMD1F0X0W:validation:B004M2HNO8,tail,,,0,0.0,0.0,0.0,0.0,0.0,0.0,0,0
A1KHLGSQO7G7J0:validation:B004OSQOHW,tail,,97,1,0.0,0.0,0.0,0.0,0.0,0.0,1,0
A1KKSZCWTDPMGJ:validation:B0043GKM7S,tail,,,0,0.0,0.0,0.0,0.0,0.0,0.0,0,0
A1KRYEH6EDGQ6E:validation:B000K8FYAS,head,5,4,1,1.0,0.38685280723454163,1.0,1.0,0.43067655807339306,1.0,1,0
A1KVXPIUWAAG3K:validation:B004ORV2WK,head,,,0,0.0,0.0,0.0,0.0,0.0,0.0,0,0
A1KWPIORLG2QV:validation:B005XVCR48,head,,,0,0.0,0.0,0.0,0.0,0.0,0.0,0,0
A1L6YMKSJZ9UZA:validation:B00G69PTKK,tail,,,0,0.0,0.0,0.0,0.0,0.0,0.0,0,0
A1LBKAHPJ9D9LI:validation:B009Y96PDO,tail,,,0,0.0,0.0,0.0,0.0,0.0,0.0,0,0
A1LBSP9CGIBC6S:validation:B00CP4J7OY,head,,,0,0.0,0.0,0.0,0.0,0.0,0.0,0,0
A1LK5QH0EYEGM2:validation:B000SDPYMS,tail,,,0,0.0,0.0,0.0,0.0,0.0,0.0,0,0
A1LM6BUPDBM31S:validation:B0002HYD1S,head,,,0,0.0,0.0,0.0,0.0,0.0,0.0,0,0
A1LOW0ABH5WFQ8:validation:B00804BCLY,tail,,,0,0.0,0.0,0.0,0.0,0.0,0.0,0,0
A1LPTSTVZJ21PD:validation:B004PBJFO2,head,,,0,0.0,0.0,0.0,0.0,0.0,0.0,0,0
A1LRGXJ3AODW79:validation:B008D19K1S,tail,,,0,0.0,0.0,0.0,0.0,0.0,0.0,0,0
A1LYDMJ55BBQJB:validation:B00B0FV4FE,tail,36,32,1,0.0,0.0,1.0,0.0,0.0,1.0,1,0
A1M24WF88AAVZ8:validation:B000AS2AL4,head,,,0,0.0,0.0,0.0,0.0,0.0,0.0,0,0
A1MAQHECJKA2OV:validation:B0009K4ED0,tail,1,1,1,1.0,1.0,1.0,1.0,1.0,1.0,0,0
A1MGBZQIYZXQMZ:validation:B000EULXA2,head,,,0,0.0,0.0,0.0,0.0,0.0,0.0,0,0
A1MIP8H7G33SHC:validation:B003AIM52A,head,,,0,0.0,0.0,0.0,0.0,0.0,0.0,0,0
A1MV4SG6PN3YIP:validation:B009K4E59O,tail,,,0,0.0,0.0,0.0,0.0,0.0,0.0,0,0
A1NHIMW2RBWX0Q:validation:0976990768,tail,,,0,0.0,0.0,0.0,0.0,0.0,0.0,0,0
A1NIBPQYW0MIY0:validation:B0039S7NO6,head,1,1,1,1.0,1.0,1.0,1.0,1.0,1.0,0,0
A1NN8Q1DLAYPGH:validation:B00ECV4YRS,tail,16,25,1,0.0,0.0,1.0,0.0,0.0,1.0,1,0
A1NNZB448WT9OU:validation:B002RL7W9C,tail,9,10,1,1.0,0.3010299956639812,1.0,1.0,0.2890648263178879,1.0,1,0
A1NOV41485TE0D:validation:B00AHAJBQM,head,,,0,0.0,0.0,0.0,0.0,0.0,0.0,0,0
A1NPIIM40HL8GL:validation:B0038APBDA,head,4,4,1,1.0,0.43067655807339306,1.0,1.0,0.43067655807339306,1.0,0,0
A1NZGPZO6U6D1T:validation:B003O3FYP6,tail,,,0,0.0,0.0,0.0,0.0,0.0,0.0,0,0
A1O62IHK2IF5PC:validation:B007U7M0WC,head,10,7,1,1.0,0.2890648263178879,1.0,1.0,0.3333333333333333,1.0,1,0
A1O7LBXOKLIYZD:validation:B005IFVY3Y,tail,,,0,0.0,0.0,0.0,0.0,0.0,0.0,0,0
A1OB8SFJFVWOSE:validation:B00486ZVC4,head,,,0,0.0,0.0,0.0,0.0,0.0,0.0,0,0
A1OETHEBGDTDQQ:validation:B000VO3GME,head,,,0,0.0,0.0,0.0,0.0,0.0,0.0,0,0
A1OF44E669W2WR:validation:B0030F67N6,head,25,26,1,0.0,0.0,1.0,0.0,0.0,1.0,1,0
A1OJ2JMC9B4HLZ:validation:B000RA96RG,tail,,,0,0.0,0.0,0.0,0.0,0.0,0.0,0,0
A1OKWWEZSU5NTM:validation:B005N28TNU,head,27,24,1,0.0,0.0,1.0,0.0,0.0,1.0,1,0
A1OLV069VNBMK4:validation:B000T6XNLI,tail,,,0,0.0,0.0,0.0,0.0,0.0,0.0,0,0
A1OUQCTNVKPVR9:validation:B001MKG5SI,tail,4,4,1,1.0,0.43067655807339306,1.0,1.0,0.43067655807339306,1.0,0,0
A1P1IEBKXW32RK:validation:B002OSY2SC,head,,,0,0.0,0.0,0.0,0.0,0.0,0.0,0,0
A1P46SD6R15ZV:validation:B0001NE85Y,tail,,,0,0.0,0.0,0.0,0.0,0.0,0.0,0,0
A1PAGHECG401K1:validation:B0007WXPHQ,tail,,,0,0.0,0.0,0.0,0.0,0.0,0.0,0,0
A1PMCLA7UNNFKJ:validation:B0038ANO3O,head,,,0,0.0,0.0,0.0,0.0,0.0,0.0,0,0
A1PS7BFRH2V6PM:validation:B00114UCYS,tail,,,0,0.0,0.0,0.0,0.0,0.0,0.0,0,0
A1PYUPO4L7MA5T:validation:B00CYHZN8G,tail,41,33,1,0.0,0.0,1.0,0.0,0.0,1.0,1,0
A1Q775U9S11TUN:validation:B008B68IMM,head,2,2,1,1.0,0.6309297535714575,1.0,1.0,0.6309297535714575,1.0,0,0
A1QJ8O04T2X0WR:validation:B004M8R9F0,tail,,,0,0.0,0.0,0.0,0.0,0.0,0.0,0,0
A1QL2MCLLMCE0W:validation:B0037UP9MY,head,,,0,0.0,0.0,0.0,0.0,0.0,0.0,0,0
A1QO3EN7RNJSD5:validation:B000FH18FY,head,,,0,0.0,0.0,0.0,0.0,0.0,0.0,0,0
A1QOK9LU90ACF7:validation:B00BY8095I,head,30,25,1,0.0,0.0,1.0,0.0,0.0,1.0,1,0
A1QQHHK1S9B4KJ:validation:B00F9F6OVK,head,3,2,1,1.0,0.5,1.0,1.0,0.6309297535714575,1.0,1,0
A1QYE76M7E4ZK4:validation:B001RNC0VG,tail,22,20,1,0.0,0.0,1.0,0.0,0.0,1.0,1,0
A1R0Z1AWJ7L9GT:validation:B0030F67N6,head,,,0,0.0,0.0,0.0,0.0,0.0,0.0,0,0
A1R1BFJCMWX0Y3:validation:B006WZLCZ4,head,1,1,1,1.0,1.0,1.0,1.0,1.0,1.0,0,0
A1R384VME9XX2N:validation:B004NWHG9O,tail,3,3,1,1.0,0.5,1.0,1.0,0.5,1.0,0,0
A1RA0GC9JWXOQG:validation:B0006N8NUU,head,,,0,0.0,0.0,0.0,0.0,0.0,0.0,0,0
A1RFEO61AGIRPR:validation:B002F9NH7W,head,,,0,0.0,0.0,0.0,0.0,0.0,0.0,0,0
A1RPBNHDYBX1UB:validation:B00000J1DM,head,,,0,0.0,0.0,0.0,0.0,0.0,0.0,0,0
A1RV9K657L0Q3O:validation:B00BV2V8A2,tail,1,1,1,1.0,1.0,1.0,1.0,1.0,1.0,0,0
A1SFW87FUNFZGB:validation:B00005ICC4,tail,,,0,0.0,0.0,0.0,0.0,0.0,0.0,0,0
A1SGYMJC1ESE27:validation:B005KLT5AU,tail,,,0,0.0,0.0,0.0,0.0,0.0,0.0,0,0
A1SJSLSIMHRL2Z:validation:B009F7OXCA,head,,,0,0.0,0.0,0.0,0.0,0.0,0.0,0,0
A1SKZYT31006MW:validation:B0083TXWXC,head,,,0,0.0,0.0,0.0,0.0,0.0,0.0,0,0
A1SNAWQ3DYNK5I:validation:B0083TXXIQ,head,,,0,0.0,0.0,0.0,0.0,0.0,0.0,0,0
A1SPCP1NLUZMUX:validation:B0088I2ABI,tail,,,0,0.0,0.0,0.0,0.0,0.0,0.0,0,0
A1SWY7DY3RRC2Q:validation:B001G5ZCCE,tail,,,0,0.0,0.0,0.0,0.0,0.0,0.0,0,0
A1SXODI4C34W1M:validation:B0014E15WI,tail,,,0,0.0,0.0,0.0,0.0,0.0,0.0,0,0
A1SY4X1WWNOBX5:validation:B00BIDJP2W,head,,,0,0.0,0.0,0.0,0.0,0.0,0.0,0,0
A1T4W38AC7EZTO:validation:B00CMHWTRG,tail,,,0,0.0,0.0,0.0,0.0,0.0,0.0,0,0
A1T64JWXEI4BD6:validation:0670010936,tail,,,0,0.0,0.0,0.0,0.0,0.0,0.0,0,0
A1TI39GE1KLXZC:validation:B007Q0OUFS,head,,,0,0.0,0.0,0.0,0.0,0.0,0.0,0,0
A1TPDAUAP03R15:validation:B004Z4C0WI,tail,,,0,0.0,0.0,0.0,0.0,0.0,0.0,0,0
A1TYHMRHGS5YGX:validation:B004UJF0DE,tail,,,0,0.0,0.0,0.0,0.0,0.0,0.0,0,0
A1TYJZQGYQTQQ1:validation:B004MWJLHK,head,41,40,1,0.0,0.0,1.0,0.0,0.0,1.0,1,0
A1U03HWE42DKYI:validation:B002YIRKBS,head,,,0,0.0,0.0,0.0,0.0,0.0,0.0,0,0
A1U5NG25050XBJ:validation:B0091SWDFC,tail,,,0,0.0,0.0,0.0,0.0,0.0,0.0,0,0
A1U6JXEUR57P8A:validation:B0030HBVG2,head,,,0,0.0,0.0,0.0,0.0,0.0,0.0,0,0
A1UCNO5851ZT5L:validation:B005NCELUA,tail,,,0,0.0,0.0,0.0,0.0,0.0,0.0,0,0
A1UF3F3UAAPGQM:validation:B004C7QNMG,head,,,0,0.0,0.0,0.0,0.0,0.0,0.0,0,0
A1UWQQX74FFMZB:validation:B004CJ8CFA,tail,,,0,0.0,0.0,0.0,0.0,0.0,0.0,0,0
A1UXB085UZJHZM:validation:B008B68IE0,head,39,30,1,0.0,0.0,1.0,0.0,0.0,1.0,1,0
A1UZ4KONK58IF1:validation:B000BTNQVA,head,,,0,0.0,0.0,0.0,0.0,0.0,0.0,0,0
A1V3PCKVCJ3TTZ:validation:B00FAQW0NO,tail,,,0,0.0,0.0,0.0,0.0,0.0,0.0,0,0
A1VC6419THHIET:validation:B004USLP48,tail,3,3,1,1.0,0.5,1.0,1.0,0.5,1.0,0,0
A1VLQ56SGOAUUK:validation:B008I6OX4M,tail,,,0,0.0,0.0,0.0,0.0,0.0,0.0,0,0
A1VQI32QPYXU6F:validation:B00AWNUHB2,head,,,0,0.0,0.0,0.0,0.0,0.0,0.0,0,0
A1W1UGYMPCOR9X:validation:B000096R6U,tail,,,0,0.0,0.0,0.0,0.0,0.0,0.0,0,0
A1W2F1WI0QZ4AJ:validation:B00JV9HDP6,tail,36,46,1,0.0,0.0,1.0,0.0,0.0,1.0,1,0
A1W52TKIOWH9K4:validation:B007XVYSYI,head,18,18,1,0.0,0.0,1.0,0.0,0.0,1.0,0,0
A1W7R5ZAGVOSVQ:validation:B00CI6J8KW,head,48,36,1,0.0,0.0,1.0,0.0,0.0,1.0,1,0
A1WDO0595L09CF:validation:B00DOX32UK,tail,1,1,1,1.0,1.0,1.0,1.0,1.0,1.0,0,0
A1WGRWF9TSCJRO:validation:B003H72KG0,head,,,0,0.0,0.0,0.0,0.0,0.0,0.0,0,0
A1WI236ZYBWCI2:validation:B00025EIZG,tail,,,0,0.0,0.0,0.0,0.0,0.0,0.0,0,0
A1WOLYSTSPL4FK:validation:B0012NSMEK,tail,,,0,0.0,0.0,0.0,0.0,0.0,0.0,0,0
A1WP6GULU1WH8R:validation:B00000JN49,tail,,,0,0.0,0.0,0.0,0.0,0.0,0.0,0,0
A1WPOY6VFG0CZX:validation:B004UPKKX8,tail,,87,1,0.0,0.0,0.0,0.0,0.0,0.0,1,0
A1WSRCFP93O2RP:validation:B00CPHX9JK,tail,,,0,0.0,0.0,0.0,0.0,0.0,0.0,0,0
A1WWRLHN9ZNWVT:validation:B00419T56Q,tail,,,0,0.0,0.0,0.0,0.0,0.0,0.0,0,0
A1X9WG5R1DY9L2:validation:B004A8ZRBA,head,36,42,1,0.0,0.0,1.0,0.0,0.0,1.0,1,0
A1XAI08G1SA66C:validation:B001617RW6,head,,,0,0.0,0.0,0.0,0.0,0.0,0.0,0,0
A1XDP550N8ANQ2:validation:B008B68IE0,head,11,10,1,0.0,0.0,1.0,1.0,0.2890648263178879,1.0,1,0
A1XEZIHQIUAOR1:validation:B00C81LYH2,head,,,0,0.0,0.0,0.0,0.0,0.0,0.0,0,0
A1XFI340SHOS5K:validation:B009AFNTCC,head,,,0,0.0,0.0,0.0,0.0,0.0,0.0,0,0
A1XFLE37PN20DX:validation:B004UFHBRQ,tail,,87,1,0.0,0.0,0.0,0.0,0.0,0.0,1,0
A1Y1PREAQQJFEK:validation:B001BKX0V4,head,,,0,0.0,0.0,0.0,0.0,0.0,0.0,0,0
A1Y5HXWTWU6T2P:validation:B009TBEF8Y,tail,,,0,0.0,0.0,0.0,0.0,0.0,0.0,0,0
A1Y7M7Q37TSDJJ:validation:B003DZ1TAO,tail,,,0,0.0,0.0,0.0,0.0,0.0,0.0,0,0
A1YA4JZUGF8ZVZ:validation:B00009IM7V,tail,,88,1,0.0,0.0,0.0,0.0,0.0,0.0,1,0
A1YE1MVN4NQRIM:validation:B007YCYD14,tail,,,0,0.0,0.0,0.0,0.0,0.0,0.0,0,0
A1YE4TXY3NXG7N:validation:B003FBVCAS,tail,,,0,0.0,0.0,0.0,0.0,0.0,0.0,0,0
A1YJMG0QJXZLD4:validation:B0092ZAYLO,tail,,,0,0.0,0.0,0.0,0.0,0.0,0.0,0,0
A1YJZ8IQCIC4JH:validation:B0035GS63E,tail,,,0,0.0,0.0,0.0,0.0,0.0,0.0,0,0
A1YLS2QFFBDAG3:validation:B00000IS1N,tail,,85,1,0.0,0.0,0.0,0.0,0.0,0.0,1,0
A1YSH8X4ZR1S09:validation:B000KHZ044,tail,,,0,0.0,0.0,0.0,0.0,0.0,0.0,0,0
A1YTDEXE0IV1J2:validation:8499000606,head,,,0,0.0,0.0,0.0,0.0,0.0,0.0,0,0
A1Z3QPQQP6EDOH:validation:B00BQYR0NE,tail,,,0,0.0,0.0,0.0,0.0,0.0,0.0,0,0
A1Z7CY580NYNFD:validation:B000EDQGLK,head,,,0,0.0,0.0,0.0,0.0,0.0,0.0,0,0
A1Z7U9K6X3FEOU:validation:B009T45X78,tail,,,0,0.0,0.0,0.0,0.0,0.0,0.0,0,0
A1Z8OFGUAVJAVL:validation:B00A88EP6Y,head,,,0,0.0,0.0,0.0,0.0,0.0,0.0,0,0
A1Z9Y3MXTQVSCV:validation:B001R6AUGA,tail,,,0,0.0,0.0,0.0,0.0,0.0,0.0,0,0
A1ZDQZQ7YSMT1I:validation:B00BN4QVF0,tail,,,0,0.0,0.0,0.0,0.0,0.0,0.0,0,0
A1ZO61O7DX79N3:validation:B006OBH98U,tail,,,0,0.0,0.0,0.0,0.0,0.0,0.0,0,0
A1ZSWCQ0CWF47N:validation:B000SDPYMS,tail,,,0,0.0,0.0,0.0,0.0,0.0,0.0,0,0
A1ZU8UBPYYADVE:validation:B00CMHWSKY,tail,,77,1,0.0,0.0,0.0,0.0,0.0,0.0,1,0
A1ZUDIBS83KQ2P:validation:B008KQ1X3O,tail,,61,1,0.0,0.0,0.0,0.0,0.0,0.0,1,0
A1ZVMTIRYZQDL4:validation:B00EX5K1GG,tail,,,0,0.0,0.0,0.0,0.0,0.0,0.0,0,0
A203WLJ31GIUTB:validation:B0007ZKN6E,tail,,,0,0.0,0.0,0.0,0.0,0.0,0.0,0,0
A208U42GARHSOR:validation:B0075XNGGK,head,,,0,0.0,0.0,0.0,0.0,0.0,0.0,0,0
A20COFDD0UXGKR:validation:B002IPGXTM,tail,,,0,0.0,0.0,0.0,0.0,0.0,0.0,0,0
A20E9CQS2ZZZUA:validation:B0009V89IK,head,,,0,0.0,0.0,0.0,0.0,0.0,0.0,0,0
A20I336QR4ZVFM:validation:B00000IZOU,head,,,0,0.0,0.0,0.0,0.0,0.0,0.0,0,0
A20OVXUZTKR6R4:validation:B0038B2DTO,tail,15,16,1,0.0,0.0,1.0,0.0,0.0,1.0,1,0
A20Q8XO0Q85S3B:validation:B004H1V5RU,head,,,0,0.0,0.0,0.0,0.0,0.0,0.0,0,0
A20XM6F911RIDE:validation:B0083TXZVQ,tail,,,0,0.0,0.0,0.0,0.0,0.0,0.0,0,0
A20XOKI1KEUFXO:validation:B001EGYWT4,tail,,,0,0.0,0.0,0.0,0.0,0.0,0.0,0,0
A20ZLDHGXMVT8H:validation:B00000IWDQ,tail,,,0,0.0,0.0,0.0,0.0,0.0,0.0,0,0
A2161K33Q5DZ3D:validation:B007LYX1JK,tail,,,0,0.0,0.0,0.0,0.0,0.0,0.0,0,0
A216SKRFFQU4ZM:validation:B0043IEDG2,tail,,,0,0.0,0.0,0.0,0.0,0.0,0.0,0,0
A21CRZ109CBB9Q:validation:B00DPK10OM,tail,,,0,0.0,0.0,0.0,0.0,0.0,0.0,0,0
A21FDAQPYSDQ2A:validation:B000I8SMZE,head,,,0,0.0,0.0,0.0,0.0,0.0,0.0,0,0
A21JX86YJQL7OE:validation:B0045H0L1W,head,,,0,0.0,0.0,0.0,0.0,0.0,0.0,0,0
A21O3I49JV44S6:validation:B002N4KK7O,head,,,0,0.0,0.0,0.0,0.0,0.0,0.0,0,0
A225L8NTXN221E:validation:B007U7M0WC,head,,,0,0.0,0.0,0.0,0.0,0.0,0.0,0,0
A225UWT247BBBH:validation:B0043T4C5S,tail,,,0,0.0,0.0,0.0,0.0,0.0,0.0,0,0
A22IOW4U7ER2TR:validation:B006CD33VW,tail,,49,1,0.0,0.0,0.0,0.0,0.0,1.0,1,0
A22KIJ40QRB7QJ:validation:B004LT55DS,tail,,,0,0.0,0.0,0.0,0.0,0.0,0.0,0,0
A22LU4SUE4NFMX:validation:B007J3F9VG,head,,,0,0.0,0.0,0.0,0.0,0.0,0.0,0,0
A22OPOM9HSDH0F:validation:B004S6DWDY,head,,,0,0.0,0.0,0.0,0.0,0.0,0.0,0,0
A22YTQWCR52OIW:validation:B00BV2V8A2,tail,,,0,0.0,0.0,0.0,0.0,0.0,0.0,0,0
A22Z4PC8DAO9CN:validation:B00E2K3498,tail,,,0,0.0,0.0,0.0,0.0,0.0,0.0,0,0
A22ZWCPMU5HJTI:validation:B000M3QJPU,head,,,0,0.0,0.0,0.0,0.0,0.0,0.0,0,0
A23CBQPZFIHK0H:validation:B005GTJ0AG,tail,,,0,0.0,0.0,0.0,0.0,0.0,0.0,0,0
A23D7ZHD48Q2AD:validation:B00D9LWJHE,tail,,,0,0.0,0.0,0.0,0.0,0.0,0.0,0,0
A23LI4IGIGNV8H:validation:B000R9O30W,tail,,,0,0.0,0.0,0.0,0.0,0.0,0.0,0,0
A23PBLHUOR6GNN:validation:B00C6PYQAM,head,2,2,1,1.0,0.6309297535714575,1.0,1.0,0.6309297535714575,1.0,0,0
A23TXD0C5CX6IM:validation:B000067NXE,head,,,0,0.0,0.0,0.0,0.0,0.0,0.0,0,0
A23V4X4BMP0ZFC:validation:B00AZZPYEC,tail,,,0,0.0,0.0,0.0,0.0,0.0,0.0,0,0
A243LSI3VCVMJ:validation:B003ET2GOC,tail,,,0,0.0,0.0,0.0,0.0,0.0,0.0,0,0
A24AVH6Y1P8Y66:validation:B006X9KV6U,tail,,,0,0.0,0.0,0.0,0.0,0.0,0.0,0,0
A24BNWRJFFISU1:validation:B000E9DPVI,head,,,0,0.0,0.0,0.0,0.0,0.0,0.0,0,0
A24EM0VCXOD0XH:validation:B003O85K2S,head,18,16,1,0.0,0.0,1.0,0.0,0.0,1.0,1,0
A24HD3TRDRTNM9:validation:B008JNPBYK,head,1,1,1,1.0,1.0,1.0,1.0,1.0,1.0,0,0
A24LFAY8C6YGAV:validation:B001C7617Q,head,1,1,1,1.0,1.0,1.0,1.0,1.0,1.0,0,0
A24LTAUZQJOSW4:validation:B00G4VN3EY,tail,1,1,1,1.0,1.0,1.0,1.0,1.0,1.0,0,0
A24O15MYDNLZBE:validation:B00B28GVLG,head,,,0,0.0,0.0,0.0,0.0,0.0,0.0,0,0
A24S9OK74AFS38:validation:B00022F0WE,head,15,14,1,0.0,0.0,1.0,0.0,0.0,1.0,1,0
A24SHT6H38SXZG:validation:B00BU3ZLJQ,head,,,0,0.0,0.0,0.0,0.0,0.0,0.0,0,0
A24V9YEELL0B7V:validation:B00FFQOP28,tail,13,10,1,0.0,0.0,1.0,1.0,0.2890648263178879,1.0,1,0
A24YEME785ZU4B:validation:B001MY20X8,tail,,,0,0.0,0.0,0.0,0.0,0.0,0.0,0,0
A24ZFY45PF6BGA:validation:B0001XNTJA,head,,,0,0.0,0.0,0.0,0.0,0.0,0.0,0,0
A24ZLAOG87HBST:validation:B001UCIM8E,tail,,,0,0.0,0.0,0.0,0.0,0.0,0.0,0,0
A251J83YR8L5L6:validation:B005688T5E,head,,,0,0.0,0.0,0.0,0.0,0.0,0.0,0,0
A25BZTICOVSHJ0:validation:B00804BDEU,head,,,0,0.0,0.0,0.0,0.0,0.0,0.0,0,0
A25IRWH03ZHRRE:validation:B0074H49NG,tail,,,0,0.0,0.0,0.0,0.0,0.0,0.0,0,0
A2604CB1MDQ7GK:validation:B005QZP964,head,,,0,0.0,0.0,0.0,0.0,0.0,0.0,0,0
A26ER7QE4RC38C:validation:B00BN6QAWM,head,,,0,0.0,0.0,0.0,0.0,0.0,0.0,0,0
A26K649TRRLTYZ:validation:B000VO3HFK,tail,,,0,0.0,0.0,0.0,0.0,0.0,0.0,0,0
A26LD9FQHTM8ZH:validation:B004U6NS5Y,tail,,,0,0.0,0.0,0.0,0.0,0.0,0.0,0,0
A26UMO0AX8FYU3:validation:B008BRLZ44,tail,,,0,0.0,0.0,0.0,0.0,0.0,0.0,0,0
A2708RDLWPPDOM:validation:B008DBZBS4,head,,,0,0.0,0.0,0.0,0.0,0.0,0.0,0,0
A272D4VBDBU81W:validation:B000ELWHUQ,tail,,,0,0.0,0.0,0.0,0.0,0.0,0.0,0,0
A275K6JD4B0W50:validation:B0089RPUHO,head,,,0,0.0,0.0,0.0,0.0,0.0,0.0,0,0
A27BPT3KS5OV2:validation:B0019LSGLY,tail,,,0,0.0,0.0,0.0,0.0,0.0,0.0,0,0
A27DE92CX538PS:validation:B003JUTR4S,tail,,,0,0.0,0.0,0.0,0.0,0.0,0.0,0,0
A2868V503LH1NV:validation:B000N178E2,head,5,5,1,1.0,0.38685280723454163,1.0,1.0,0.38685280723454163,1.0,0,0
A28ADY27SLNNLS:validation:B004Z7H14M,head,6,6,1,1.0,0.3562071871080222,1.0,1.0,0.3562071871080222,1.0,0,0
A28PM3F6B5X3UJ:validation:B00804BDBI,head,2,2,1,1.0,0.6309297535714575,1.0,1.0,0.6309297535714575,1.0,0,0
A28S3Y2UYTP4XK:validation:B007XVYSYI,head,,,0,0.0,0.0,0.0,0.0,0.0,0.0,0,0
A28SBPF6KFZ7VL:validation:B00J49UTOK,tail,,,0,0.0,0.0,0.0,0.0,0.0,0.0,0,0
A28XKGHLARSPQQ:validation:B000BN8Y8G,head,,,0,0.0,0.0,0.0,0.0,0.0,0.0,0,0
A2978O7QXQOJ50:validation:B00CMNX2IA,head,,,0,0.0,0.0,0.0,0.0,0.0,0.0,0,0
A29B414JQI6SUY:validation:B007AR5268,tail,,,0,0.0,0.0,0.0,0.0,0.0,0.0,0,0
A29M1SVJFU5FIO:validation:B003UT0KLW,tail,,,0,0.0,0.0,0.0,0.0,0.0,0.0,0,0
A29N66WIWNN8JK:validation:B003O85IF2,tail,,,0,0.0,0.0,0.0,0.0,0.0,0.0,0,0
A29V62XBC6CR75:validation:B00CMHWSN6,tail,,,0,0.0,0.0,0.0,0.0,0.0,0.0,0,0
A29W7YUDVYWO5C:validation:B000F6F8CY,head,,,0,0.0,0.0,0.0,0.0,0.0,0.0,0,0
A29YBX1T32019F:validation:B003WFKOSS,head,,,0,0.0,0.0,0.0,0.0,0.0,0.0,0,0
A2A33KJUP7T2FK:validation:B00FBW8ZIQ,head,,,0,0.0,0.0,0.0,0.0,0.0,0.0,0,0
A2A3NZPXIMD620:validation:B002S52VU2,head,,,0,0.0,0.0,0.0,0.0,0.0,0.0,0,0
A2AA5T39QIK2K1:validation:B001SN8G8Q,tail,,,0,0.0,0.0,0.0,0.0,0.0,0.0,0,0
A2AC6GQ24S45GA:validation:B00B2B0I62,head,,,0,0.0,0.0,0.0,0.0,0.0,0.0,0,0
A2ACBKGKN0M09R:validation:B00GJSWDG6,tail,,,0,0.0,0.0,0.0,0.0,0.0,0.0,0,0
A2ACWWBA3EW4XM:validation:B004ORYVAU,tail,,,0,0.0,0.0,0.0,0.0,0.0,0.0,0,0
A2AMDQQMVSVORQ:validation:B004S6EHFQ,head,,60,1,0.0,0.0,0.0,0.0,0.0,0.0,1,0
A2AMRY5HTD7YZE:validation:B000BNLVA4,tail,,,0,0.0,0.0,0.0,0.0,0.0,0.0,0,0
A2AP3QDAN4W0XK:validation:B00BQYQYHC,head,,,0,0.0,0.0,0.0,0.0,0.0,0.0,0,0
A2ASMPDV3AH0QT:validation:B003NX72CU,head,,,0,0.0,0.0,0.0,0.0,0.0,0.0,0,0
A2AWNEMZO6BZX7:validation:B006RQ8TFO,tail,9,7,1,1.0,0.3010299956639812,1.0,1.0,0.3333333333333333,1.0,1,0
A2B3GYUQEAI8XK:validation:B00FJ7M368,tail,22,16,1,0.0,0.0,1.0,0.0,0.0,1.0,1,0
A2B44JHPZ1U92G:validation:B0009K4ECQ,tail,6,6,1,1.0,0.3562071871080222,1.0,1.0,0.3562071871080222,1.0,0,0
A2B8I3AUV30UVX:validation:B000A88KOA,head,,,0,0.0,0.0,0.0,0.0,0.0,0.0,0,0
A2BIMFRYLC506B:validation:B0014JPJES,tail,,,0,0.0,0.0,0.0,0.0,0.0,0.0,0,0
A2BNNXOK7RYCGM:validation:1616615370,tail,2,2,1,1.0,0.6309297535714575,1.0,1.0,0.6309297535714575,1.0,0,0
A2BSWJ112Y5HVZ:validation:B000F3J8RI,tail,,,0,0.0,0.0,0.0,0.0,0.0,0.0,0,0
A2BXX1C7O8ZBRM:validation:B005XHPNTS,tail,,82,1,0.0,0.0,0.0,0.0,0.0,0.0,1,0
A2C0YDIRC0L62C:validation:B00BN6QAVI,head,,,0,0.0,0.0,0.0,0.0,0.0,0.0,0,0
A2C1R5BBL1WXTB:validation:B0089XNUES,tail,,,0,0.0,0.0,0.0,0.0,0.0,0.0,0,0
A2C27IQUH9N1Z:validation:B00EAHXN6M,tail,,,0,0.0,0.0,0.0,0.0,0.0,0.0,0,0
A2C2HF8X36M82S:validation:B005XVCRYS,tail,,,0,0.0,0.0,0.0,0.0,0.0,0.0,0,0
A2C7SRGQ5GM38Q:validation:B008LGSAX4,tail,,,0,0.0,0.0,0.0,0.0,0.0,0.0,0,0
A2CIQEY05SPHTZ:validation:B00CMNX8ZW,tail,,,0,0.0,0.0,0.0,0.0,0.0,0.0,0,0
A2CROZ6U97FKFH:validation:B0000DJ3FL,tail,,,0,0.0,0.0,0.0,0.0,0.0,0.0,0,0
A2CZPM110DW516:validation:B00C6PXLMQ,head,,,0,0.0,0.0,0.0,0.0,0.0,0.0,0,0
A2D0082PVFI7DG:validation:B003ZFSOZU,tail,,,0,0.0,0.0,0.0,0.0,0.0,0.0,0,0
A2D5T9PXG4SQS4:validation:B00DPK11XM,head,2,2,1,1.0,0.6309297535714575,1.0,1.0,0.6309297535714575,1.0,0,0
A2DAA1D2SAS6P8:validation:B000PCWKBA,tail,,,0,0.0,0.0,0.0,0.0,0.0,0.0,0,0
A2DF9FLWF98ZKP:validation:B0000206G9,head,,,0,0.0,0.0,0.0,0.0,0.0,0.0,0,0
A2DG8PH0DXDB3F:validation:B0039X2Y1I,head,,,0,0.0,0.0,0.0,0.0,0.0,0.0,0,0
A2DJBNB0VZU3X3:validation:B003FHXMDC,head,5,5,1,1.0,0.38685280723454163,1.0,1.0,0.38685280723454163,1.0,0,0
A2DPQBZAD05KWD:validation:B001TH8LCW,tail,,,0,0.0,0.0,0.0,0.0,0.0,0.0,0,0
A2DPYMNI2HCIOI:validation:B00114Q4KO,tail,,,0,0.0,0.0,0.0,0.0,0.0,0.0,0,0
A2E5MJH6Q0SR3Z:validation:B0036MDNN0,tail,25,17,1,0.0,0.0,1.0,0.0,0.0,1.0,1,0
A2E6COT38JYWNH:validation:B004083ELK,head,,,0,0.0,0.0,0.0,0.0,0.0,0.0,0,0
A2E7VWNPBCN2LB:validation:B00B5OL28Y,head,7,5,1,1.0,0.3333333333333333,1.0,1.0,0.38685280723454163,1.0,1,0
A2E829OI2WYQV3:validation:B004S6ECLU,head,,,0,0.0,0.0,0.0,0.0,0.0,0.0,0,0
A2EB8GCB7WA6MT:validation:B00284C4FA,tail,,,0,0.0,0.0,0.0,0.0,0.0,0.0,0,0
A2EBY3L99H90YY:validation:B0007YDC0E,tail,39,41,1,0.0,0.0,1.0,0.0,0.0,1.0,1,0
A2EHQDD4X4SLRJ:validation:B003SRGOXY,tail,,,0,0.0,0.0,0.0,0.0,0.0,0.0,0,0
A2EKQ43XM1BK2Y:validation:B007FDBELY,tail,,,0,0.0,0.0,0.0,0.0,0.0,0.0,0,0
A2ELTZP501ZTRU:validation:B00BCDQLAC,tail,,82,1,0.0,0.0,0.0,0.0,0.0,0.0,1,0
A2ETK4U8KGVXTW:validation:B002UTL4Q8,tail,,,0,0.0,0.0,0.0,0.0,0.0,0.0,0,0
A2ETQTEB6F15RP:validation:B000197NXM,head,,,0,0.0,0.0,0.0,0.0,0.0,0.0,0,0
A2EWQBSQ8UMJ5F:validation:B006ZMGR5E,tail,,,0,0.0,0.0,0.0,0.0,0.0,0.0,0,0
A2EX6ZY8KDI4UC:validation:B0012J237G,tail,,,0,0.0,0.0,0.0,0.0,0.0,0.0,0,0
A2F4A5AN5LQD1:validation:B000ELIXGI,tail,,,0,0.0,0.0,0.0,0.0,0.0,0.0,0,0
A2F6L2R2LE54F4:validation:B003BMGU2G,tail,,,0,0.0,0.0,0.0,0.0,0.0,0.0,0,0
A2F7QC6Q9KP5SV:validation:B001C7617Q,head,10,10,1,1.0,0.2890648263178879,1.0,1.0,0.2890648263178879,1.0,0,0
A2F8EOU79DK8DG:validation:B002F9NH4A,tail,,,0,0.0,0.0,0.0,0.0,0.0,0.0,0,0
A2FAFTZS0NWBB3:validation:B004SN4YHK,head,,,0,0.0,0.0,0.0,0.0,0.0,0.0,0,0
A2FDGCKOWQBSGT:validation:B00009QMQT,tail,,,0,0.0,0.0,0.0,0.0,0.0,0.0,0,0
A2FDQYS775ROJR:validation:B000IQC4N2,tail,39,39,1,0.0,0.0,1.0,0.0,0.0,1.0,0,0
A2FEHW3R2O6AXQ:validation:B0038APDDS,head,,,0,0.0,0.0,0.0,0.0,0.0,0.0,0,0
A2FJ43KTLAKP50:validation:B005L3KW9U,tail,,,0,0.0,0.0,0.0,0.0,0.0,0.0,0,0
A2FO8BWIYZRFUX:validation:B00000JJ7S,tail,16,13,1,0.0,0.0,1.0,0.0,0.0,1.0,1,0
A2FP77TBO4YI8C:validation:B00E1AEERK,tail,,,0,0.0,0.0,0.0,0.0,0.0,0.0,0,0
A2FRFAQCWZJT3Q:validation:B000QF7HLE,tail,,,0,0.0,0.0,0.0,0.0,0.0,0.0,0,0
A2G2UO4BBNISTB:validation:B00EJOCB4G,tail,,,0,0.0,0.0,0.0,0.0,0.0,0.0,0,0
A2G4OJFE2Q4HJO:validation:B00000JS5S,head,,,0,0.0,0.0,0.0,0.0,0.0,0.0,0,0
A2G8T5FL3VI0G6:validation:B007GE6UBG,head,,,0,0.0,0.0,0.0,0.0,0.0,0.0,0,0
A2GDG5MWHGU72J:validation:B00005BHUR,tail,,,0,0.0,0.0,0.0,0.0,0.0,0.0,0,0
A2GDX8X591G67N:validation:B0006IYLMO,tail,,,0,0.0,0.0,0.0,0.0,0.0,0.0,0,0
A2GFEO9CIUBG14:validation:B00CRR6UPI,tail,,,0,0.0,0.0,0.0,0.0,0.0,0.0,0,0
A2GHB9ACLHJ1NY:validation:B004INGVIU,head,25,18,1,0.0,0.0,1.0,0.0,0.0,1.0,1,0
A2GJAQK1JDDC51:validation:B00B0FTXN4,tail,1,1,1,1.0,1.0,1.0,1.0,1.0,1.0,0,0
A2H7AOXP8KUXQ1:validation:B004OFBYVG,tail,,,0,0.0,0.0,0.0,0.0,0.0,0.0,0,0
A2HGLYN2R7TURL:validation:B003621UT4,head,,,0,0.0,0.0,0.0,0.0,0.0,0.0,0,0
A2HKA3K3HBKZ3M:validation:B00EVQI9HK,tail,,,0,0.0,0.0,0.0,0.0,0.0,0.0,0,0
A2HOLM5I1ARX9J:validation:B00FY2P7IY,head,,,0,0.0,0.0,0.0,0.0,0.0,0.0,0,0
A2HPTLW9K09WYW:validation:B00CAGIUTU,tail,,,0,0.0,0.0,0.0,0.0,0.0,0.0,0,0
A2HU37D7TNL8IW:validation:B0064Z54Z6,tail,,,0,0.0,0.0,0.0,0.0,0.0,0.0,0,0
A2HXNQB6LBDQ0B:validation:B004PBJPNI,tail,,,0,0.0,0.0,0.0,0.0,0.0,0.0,0,0
A2I8DPUY5YIPZ9:validation:B006O6EIC0,head,,,0,0.0,0.0,0.0,0.0,0.0,0.0,0,0
A2IF45Z7HQ1J40:validation:B00BPDY38Q,tail,,,0,0.0,0.0,0.0,0.0,0.0,0.0,0,0
A2IG80GAYLP6G3:validation:B00CS1WD9A,head,5,5,1,1.0,0.38685280723454163,1.0,1.0,0.38685280723454163,1.0,0,0
A2IGDKOGZZTAGI:validation:B00DKCI1P6,tail,,,0,0.0,0.0,0.0,0.0,0.0,0.0,0,0
A2IJZWRR8GJ9A:validation:B006O6FKDG,head,,,0,0.0,0.0,0.0,0.0,0.0,0.0,0,0
A2J4XOAI07NP7K:validation:B004OFBY5M,tail,,,0,0.0,0.0,0.0,0.0,0.0,0.0,0,0
A2J9L2AWKTGCQD:validation:B006ROJMMA,tail,,,0,0.0,0.0,0.0,0.0,0.0,0.0,0,0
A2JE8OS1NN9YDB:validation:B00EALTQY6,tail,,,0,0.0,0.0,0.0,0.0,0.0,0.0,0,0
A2JRR1O1H60Z2Z:validation:B001PGTNK6,head,,,0,0.0,0.0,0.0,0.0,0.0,0.0,0,0
A2JRR70R42FMWB:validation:B006OG74YO,tail,,,0,0.0,0.0,0.0,0.0,0.0,0.0,0,0
A2JSLC9F2VWPFZ:validation:B002GJMOUC,head,,,0,0.0,0.0,0.0,0.0,0.0,0.0,0,0
A2JTU205C92FOS:validation:B004Z20WSE,tail,,,0,0.0,0.0,0.0,0.0,0.0,0.0,0,0
A2JXS222CBMZP0:validation:B000AM03TQ,head,,,0,0.0,0.0,0.0,0.0,0.0,0.0,0,0
A2K06IYQUP5XW:validation:B0038AJYSS,head,,,0,0.0,0.0,0.0,0.0,0.0,0.0,0,0
A2K14Y5YJWI8Q4:validation:B007U7LZQ4,tail,,,0,0.0,0.0,0.0,0.0,0.0,0.0,0,0
A2K1H0ML6NZPB6:validation:B000GKAXVK,tail,4,4,1,1.0,0.43067655807339306,1.0,1.0,0.43067655807339306,1.0,0,0
A2K6DQCIKEN55:validation:B007Q0OUFS,head,,,0,0.0,0.0,0.0,0.0,0.0,0.0,0,0
A2KG5YIV44VGYU:validation:B000F3S0B8,tail,,,0,0.0,0.0,0.0,0.0,0.0,0.0,0,0
A2KIA7JQRIDW94:validation:B004DNX6LA,tail,,,0,0.0,0.0,0.0,0.0,0.0,0.0,0,0
A2L4417BBC3UOM:validation:B008KDZO8M,head,,,0,0.0,0.0,0.0,0.0,0.0,0.0,0,0
A2L60EU34MOYTR:validation:B004FEXUP4,head,,,0,0.0,0.0,0.0,0.0,0.0,0.0,0,0
A2L6LGTCAO02FY:validation:B000UEQHYO,tail,5,4,1,1.0,0.38685280723454163,1.0,1.0,0.43067655807339306,1.0,1,0
A2LEVKA3U6CXX7:validation:B00000DMFN,head,,,0,0.0,0.0,0.0,0.0,0.0,0.0,0,0
A2LJEN8JV907XH:validation:B007B40UXU,tail,,,0,0.0,0.0,0.0,0.0,0.0,0.0,0,0
A2M4RO62XPOR67:validation:B004ULMF94,tail,,,0,0.0,0.0,0.0,0.0,0.0,0.0,0,0
A2M5P55UYEDDKF:validation:B004HHKFIY,tail,,,0,0.0,0.0,0.0,0.0,0.0,0.0,0,0
A2M9JE3YW25ZW6:validation:B001W2WKS0,head,,,0,0.0,0.0,0.0,0.0,0.0,0.0,0,0
A2MA7ZMW1C74A1:validation:B002YQU0QC,tail,,,0,0.0,0.0,0.0,0.0,0.0,0.0,0,0
A2ME89MSWVG9NF:validation:B00ECV4DD8,tail,2,2,1,1.0,0.6309297535714575,1.0,1.0,0.6309297535714575,1.0,0,0
A2MHV5LKIW90K3:validation:B001BX0BF4,head,,,0,0.0,0.0,0.0,0.0,0.0,0.0,0,0
A2MMDKNIM4ONRT:validation:B007X9DRWO,head,,,0,0.0,0.0,0.0,0.0,0.0,0.0,0,0
A2MNB77YGJ3CN0:validation:B00CI6J1ZO,head,,,0,0.0,0.0,0.0,0.0,0.0,0.0,0,0
A2MQKLPVQSW7P1:validation:B005HROJVM,tail,,,0,0.0,0.0,0.0,0.0,0.0,0.0,0,0
A2N804Y9HDR2KL:validation:B001EA206M,tail,9,9,1,1.0,0.3010299956639812,1.0,1.0,0.3010299956639812,1.0,0,0
A2N8956FWF69SE:validation:B00083HOXA,head,,,0,0.0,0.0,0.0,0.0,0.0,0.0,0,0
A2NE43Q65Y4YXS:validation:B007AR4ZA2,head,,,0,0.0,0.0,0.0,0.0,0.0,0.0,0,0
A2NLNBN2L95YR2:validation:B006O6FKDG,head,,,0,0.0,0.0,0.0,0.0,0.0,0.0,0,0
A2NTWX8K7X6XR:validation:B00C6PT4PY,tail,,,0,0.0,0.0,0.0,0.0,0.0,0.0,0,0
A2NVQZ4Y7Y0J1R:validation:B005N57CNU,tail,,,0,0.0,0.0,0.0,0.0,0.0,0.0,0,0
A2NX6MFZP8TM6S:validation:B003DTMQAW,tail,,,0,0.0,0.0,0.0,0.0,0.0,0.0,0,0
A2NYKJ068XWCJ2:validation:B000AM2K56,head,,,0,0.0,0.0,0.0,0.0,0.0,0.0,0,0
A2O155EQ1EU9G4:validation:B00BQYQY8Q,head,,,0,0.0,0.0,0.0,0.0,0.0,0.0,0,0
A2O3GLW7K6PW48:validation:B009VE38CI,head,,,0,0.0,0.0,0.0,0.0,0.0,0.0,0,0
A2O8XUPMDZQWT5:validation:B000YUTVRE,tail,,92,1,0.0,0.0,0.0,0.0,0.0,0.0,1,0
A2OD23539QMZS5:validation:B002YIV0ZU,head,,,0,0.0,0.0,0.0,0.0,0.0,0.0,0,0
A2OJ4U49436JOT:validation:B0006N6USM,tail,,,0,0.0,0.0,0.0,0.0,0.0,0.0,0,0
A2OL9H2S39LQFO:validation:B007Y9NW8C,tail,,,0,0.0,0.0,0.0,0.0,0.0,0.0,0,0
A2OQT0OZZW8P0O:validation:B00D6N909A,tail,1,1,1,1.0,1.0,1.0,1.0,1.0,1.0,0,0
A2OU6ZZSZ2Q7CU:validation:B004PBN9BC,head,,,0,0.0,0.0,0.0,0.0,0.0,0.0,0,0
A2OV8GFT2H3TEK:validation:B003U0O3B4,head,15,18,1,0.0,0.0,1.0,0.0,0.0,1.0,1,0
A2OWRTAQK6500U:validation:B004MU9V8Q,head,,,0,0.0,0.0,0.0,0.0,0.0,0.0,0,0
A2OY5YNT2040OT:validation:B000AM2K56,head,,,0,0.0,0.0,0.0,0.0,0.0,0.0,0,0
A2PC9ZZIFV31B1:validation:B00466L0BW,tail,,,0,0.0,0.0,0.0,0.0,0.0,0.0,0,0
A2PM5Z249OVPEN:validation:B00FAQW0NO,tail,,,0,0.0,0.0,0.0,0.0,0.0,0.0,0,0
A2PQVAOLN8G2ML:validation:B00CN8AHVY,tail,,,0,0.0,0.0,0.0,0.0,0.0,0.0,0,0
A2PU5IDX61XJ7A:validation:B000FSIJ0K,head,,,0,0.0,0.0,0.0,0.0,0.0,0.0,0,0
A2PVCEQ4GAWDJ6:validation:B00A88FLI0,tail,,,0,0.0,0.0,0.0,0.0,0.0,0.0,0,0
A2Q6R39ZU79BN2:validation:B00A852PQ4,tail,,,0,0.0,0.0,0.0,0.0,0.0,0.0,0,0
A2Q75EC7500RQZ:validation:B00BSWRV9C,tail,,,0,0.0,0.0,0.0,0.0,0.0,0.0,0,0
A2QDND8SHL2RNR:validation:0984155872,tail,,,0,0.0,0.0,0.0,0.0,0.0,0.0,0,0
A2QE3Q28EKDLVU:validation:B003CRJU36,head,,,0,0.0,0.0,0.0,0.0,0.0,0.0,0,0
A2QIL6MHF0S9S5:validation:B00B1Z6EXU,head,,,0,0.0,0.0,0.0,0.0,0.0,0.0,0,0
A2QLRSBGITM8TF:validation:B001AQDA50,head,,,0,0.0,0.0,0.0,0.0,0.0,0.0,0,0
A2QT2TH9XJMTIP:validation:B00FEN5N5A,tail,,,0,0.0,0.0,0.0,0.0,0.0,0.0,0,0
A2R5J3MYORC4M:validation:B00DOQCTWE,tail,,,0,0.0,0.0,0.0,0.0,0.0,0.0,0,0
A2RC9W12WGIG2P:validation:B0092GHPSI,tail,,,0,0.0,0.0,0.0,0.0,0.0,0.0,0,0
A2RLGKF6LX0AHG:validation:B00FM8WGK2,tail,,,0,0.0,0.0,0.0,0.0,0.0,0.0,0,0
A2RT43G8ZATPXJ:validation:B006RQ8ULC,head,,,0,0.0,0.0,0.0,0.0,0.0,0.0,0,0
A2RXENJN010MBB:validation:B0009P5YXO,head,5,6,1,1.0,0.38685280723454163,1.0,1.0,0.3562071871080222,1.0,1,0
A2S2ADSU70LGJV:validation:B00BDMN3VC,tail,,,0,0.0,0.0,0.0,0.0,0.0,0.0,0,0
A2S4EQVFTQTYYE:validation:B009F7OXCA,head,,,0,0.0,0.0,0.0,0.0,0.0,0.0,0,0
A2S73Z7ZR6HAMX:validation:B000WNUU6Y,head,32,35,1,0.0,0.0,1.0,0.0,0.0,1.0,1,0
A2SJQX5SEWQ1XM:validation:B000OWAZYU,head,,,0,0.0,0.0,0.0,0.0,0.0,0.0,0,0
A2SYD51JMM3B8W:validation:B004MWP390,tail,45,47,1,0.0,0.0,1.0,0.0,0.0,1.0,1,0
A2T42N6MVFL00W:validation:B004UU9WHI,tail,,59,1,0.0,0.0,0.0,0.0,0.0,0.0,1,0
A2TCG2HV1VJP6V:validation:B002I0K3CK,head,,,0,0.0,0.0,0.0,0.0,0.0,0.0,0,0
A2TGIMHSVD878Q:validation:B0077NCEWA,head,1,1,1,1.0,1.0,1.0,1.0,1.0,1.0,0,0
A2TR37PZH1QY06:validation:B00G69QBA2,tail,1,1,1,1.0,1.0,1.0,1.0,1.0,1.0,0,0
A2TTLRMZIJG276:validation:B000050B3H,head,,,0,0.0,0.0,0.0,0.0,0.0,0.0,0,0
A2U1SJB87Y4BEN:validation:B00BTH2G3W,head,,,0,0.0,0.0,0.0,0.0,0.0,0.0,0,0
A2U83F56R1OEO9:validation:B000E1PY6U,head,,,0,0.0,0.0,0.0,0.0,0.0,0.0,0,0
A2U83VDVJMAB2U:validation:B00IVFCGKS,tail,,49,1,0.0,0.0,0.0,0.0,0.0,1.0,1,0
A2UF70UJD27RNG:validation:B004U5R5BI,head,19,21,1,0.0,0.0,1.0,0.0,0.0,1.0,1,0
A2UFHTGDPTUJQ7:validation:B008KOHF4W,tail,,,0,0.0,0.0,0.0,0.0,0.0,0.0,0,0
A2ULQOGN59LDNK:validation:B007SG9FFU,tail,,,0,0.0,0.0,0.0,0.0,0.0,0.0,0,0
A2UT0FWM1DHKFJ:validation:B00ERK27SC,head,39,37,1,0.0,0.0,1.0,0.0,0.0,1.0,1,0
A2V870ZMVCHNDM:validation:B000LSZVKA,head,2,2,1,1.0,0.6309297535714575,1.0,1.0,0.6309297535714575,1.0,0,0
A2V9LVAC3KKEE9:validation:B00BQYQY8Q,head,,,0,0.0,0.0,0.0,0.0,0.0,0.0,0,0
A2VDA5Y5BHZCZS:validation:B004617DEU,head,,,0,0.0,0.0,0.0,0.0,0.0,0.0,0,0
A2VJSUOL3U7YN2:validation:B000BGT6CG,tail,3,3,1,1.0,0.5,1.0,1.0,0.5,1.0,0,0
A2VKM2FTBHRVVI:validation:B0006O8Q7Y,head,,,0,0.0,0.0,0.0,0.0,0.0,0.0,0,0
A2VVOJVKB96CZF:validation:B009VKM5BC,tail,,,0,0.0,0.0,0.0,0.0,0.0,0.0,0,0
A2W00XKTTF1G0Z:validation:B00IM8W12M,tail,,,0,0.0,0.0,0.0,0.0,0.0,0.0,0,0
A2W5Q0C4D15Z3:validation:B004Z7H2EQ,head,,,0,0.0,0.0,0.0,0.0,0.0,0.0,0,0
A2W6I1S8FNQUO:validation:B000MWX9MW,head,36,31,1,0.0,0.0,1.0,0.0,0.0,1.0,1,0
A2W9RPAGRN3O1S:validation:B002UQ39EQ,tail,,,0,0.0,0.0,0.0,0.0,0.0,0.0,0,0
A2WBK72E470OEB:validation:B005XUI4QY,tail,,,0,0.0,0.0,0.0,0.0,0.0,0.0,0,0
A2WCGVK522264P:validation:B00BQYR0MA,tail,,,0,0.0,0.0,0.0,0.0,0.0,0.0,0,0
A2WJBS7I1X296A:validation:B00005C8R9,tail,,,0,0.0,0.0,0.0,0.0,0.0,0.0,0,0
A2WJPPY8791H5O:validation:B00381A1KW,tail,6,6,1,1.0,0.3562071871080222,1.0,1.0,0.3562071871080222,1.0,0,0
A2WK7ZBM33IF5L:validation:B004BW8Z14,tail,,,0,0.0,0.0,0.0,0.0,0.0,0.0,0,0
A2WLCSZB1EAFAM:validation:B001628AP8,tail,,,0,0.0,0.0,0.0,0.0,0.0,0.0,0,0
A2WMMTJN99IQYZ:validation:B00F4WMAI4,head,1,1,1,1.0,1.0,1.0,1.0,1.0,1.0,0,0
A2WQCTXF2T8X93:validation:B006X7A8KG,tail,,,0,0.0,0.0,0.0,0.0,0.0,0.0,0,0
A2WTNQ1AB9RS57:validation:B00C6PSQAS,tail,,,0,0.0,0.0,0.0,0.0,0.0,0.0,0,0
A2XHAL5LZM1PPC:validation:B006ROJO1O,tail,28,39,1,0.0,0.0,1.0,0.0,0.0,1.0,1,0
A2XOHKWVIDA0VA:validation:B00DJQZMTG,tail,7,6,1,1.0,0.3333333333333333,1.0,1.0,0.3562071871080222,1.0,1,0
A2XWY5S9AA7L8H:validation:B00C74HY88,tail,2,2,1,1.0,0.6309297535714575,1.0,1.0,0.6309297535714575,1.0,0,0
A2Y17F3LAN389H:validation:B001AQS1RC,tail,,,0,0.0,0.0,0.0,0.0,0.0,0.0,0,0
A2Y2OW2CR3WMRK:validation:B008MW6NW2,tail,1,1,1,1.0,1.0,1.0,1.0,1.0,1.0,0,0
A2Y6NYY11EODRU:validation:B0015AM26E,head,29,36,1,0.0,0.0,1.0,0.0,0.0,1.0,1,0
A2Y71CUI7ILZSH:validation:B00BOUS2RS,tail,,,0,0.0,0.0,0.0,0.0,0.0,0.0,0,0
A2YGTUG4ZZ7X9W:validation:B00CE04GVS,tail,20,22,1,0.0,0.0,1.0,0.0,0.0,1.0,1,0
A2YLIZDH3P1OV6:validation:B002V3RCE6,head,,,0,0.0,0.0,0.0,0.0,0.0,0.0,0,0
A2YN5YSRQP6HBN:validation:B003N2Q5JC,tail,,,0,0.0,0.0,0.0,0.0,0.0,0.0,0,0
A2YS6TV2A8TM4R:validation:B003621UT4,head,,,0,0.0,0.0,0.0,0.0,0.0,0.0,0,0
A2YS9A1EZFRU28:validation:B00ARQW0YG,head,,,0,0.0,0.0,0.0,0.0,0.0,0.0,0,0
A2YXM3NEUOT5KB:validation:B007J3F9U2,tail,,,0,0.0,0.0,0.0,0.0,0.0,0.0,0,0
A2YYPTX47G5E1U:validation:B0002WSKA8,tail,,,0,0.0,0.0,0.0,0.0,0.0,0.0,0,0
A2YYS5KXLL016Z:validation:B005II65US,tail,,57,1,0.0,0.0,0.0,0.0,0.0,0.0,1,0
A2ZANU28U51UE9:validation:B0036AWTDM,head,,,0,0.0,0.0,0.0,0.0,0.0,0.0,0,0
A2ZDUS9Q4HXKBY:validation:B0055OI8QO,tail,,,0,0.0,0.0,0.0,0.0,0.0,0.0,0,0
A2ZGHCCOXACCNB:validation:B006O6EIWK,head,4,4,1,1.0,0.43067655807339306,1.0,1.0,0.43067655807339306,1.0,0,0
A2ZK0J4WOCS5IA:validation:B0017RUGWW,tail,,,0,0.0,0.0,0.0,0.0,0.0,0.0,0,0
A2ZMOGW5Q38DGO:validation:B008JNPBYK,head,1,1,1,1.0,1.0,1.0,1.0,1.0,1.0,0,0
A2ZS2JNLSCCRWR:validation:B000A0IBV0,head,,,0,0.0,0.0,0.0,0.0,0.0,0.0,0,0
A2ZUN86K91AWIF:validation:B00C6PVVNM,tail,39,47,1,0.0,0.0,1.0,0.0,0.0,1.0,1,0
A2ZXDA5R2GWOAV:validation:B00CG5WZL4,tail,,,0,0.0,0.0,0.0,0.0,0.0,0.0,0,0
A3057ZJL1OX1W0:validation:B00CI6J5JQ,head,,,0,0.0,0.0,0.0,0.0,0.0,0.0,0,0
A305SGAW2O6YNL:validation:B00005YVRN,head,9,6,1,1.0,0.3010299956639812,1.0,1.0,0.3562071871080222,1.0,1,0
A30GUSBAGVYW59:validation:B006HCVT5U,head,,,0,0.0,0.0,0.0,0.0,0.0,0.0,0,0
A30JQA9TJO269D:validation:B002XB04XW,head,,,0,0.0,0.0,0.0,0.0,0.0,0.0,0,0
A30KH3I2JFV3W8:validation:B007HVHDCI,head,1,1,1,1.0,1.0,1.0,1.0,1.0,1.0,0,0
A30RVAYZZTRYRT:validation:B00009KWTB,head,,,0,0.0,0.0,0.0,0.0,0.0,0.0,0,0
A30Z6V5N1GUNY0:validation:B00840LCB4,tail,,,0,0.0,0.0,0.0,0.0,0.0,0.0,0,0
A3113MICSM2UZ7:validation:B000MWWXGK,tail,,,0,0.0,0.0,0.0,0.0,0.0,0.0,0,0
A313YCDIVOKNIS:validation:B006CD076Q,tail,,,0,0.0,0.0,0.0,0.0,0.0,0.0,0,0
A3156LH0U0LA6P:validation:B004ORV2D4,head,,,0,0.0,0.0,0.0,0.0,0.0,0.0,0,0
A31ADOKGF6S0MP:validation:B000GCNDOM,tail,,,0,0.0,0.0,0.0,0.0,0.0,0.0,0,0
A31FD120XZZ0T8:validation:B00804BCO6,head,,,0,0.0,0.0,0.0,0.0,0.0,0.0,0,0
A31FN9JW9AB1DT:validation:B000BXKN30,head,,70,1,0.0,0.0,0.0,0.0,0.0,0.0,1,0
A31TSQ6L9VS073:validation:B0015399MG,head,,,0,0.0,0.0,0.0,0.0,0.0,0.0,0,0
A31U9NN8X7HXIH:validation:B003PGRGGW,head,,,0,0.0,0.0,0.0,0.0,0.0,0.0,0,0
A31YKE7KJGMAW6:validation:B007U7M0VS,tail,17,15,1,0.0,0.0,1.0,0.0,0.0,1.0,1,0
A31YQGZMQTN8VM:validation:B000VRE5G2,tail,,,0,0.0,0.0,0.0,0.0,0.0,0.0,0,0
A31ZPV48QK7BVZ:validation:B00000K3BU,tail,,,0,0.0,0.0,0.0,0.0,0.0,0.0,0,0
A3221YT0EMES6D:validation:B00200JWQQ,head,,,0,0.0,0.0,0.0,0.0,0.0,0.0,0,0
A325C1BAYA0309:validation:B000RGXEB4,tail,,,0,0.0,0.0,0.0,0.0,0.0,0.0,0,0
A327WFPWXLSZOS:validation:B001PQLNY0,tail,,,0,0.0,0.0,0.0,0.0,0.0,0.0,0,0
A32FGHKCNU8P5U:validation:B00007G39I,head,42,24,1,0.0,0.0,1.0,0.0,0.0,1.0,1,0
A32JCNFALAFPME:validation:B00CIH1JJ4,tail,,,0,0.0,0.0,0.0,0.0,0.0,0.0,0,0
A32MCPM5YP62DP:validation:B00CEUMJ62,head,,,0,0.0,0.0,0.0,0.0,0.0,0.0,0,0
A32NORHM9DZ94S:validation:B000S1C8XI,tail,,,0,0.0,0.0,0.0,0.0,0.0,0.0,0,0
A32Q726D4KHNHH:validation:B00CMC8IDU,tail,,,0,0.0,0.0,0.0,0.0,0.0,0.0,0,0
A32U5F3BYVM4NA:validation:B000V20CHS,tail,,,0,0.0,0.0,0.0,0.0,0.0,0.0,0,0
A32ZGQ60J29IEW:validation:B00349MPQQ,head,,,0,0.0,0.0,0.0,0.0,0.0,0.0,0,0
A334RTWLLVFWDR:validation:B0063NC3N0,head,,,0,0.0,0.0,0.0,0.0,0.0,0.0,0,0
A3355TU2GYGQQ3:validation:B004OYOFZE,tail,,,0,0.0,0.0,0.0,0.0,0.0,0.0,0,0
A335BT6S36AYEJ:validation:B00CEQ1HPK,head,,,0,0.0,0.0,0.0,0.0,0.0,0.0,0,0
A335VOMLST4WVV:validation:B005IBVLHW,head,,,0,0.0,0.0,0.0,0.0,0.0,0.0,0,0
A336PDROMWEDWL:validation:B001TJ8ITQ,head,,,0,0.0,0.0,0.0,0.0,0.0,0.0,0,0
A3377VCOYETG7:validation:B007RDFO0Y,tail,,,0,0.0,0.0,0.0,0.0,0.0,0.0,0,0
A33BRZVHMXLPKH:validation:B007RQ304I,tail,,62,1,0.0,0.0,0.0,0.0,0.0,0.0,1,0
A33C4BI79RW2JV:validation:B007Q0ONNW,head,,,0,0.0,0.0,0.0,0.0,0.0,0.0,0,0
A33IY18HHMDV8S:validation:B0016H1OPQ,tail,,,0,0.0,0.0,0.0,0.0,0.0,0.0,0,0
A33U71H3K67WR5:validation:B009TNOF9G,tail,,,0,0.0,0.0,0.0,0.0,0.0,0.0,0,0
A33ZNDBNWJTBKU:validation:B0015KVXW8,head,,,0,0.0,0.0,0.0,0.0,0.0,0.0,0,0
A343S9A43N1RF2:validation:B00DUB6RVW,tail,,,0,0.0,0.0,0.0,0.0,0.0,0.0,0,0
A34AHOC0OXMR2K:validation:B000096RFF,head,,,0,0.0,0.0,0.0,0.0,0.0,0.0,0,0
A34OWGIMR7E0EX:validation:B0052D30RA,tail,,,0,0.0,0.0,0.0,0.0,0.0,0.0,0,0
A34W78Y49I3QF9:validation:B00C6PXLMQ,head,,,0,0.0,0.0,0.0,0.0,0.0,0.0,0,0
A34WEU9SRGHCVM:validation:B003CRM902,tail,,,0,0.0,0.0,0.0,0.0,0.0,0.0,0,0
A34XBCW41AZ5DF:validation:B00004WJSN,head,,,0,0.0,0.0,0.0,0.0,0.0,0.0,0,0
A34YEIV50UH60R:validation:B002YP48CU,tail,,,0,0.0,0.0,0.0,0.0,0.0,0.0,0,0
A350GJPCEO3T69:validation:B000XFPIUE,tail,,,0,0.0,0.0,0.0,0.0,0.0,0.0,0,0
A351GDQ2F5HRLR:validation:B00007G39I,head,9,9,1,1.0,0.3010299956639812,1.0,1.0,0.3010299956639812,1.0,0,0
A35C6KKVACAEC4:validation:B003TUKEM2,head,,,0,0.0,0.0,0.0,0.0,0.0,0.0,0,0
A35DT30ZZLNDWA:validation:B007CS1LCE,tail,,,0,0.0,0.0,0.0,0.0,0.0,0.0,0,0
A35I70NYO4L59Z:validation:B003RDJYMM,tail,,,0,0.0,0.0,0.0,0.0,0.0,0.0,0,0
A35M170AHULXN6:validation:B00FJ7M35Y,tail,,,0,0.0,0.0,0.0,0.0,0.0,0.0,0,0
A35MQP8B71CQ9C:validation:B0033C13KS,tail,,,0,0.0,0.0,0.0,0.0,0.0,0.0,0,0
A35UWHNCKBAGQY:validation:B005JFNE8G,head,1,1,1,1.0,1.0,1.0,1.0,1.0,1.0,0,0
A367RV1T05L0NO:validation:B002OE01XG,head,,,0,0.0,0.0,0.0,0.0,0.0,0.0,0,0
A36G8X2ESE1TMV:validation:B008B68IUY,head,,,0,0.0,0.0,0.0,0.0,0.0,0.0,0,0
A36NR5RUJXT5UD:validation:B0054EXG6M,tail,,,0,0.0,0.0,0.0,0.0,0.0,0.0,0,0
A36UOD87FN0129:validation:B00381A1L6,tail,,,0,0.0,0.0,0.0,0.0,0.0,0.0,0,0
A36XZ3G51YG9SD:validation:B00DPK11ZA,head,12,13,1,0.0,0.0,1.0,0.0,0.0,1.0,1,0
A372X353WPDFKQ:validation:1616615362,tail,1,1,1,1.0,1.0,1.0,1.0,1.0,1.0,0,0
A374PNVOR5D1XV:validation:B009T45XDW,head,34,34,1,0.0,0.0,1.0,0.0,0.0,1.0,0,0
A37AO20OXS51QA:validation:B001YHX45G,head,,,0,0.0,0.0,0.0,0.0,0.0,0.0,0,0
A37DENG8BBSJFQ:validation:B000JVJ8KS,head,,,0,0.0,0.0,0.0,0.0,0.0,0.0,0,0
A37JM9NKDD972Y:validation:B00B1AQCO6,tail,,,0,0.0,0.0,0.0,0.0,0.0,0.0,0,0
A37SIZ7YQKYY8A:validation:B0084BPZES,head,,,0,0.0,0.0,0.0,0.0,0.0,0.0,0,0
A37USOKUTI724H:validation:B00BRI99SS,head,8,8,1,1.0,0.31546487678572877,1.0,1.0,0.31546487678572877,1.0,0,0
A37XQ1R7WFPXXP:validation:B00417ZMB0,tail,1,1,1,1.0,1.0,1.0,1.0,1.0,1.0,0,0
A38BVHB0BCDC0V:validation:B000XA80XG,head,,,0,0.0,0.0,0.0,0.0,0.0,0.0,0,0
A38E3EMVTA2930:validation:B004ORYX6M,tail,,,0,0.0,0.0,0.0,0.0,0.0,0.0,0,0
A38GX6ELL563CJ:validation:B001HA9JOA,head,,,0,0.0,0.0,0.0,0.0,0.0,0.0,0,0
A38HXFG7SRXGON:validation:B003FLMZMW,head,13,10,1,0.0,0.0,1.0,1.0,0.2890648263178879,1.0,1,0
A38OWH1J5MKDZZ:validation:B00428LIZM,tail,,,0,0.0,0.0,0.0,0.0,0.0,0.0,0,0
A38PAYVUSASXYG:validation:B004K9T8SM,tail,,,0,0.0,0.0,0.0,0.0,0.0,0.0,0,0
A38X5MXC13APUH:validation:B000EOIFKY,head,,,0,0.0,0.0,0.0,0.0,0.0,0.0,0,0
A3919DPCCXQLO9:validation:B000REP3CO,tail,,,0,0.0,0.0,0.0,0.0,0.0,0.0,0,0
A39CIGISG5VZ1A:validation:B00C5XBAOA,head,,,0,0.0,0.0,0.0,0.0,0.0,0.0,0,0
A39E4C7YVVQ02F:validation:B0043E0XJM,head,4,4,1,1.0,0.43067655807339306,1.0,1.0,0.43067655807339306,1.0,0,0
A39GY6SGYXQMG0:validation:B006UBM1M8,tail,,,0,0.0,0.0,0.0,0.0,0.0,0.0,0,0
A39Q1OOCJ5VT8P:validation:B0037UP9MY,head,,,0,0.0,0.0,0.0,0.0,0.0,0.0,0,0
A39U2C1NVCI3VW:validation:B008AWFWA8,head,11,10,1,0.0,0.0,1.0,1.0,0.2890648263178879,1.0,1,0
A3A2C2JTYZL7GT:validation:B008BRLV20,tail,,,0,0.0,0.0,0.0,0.0,0.0,0.0,0,0
A3AANHILJU77IK:validation:B00DGQP3WU,head,7,7,1,1.0,0.3333333333333333,1.0,1.0,0.3333333333333333,1.0,0,0
A3AD91CVRXHM91:validation:B00CL15P24,tail,,,0,0.0,0.0,0.0,0.0,0.0,0.0,0,0
A3AEQ3BVEWCM4I:validation:B00CFWWDWE,tail,,,0,0.0,0.0,0.0,0.0,0.0,0.0,0,0
A3AGRXY3JYCIJ3:validation:B007FUNLRM,tail,,,0,0.0,0.0,0.0,0.0,0.0,0.0,0,0
A3AMC7FLMCVQW9:validation:B00000IUBJ,tail,,,0,0.0,0.0,0.0,0.0,0.0,0.0,0,0
A3ATB6AGPD46DS:validation:B004R4IQ7E,tail,,,0,0.0,0.0,0.0,0.0,0.0,0.0,0,0
A3AVVMEI28N2UJ:validation:0976990709,head,,,0,0.0,0.0,0.0,0.0,0.0,0.0,0,0
A3AXOSEFUHT6O2:validation:B004ORWXFA,head,,,0,0.0,0.0,0.0,0.0,0.0,0.0,0,0
A3B20R4ZAH0Y2Y:validation:B004SGS9X2,head,,,0,0.0,0.0,0.0,0.0,0.0,0.0,0,0
A3BL2F6DSZETIL:validation:B005VPRDBS,head,,,0,0.0,0.0,0.0,0.0,0.0,0.0,0,0
A3BN9YQEWZ3HLH:validation:B0039PUTZY,head,2,2,1,1.0,0.6309297535714575,1.0,1.0,0.6309297535714575,1.0,0,0
A3BPIW3OO3L2I7:validation:B006O6F4O6,tail,,,0,0.0,0.0,0.0,0.0,0.0,0.0,0,0
A3BTI607V9J8BS:validation:B00021Z2FK,tail,,,0,0.0,0.0,0.0,0.0,0.0,0.0,0,0
A3BUKGYIRP4JYS:validation:B000067818,tail,,,0,0.0,0.0,0.0,0.0,0.0,0.0,0,0
A3BVDQQD86DAXU:validation:B001RNFQNK,tail,,,0,0.0,0.0,0.0,0.0,0.0,0.0,0,0
A3BVSCPKH3D2JD:validation:B001PGP33C,tail,,,0,0.0,0.0,0.0,0.0,0.0,0.0,0,0
A3BXRIK0CBXDSQ:validation:B007XVYO2E,tail,,,0,0.0,0.0,0.0,0.0,0.0,0.0,0,0
A3C2R5U82BC872:validation:B000BZ6U0I,tail,,,0,0.0,0.0,0.0,0.0,0.0,0.0,0,0
A3C76TC9M78NYC:validation:B006WZM79O,tail,,,0,0.0,0.0,0.0,0.0,0.0,0.0,0,0
A3CB0ULFGQWCFF:validation:B0009P5YXO,head,,,0,0.0,0.0,0.0,0.0,0.0,0.0,0,0
A3CTD7K7AGUHRV:validation:B001613Q8A,head,17,16,1,0.0,0.0,1.0,0.0,0.0,1.0,1,0
A3CTS04UI9API2:validation:B0044T2KBU,head,,,0,0.0,0.0,0.0,0.0,0.0,0.0,0,0
A3CX88NUC2UML6:validation:B000TTPEXU,head,,,0,0.0,0.0,0.0,0.0,0.0,0.0,0,0
A3D8MY7W6XPQQG:validation:B004PBHCAG,tail,,,0,0.0,0.0,0.0,0.0,0.0,0.0,0,0
A3DJA1CWHN4GLY:validation:B000JKRU5Y,tail,,,0,0.0,0.0,0.0,0.0,0.0,0.0,0,0
A3DN6PSUHAGIII:validation:B008N6INE8,tail,,,0,0.0,0.0,0.0,0.0,0.0,0.0,0,0
A3DR6ZV2N1JEO8:validation:B004NMLLQ8,tail,,,0,0.0,0.0,0.0,0.0,0.0,0.0,0,0
A3DRCHTO2V4FHK:validation:B0009UBS2K,tail,,,0,0.0,0.0,0.0,0.0,0.0,0.0,0,0
A3DUSTU0T1M5F4:validation:B00BH0GDR6,tail,,,0,0.0,0.0,0.0,0.0,0.0,0.0,0,0
A3DXBHK57LYYSC:validation:B000284X6W,head,31,20,1,0.0,0.0,1.0,0.0,0.0,1.0,1,0
A3E1HQSORPJPFN:validation:B002IUFSPM,head,35,46,1,0.0,0.0,1.0,0.0,0.0,1.0,1,0
A3E24VKTO09LVQ:validation:B009QRD6GS,tail,29,42,1,0.0,0.0,1.0,0.0,0.0,1.0,1,0
A3EAUXPIL65GX5:validation:B000BNJITU,tail,,,0,0.0,0.0,0.0,0.0,0.0,0.0,0,0
A3EPBWXUWBOJI7:validation:B007J3F98O,head,,,0,0.0,0.0,0.0,0.0,0.0,0.0,0,0
A3ETNS9H2MOHUZ:validation:B00BJM2MF4,tail,,,0,0.0,0.0,0.0,0.0,0.0,0.0,0,0
A3EXW4HNYX7HF5:validation:B00CI6J20S,head,,,0,0.0,0.0,0.0,0.0,0.0,0.0,0,0
A3F1DM8XWNDMJH:validation:B005E7A202,head,,,0,0.0,0.0,0.0,0.0,0.0,0.0,0,0
A3FB6N3AR9SIRF:validation:B00008W72D,head,,,0,0.0,0.0,0.0,0.0,0.0,0.0,0,0
A3FC50ZJIT2GMO:validation:B007ADIBXS,head,,,0,0.0,0.0,0.0,0.0,0.0,0.0,0,0
A3FFNUD5PGO1HQ:validation:B005AW85YG,head,4,5,1,1.0,0.43067655807339306,1.0,1.0,0.38685280723454163,1.0,1,0
A3FM5O047CRB2M:validation:B008JNPBYK,head,1,1,1,1.0,1.0,1.0,1.0,1.0,1.0,0,0
A3FP9H6R2ED7SE:validation:B00004T2WP,head,,,0,0.0,0.0,0.0,0.0,0.0,0.0,0,0
A3FU4PKNQHKDA4:validation:B0076YJACM,tail,,,0,0.0,0.0,0.0,0.0,0.0,0.0,0,0
A3G9XNP5NEHKBG:validation:B000GKES4S,tail,,,0,0.0,0.0,0.0,0.0,0.0,0.0,0,0
A3GDQ1WRI1351U:validation:B00006IJE7,tail,,,0,0.0,0.0,0.0,0.0,0.0,0.0,0,0
A3GK1O5S6188AJ:validation:B00IQ8MVH8,tail,,,0,0.0,0.0,0.0,0.0,0.0,0.0,0,0
A3GS4OOS1FYAL9:validation:B00270T04I,tail,,,0,0.0,0.0,0.0,0.0,0.0,0.0,0,0
A3H078NDV85C61:validation:B0008GMGZ8,head,,,0,0.0,0.0,0.0,0.0,0.0,0.0,0,0
A3H9TRBHEW94C0:validation:B00A88F4D2,tail,,,0,0.0,0.0,0.0,0.0,0.0,0.0,0,0
A3HSNIPLSC66B3:validation:B000AM2K56,head,,,0,0.0,0.0,0.0,0.0,0.0,0.0,0,0
A3HW4K5IVFW495:validation:B001RE8LMW,head,,,0,0.0,0.0,0.0,0.0,0.0,0.0,0,0
A3I5HP7FYKKX6Z:validation:B005L3KW9U,tail,,,0,0.0,0.0,0.0,0.0,0.0,0.0,0,0
A3I688JK1X09IS:validation:B0085TZRKQ,tail,,,0,0.0,0.0,0.0,0.0,0.0,0.0,0,0
A3IJALRIECTH46:validation:B00A850R3W,tail,,,0,0.0,0.0,0.0,0.0,0.0,0.0,0,0
A3IMMFW0SQDGTY:validation:B000KWJSKG,head,,,0,0.0,0.0,0.0,0.0,0.0,0.0,0,0
A3IVP4JB933OSJ:validation:B0046EAWBI,tail,,,0,0.0,0.0,0.0,0.0,0.0,0.0,0,0
A3JD87DUPU2I56:validation:B00449TGQ2,tail,,,0,0.0,0.0,0.0,0.0,0.0,0.0,0,0
A3JPBW2SD236EJ:validation:B003ADVR3S,tail,,,0,0.0,0.0,0.0,0.0,0.0,0.0,0,0
A3JQUCQRTND78C:validation:B001356Q0O,head,,,0,0.0,0.0,0.0,0.0,0.0,0.0,0,0
A3JT29L4YFEIMJ:validation:B0087HU37S,head,3,3,1,1.0,0.5,1.0,1.0,0.5,1.0,0,0
A3JT3H3CEXCYYT:validation:B008IZH41W,tail,,,0,0.0,0.0,0.0,0.0,0.0,0.0,0,0
A3JV5RRJRNKN0I:validation:B00D07A5M8,tail,8,5,1,1.0,0.31546487678572877,1.0,1.0,0.38685280723454163,1.0,1,0
A3JYY8RLJNC56V:validation:B0060RZ4GM,tail,,,0,0.0,0.0,0.0,0.0,0.0,0.0,0,0
A3K18IM154VJ9R:validation:B00CC6Q5CM,tail,1,1,1,1.0,1.0,1.0,1.0,1.0,1.0,0,0
A3K2AMZ9NTVFQY:validation:B0001ZJ7NK,tail,1,1,1,1.0,1.0,1.0,1.0,1.0,1.0,0,0
A3K3QCIIIWQA5Y:validation:B0006OHMU6,tail,,,0,0.0,0.0,0.0,0.0,0.0,0.0,0,0
A3K3SE4RK846WO:validation:B00BR3EMSA,head,,,0,0.0,0.0,0.0,0.0,0.0,0.0,0,0
A3K8LJJGKU4U96:validation:B00C2P74XM,tail,,,0,0.0,0.0,0.0,0.0,0.0,0.0,0,0
A3K8MJTZCB13XN:validation:B0009P3OTA,tail,,,0,0.0,0.0,0.0,0.0,0.0,0.0,0,0
A3K9UPN8THUJOE:validation:B006C5WBT0,tail,,,0,0.0,0.0,0.0,0.0,0.0,0.0,0,0
A3KC3NPCXZ165L:validation:B008G29PDW,tail,,,0,0.0,0.0,0.0,0.0,0.0,0.0,0,0
A3KDVT5PXEH6ND:validation:B0081D76VE,head,,,0,0.0,0.0,0.0,0.0,0.0,0.0,0,0
A3KGW9MI9EXYQ3:validation:B00138RVKK,head,1,1,1,1.0,1.0,1.0,1.0,1.0,1.0,0,0
A3KJSCZZN0LZEG:validation:B0015AM26E,head,1,1,1,1.0,1.0,1.0,1.0,1.0,1.0,0,0
A3KPD3WLML2Q4E:validation:B008OW9SLI,head,25,26,1,0.0,0.0,1.0,0.0,0.0,1.0,1,0
A3KXOJMZWM00B3:validation:B000N178E2,head,2,2,1,1.0,0.6309297535714575,1.0,1.0,0.6309297535714575,1.0,0,0
A3L07NUFLHEZJG:validation:B00AE9RJ6A,tail,,,0,0.0,0.0,0.0,0.0,0.0,0.0,0,0
A3LE0UC4D5LWFZ:validation:B003MGJTEM,tail,,,0,0.0,0.0,0.0,0.0,0.0,0.0,0,0
A3LG1IJ7UV79GR:validation:B000LT1D56,head,,,0,0.0,0.0,0.0,0.0,0.0,0.0,0,0
A3LPKKEKC0J52S:validation:B00BU3ZLJQ,head,,,0,0.0,0.0,0.0,0.0,0.0,0.0,0,0
A3M6I2ZQ9KTPKH:validation:B00E571HKG,tail,6,6,1,1.0,0.3562071871080222,1.0,1.0,0.3562071871080222,1.0,0,0
A3MGR9INFJ1N60:validation:B00004YT13,tail,,,0,0.0,0.0,0.0,0.0,0.0,0.0,0,0
A3MKEX0PIIXPEZ:validation:B0037KL7R0,tail,,,0,0.0,0.0,0.0,0.0,0.0,0.0,0,0
A3MQ23S4OQHVNE:validation:B000REI1FU,head,,,0,0.0,0.0,0.0,0.0,0.0,0.0,0,0
A3MSG1POHU5MBX:validation:B00A92GMEC,tail,,,0,0.0,0.0,0.0,0.0,0.0,0.0,0,0
A3NEAETOSXDBOM:validation:B007SG9FFU,tail,,,0,0.0,0.0,0.0,0.0,0.0,0.0,0,0
A3NKM3BP524JAD:validation:B000W3XEQM,head,,,0,0.0,0.0,0.0,0.0,0.0,0.0,0,0
A3NSMGE2T71EGV:validation:B00009AWM4,head,,,0,0.0,0.0,0.0,0.0,0.0,0.0,0,0
A3NU9S8PXCEA5Q:validation:B003F757W6,tail,1,1,1,1.0,1.0,1.0,1.0,1.0,1.0,0,0
A3NYB08YF2ML9X:validation:B006X9KUL6,tail,,,0,0.0,0.0,0.0,0.0,0.0,0.0,0,0
A3O22PG4MHDI4Y:validation:B000J03ATO,tail,,59,1,0.0,0.0,0.0,0.0,0.0,0.0,1,0
A3O92VFSXB8S5Y:validation:B0009F4YR6,head,,,0,0.0,0.0,0.0,0.0,0.0,0.0,0,0
A3ODP9PJMK83RM:validation:B001EB9F3C,head,,,0,0.0,0.0,0.0,0.0,0.0,0.0,0,0
A3OHRD232BAGUD:validation:B00253T7R2,head,,,0,0.0,0.0,0.0,0.0,0.0,0.0,0,0
A3OJSXR0NPFDNJ:validation:B00C6QAEKW,tail,,,0,0.0,0.0,0.0,0.0,0.0,0.0,0,0
A3OUGXBBF8QY58:validation:B002G3ERMQ,tail,,,0,0.0,0.0,0.0,0.0,0.0,0.0,0,0
A3OYCLG14CX7A1:validation:B008ECE1B0,tail,,,0,0.0,0.0,0.0,0.0,0.0,0.0,0,0
A3P2GVYTV0GYL1:validation:B000RA76S2,head,,,0,0.0,0.0,0.0,0.0,0.0,0.0,0,0
A3P4WOECOANW1M:validation:B0015KVAEE,head,47,34,1,0.0,0.0,1.0,0.0,0.0,1.0,1,0
A3P8ZDHC7XSKSE:validation:B002JSM3KQ,head,4,4,1,1.0,0.43067655807339306,1.0,1.0,0.43067655807339306,1.0,0,0
A3P974GJZFHS8D:validation:161661675X,tail,3,2,1,1.0,0.5,1.0,1.0,0.6309297535714575,1.0,1,0
A3PE6N1GDP2XJ8:validation:B001RNHE6W,tail,,,0,0.0,0.0,0.0,0.0,0.0,0.0,0,0
A3PMAUQEHQ06GN:validation:B004GPJM90,tail,,,0,0.0,0.0,0.0,0.0,0.0,0.0,0,0
A3PMN22KAQ3B1:validation:B0018MQGYI,tail,,,0,0.0,0.0,0.0,0.0,0.0,0.0,0,0
A3PO7P9MHI3WY2:validation:B004289584,head,,,0,0.0,0.0,0.0,0.0,0.0,0.0,0,0
A3PP7NEZIIM6BN:validation:B00FM8WGK2,tail,,95,1,0.0,0.0,0.0,0.0,0.0,0.0,1,0
A3PR7RM3L8TORU:validation:B001UEWHG0,tail,,,0,0.0,0.0,0.0,0.0,0.0,0.0,0,0
A3PUE9W2KSWX8R:validation:B008VD9BQM,tail,,,0,0.0,0.0,0.0,0.0,0.0,0.0,0,0
A3PV2E6RXRS8EO:validation:1589945158,tail,,,0,0.0,0.0,0.0,0.0,0.0,0.0,0,0
A3Q9HY0LU7MN6E:validation:B00EDBYHRE,tail,12,9,1,0.0,0.0,1.0,1.0,0.3010299956639812,1.0,1,0
A3QB5GGUYO607J:validation:B00DONF9SS,tail,,,0,0.0,0.0,0.0,0.0,0.0,0.0,0,0
A3QCY8ODJBGFLH:validation:B00B2AYLYS,head,,,0,0.0,0.0,0.0,0.0,0.0,0.0,0,0
A3QU3O79AGNWCY:validation:B00BFRNQL2,head,,,0,0.0,0.0,0.0,0.0,0.0,0.0,0,0
A3QWC6OUH0JMI:validation:B00C1C2RVK,tail,,,0,0.0,0.0,0.0,0.0,0.0,0.0,0,0
A3R4FG7G16C06Q:validation:B008SJF6FO,head,,,0,0.0,0.0,0.0,0.0,0.0,0.0,0,0
A3RCPYFNFZVHVM:validation:B0018MQGYI,tail,,,0,0.0,0.0,0.0,0.0,0.0,0.0,0,0
A3RIAJ81TPZDNV:validation:B004PQZM3A,tail,,,0,0.0,0.0,0.0,0.0,0.0,0.0,0,0
A3RUHWRDVWPR8M:validation:B003WMC6U0,head,5,5,1,1.0,0.38685280723454163,1.0,1.0,0.38685280723454163,1.0,0,0
A3RXK9SS1UXYA9:validation:B008697B54,tail,,,0,0.0,0.0,0.0,0.0,0.0,0.0,0,0
A3S232COVDQGL9:validation:B00CS3TB48,tail,,,0,0.0,0.0,0.0,0.0,0.0,0.0,0,0
A3S3SYYJ549FLO:validation:B000050B3H,head,,,0,0.0,0.0,0.0,0.0,0.0,0.0,0,0
A3SKKRVZU45WW7:validation:B003VRIBWS,tail,1,1,1,1.0,1.0,1.0,1.0,1.0,1.0,0,0
A3SSFAA8I4HI3W:validation:B005OC00XG,tail,,,0,0.0,0.0,0.0,0.0,0.0,0.0,0,0
A3T9BJ3VZPQM8A:validation:B00CN8AI2M,tail,,,0,0.0,0.0,0.0,0.0,0.0,0.0,0,0
A3TAF7M58DN46F:validation:B00F6N0G50,head,,,0,0.0,0.0,0.0,0.0,0.0,0.0,0,0
A3TAJJGZ2G1A6T:validation:B008B68J2G,head,,,0,0.0,0.0,0.0,0.0,0.0,0.0,0,0
A3TBMAWIIHKHFN:validation:B003FHM27O,tail,,,0,0.0,0.0,0.0,0.0,0.0,0.0,0,0
A3TIJLY4VX8CH3:validation:B00BG8F0H8,head,2,2,1,1.0,0.6309297535714575,1.0,1.0,0.6309297535714575,1.0,0,0
A3TO4GZ35YKK1X:validation:B00GUABRNI,tail,,,0,0.0,0.0,0.0,0.0,0.0,0.0,0,0
A3TPHWX6JOMS9H:validation:B0044T2KBU,head,,,0,0.0,0.0,0.0,0.0,0.0,0.0,0,0
A3TRCJVBFIBL8Q:validation:B005PPD1GA,tail,2,2,1,1.0,0.6309297535714575,1.0,1.0,0.6309297535714575,1.0,0,0
A3TT5851ZAPAIU:validation:B00BTH2G3W,head,,,0,0.0,0.0,0.0,0.0,0.0,0.0,0,0
A3U29LBT749HJ0:validation:B00ATWUBJ4,head,16,14,1,0.0,0.0,1.0,0.0,0.0,1.0,1,0
A3U2UEBJNEX68I:validation:B00AHAJGXK,head,,,0,0.0,0.0,0.0,0.0,0.0,0.0,0,0
A3UIEOSUJO8ZRW:validation:B003AHG3JC,tail,8,7,1,1.0,0.31546487678572877,1.0,1.0,0.3333333333333333,1.0,1,0
A3UJJP6R9S2DS0:validation:B0085UA6YM,head,,,0,0.0,0.0,0.0,0.0,0.0,0.0,0,0
A3UKWQS8SRW6IO:validation:B00EZIXA78,tail,,,0,0.0,0.0,0.0,0.0,0.0,0.0,0,0
A3UTIIXWLL904I:validation:B001DZLLDG,tail,,,0,0.0,0.0,0.0,0.0,0.0,0.0,0,0
A3UVUAZUX9SA8M:validation:B004CC9HJ2,tail,,,0,0.0,0.0,0.0,0.0,0.0,0.0,0,0
A3UW23DBF2KHWC:validation:B00ED2O7ZA,tail,,,0,0.0,0.0,0.0,0.0,0.0,0.0,0,0
A3V2Y09XX8LVLO:validation:B00GRV5JMU,tail,,,0,0.0,0.0,0.0,0.0,0.0,0.0,0,0
A3V43YIQE2XRKJ:validation:B002ZQG3I0,tail,,,0,0.0,0.0,0.0,0.0,0.0,0.0,0,0
A3VFBU2S8PY0UP:validation:B00D9LWJIS,tail,,,0,0.0,0.0,0.0,0.0,0.0,0.0,0,0
A3VVLD0I7AITYN:validation:B0038AT564,head,19,17,1,0.0,0.0,1.0,0.0,0.0,1.0,1,0
A3W0Z4M2V97EY4:validation:B003I86CR6,tail,,50,1,0.0,0.0,0.0,0.0,0.0,1.0,1,0
A3W45U5VLS64UI:validation:B008GOC9KQ,tail,,,0,0.0,0.0,0.0,0.0,0.0,0.0,0,0
A3WYTV5HMYFLC:validation:B009T45XDW,head,1,1,1,1.0,1.0,1.0,1.0,1.0,1.0,0,0
A3ZMJQN4PD6BU:validation:B00000IWIK,head,,,0,0.0,0.0,0.0,0.0,0.0,0.0,0,0
A3ZZFPQLNHTLB:validation:B004T32W2S,head,,,0,0.0,0.0,0.0,0.0,0.0,0.0,0,0
A415RTFTUYHAF:validation:B001Q3KUA0,head,19,15,1,0.0,0.0,1.0,0.0,0.0,1.0,1,0
A42TV8FJP7MI3:validation:B0024H7OF6,head,31,27,1,0.0,0.0,1.0,0.0,0.0,1.0,1,0
A42WKFWKQAVKL:validation:B000BY3TKS,head,,,0,0.0,0.0,0.0,0.0,0.0,0.0,0,0
A45QFXJXNKNOQ:validation:B00004WHN9,head,,,0,0.0,0.0,0.0,0.0,0.0,0.0,0,0
A492HXZOCVUIJ:validation:B00804BCO6,head,13,14,1,0.0,0.0,1.0,0.0,0.0,1.0,1,0
A4DLVVK8W2ZVA:validation:B000BIX382,tail,,,0,0.0,0.0,0.0,0.0,0.0,0.0,0,0
A4UGMKUSX9XHI:validation:B00ECV5KSU,tail,,,0,0.0,0.0,0.0,0.0,0.0,0.0,0,0
A4XF0Z4VW0QBP:validation:B000EOEAW6,tail,10,9,1,1.0,0.2890648263178879,1.0,1.0,0.3010299956639812,1.0,1,0
A570UEZXD5Q4S:validation:B003ZFSOZU,tail,,,0,0.0,0.0,0.0,0.0,0.0,0.0,0,0
A5BCGI9V38TJ1:validation:B0052AWM2C,tail,,63,1,0.0,0.0,0.0,0.0,0.0,0.0,1,0
A5I03TZD4J96V:validation:B00000DMCE,head,21,16,1,0.0,0.0,1.0,0.0,0.0,1.0,1,0
A5JB5UALLO36M:validation:1616613793,tail,1,1,1,1.0,1.0,1.0,1.0,1.0,1.0,0,0
A5JOVJ1IR9KV7:validation:B00428LJ06,head,6,6,1,1.0,0.3562071871080222,1.0,1.0,0.3562071871080222,1.0,0,0
A5KHI9KGFVF72:validation:B004SKQNDQ,head,18,23,1,0.0,0.0,1.0,0.0,0.0,1.0,1,0
A5O3PMPBP0JR9:validation:B006O6F25W,tail,,,0,0.0,0.0,0.0,0.0,0.0,0.0,0,0
A5WUQ69LPPI6N:validation:B00DGQP44C,tail,2,2,1,1.0,0.6309297535714575,1.0,1.0,0.6309297535714575,1.0,0,0
A6FMICFI3XK6P:validation:B0006NM1K8,tail,,,0,0.0,0.0,0.0,0.0,0.0,0.0,0,0
A6HXQP526K9W5:validation:B000TH5LL2,head,,,0,0.0,0.0,0.0,0.0,0.0,0.0,0,0
A6MJR75J14GIT:validation:B002V5PUSY,tail,,,0,0.0,0.0,0.0,0.0,0.0,0.0,0,0
A6RDSDA7BN6FI:validation:B00008W72D,head,,,0,0.0,0.0,0.0,0.0,0.0,0.0,0,0
A76PRYKGZOQDM:validation:B0009ICKBU,head,5,5,1,1.0,0.38685280723454163,1.0,1.0,0.38685280723454163,1.0,0,0
A76W6TNTKOL3L:validation:B009ZTUG2Y,tail,,,0,0.0,0.0,0.0,0.0,0.0,0.0,0,0
A7AMCT6I6TDKW:validation:B004I28CYC,tail,,63,1,0.0,0.0,0.0,0.0,0.0,0.0,1,0
A7JAYWWJZDO25:validation:B003BV0WLW,tail,30,28,1,0.0,0.0,1.0,0.0,0.0,1.0,1,0
A7NTB12F2QR3A:validation:B002SQW38Q,head,,,0,0.0,0.0,0.0,0.0,0.0,0.0,0,0
A7O4YEZJOIP0Z:validation:B004560BPY,head,,,0,0.0,0.0,0.0,0.0,0.0,0.0,0,0
A7OSC32RM3OY:validation:B001EBBJQI,tail,,,0,0.0,0.0,0.0,0.0,0.0,0.0,0,0
A7R58D6Y5OSPO:validation:B000OKS774,head,,,0,0.0,0.0,0.0,0.0,0.0,0.0,0,0
A7Y0MEKYZS3X6:validation:B0085WX408,tail,,,0,0.0,0.0,0.0,0.0,0.0,0.0,0,0
A7Z52FWZJTSH2:validation:B001IEYXAA,head,,,0,0.0,0.0,0.0,0.0,0.0,0.0,0,0
A81JTUY1FWSBI:validation:B008HA08QQ,head,,,0,0.0,0.0,0.0,0.0,0.0,0.0,0,0
A83Y6TKNOM5DQ:validation:B002YI6FC8,tail,,,0,0.0,0.0,0.0,0.0,0.0,0.0,0,0
A8GR4PH5NW96V:validation:B00CANHVUC,head,,,0,0.0,0.0,0.0,0.0,0.0,0.0,0,0
A8I0FFLJWFPNL:validation:B006058LM8,tail,,,0,0.0,0.0,0.0,0.0,0.0,0.0,0,0
A8SXFCP41Z4QZ:validation:B000J53Z12,head,,50,1,0.0,0.0,0.0,0.0,0.0,1.0,1,0
A8TGGGQACTJGZ:validation:B002C4BAHO,head,,,0,0.0,0.0,0.0,0.0,0.0,0.0,0,0
A8VF58QHL4MMB:validation:B0085TZRMY,tail,1,1,1,1.0,1.0,1.0,1.0,1.0,1.0,0,0
A8YX5H0YWTFBN:validation:B00713LF0I,tail,1,1,1,1.0,1.0,1.0,1.0,1.0,1.0,0,0
A8ZTRH5096CHD:validation:B003ZWDHXC,tail,,,0,0.0,0.0,0.0,0.0,0.0,0.0,0,0
A94M62TZHSGQ1:validation:B008K19HUA,tail,,,0,0.0,0.0,0.0,0.0,0.0,0.0,0,0
A99EYKS4OOQ4U:validation:B004C7QNMG,head,,,0,0.0,0.0,0.0,0.0,0.0,0.0,0,0
A9CSNWX6YDSF2:validation:B0083TXZCA,tail,6,10,1,1.0,0.3562071871080222,1.0,1.0,0.2890648263178879,1.0,1,0
A9IF89168A47V:validation:B00FJ7M368,tail,1,1,1,1.0,1.0,1.0,1.0,1.0,1.0,0,0
A9REEKTBGZ5W0:validation:B000067BIS,tail,,,0,0.0,0.0,0.0,0.0,0.0,0.0,0,0
A9WYPGTV2AI20:validation:B003V5XV3Y,tail,,,0,0.0,0.0,0.0,0.0,0.0,0.0,0,0
AA460WUKL3BC6:validation:B00EAHY1QS,tail,,,0,0.0,0.0,0.0,0.0,0.0,0.0,0,0
AA8M6331NI1EN:validation:B00ACA39NS,tail,1,1,1,1.0,1.0,1.0,1.0,1.0,1.0,0,0
AAA0TUKS5VBSA:validation:B00CI6J3I4,head,,,0,0.0,0.0,0.0,0.0,0.0,0.0,0,0
AAE9K71VPQ5LI:validation:B0006PJ0JG,head,,,0,0.0,0.0,0.0,0.0,0.0,0.0,0,0
AAQ9NJ480N9W5:validation:B000XE1ZAC,tail,,,0,0.0,0.0,0.0,0.0,0.0,0.0,0,0
AAU0G40ZN5RIL:validation:B00CZ3F3J8,tail,,,0,0.0,0.0,0.0,0.0,0.0,0.0,0,0
AAWUXA65NDMYM:validation:B00AHAJGXK,head,,,0,0.0,0.0,0.0,0.0,0.0,0.0,0,0
AB358K0HDMPAI:validation:B000A7G4TY,tail,,,0,0.0,0.0,0.0,0.0,0.0,0.0,0,0
AB3CN732IBJQ9:validation:B003A0UDRC,head,,,0,0.0,0.0,0.0,0.0,0.0,0.0,0,0
AB7T8L5Z8RXTX:validation:B004U52VPS,head,,,0,0.0,0.0,0.0,0.0,0.0,0.0,0,0
AB7UBI5SP420X:validation:B002N4KK7O,head,4,3,1,1.0,0.43067655807339306,1.0,1.0,0.5,1.0,1,0
AB8HCOX3YULQS:validation:B009SE5DRO,tail,,85,1,0.0,0.0,0.0,0.0,0.0,0.0,1,0
AB9ABU6EFXN0L:validation:B002CSRZKQ,head,,,0,0.0,0.0,0.0,0.0,0.0,0.0,0,0
ABEL5W0QG065R:validation:B006RQ8UNA,tail,3,3,1,1.0,0.5,1.0,1.0,0.5,1.0,0,0
ABL0DDCDYKSRV:validation:B008V2B5AS,tail,,,0,0.0,0.0,0.0,0.0,0.0,0.0,0,0
ABNBLXAGQXRPV:validation:B0057VQVL4,tail,,,0,0.0,0.0,0.0,0.0,0.0,0.0,0,0
AC1AN5L1MLERM:validation:B003CRJU36,head,,,0,0.0,0.0,0.0,0.0,0.0,0.0,0,0
AC5UOO7YRH4IK:validation:B000SKLREA,tail,,,0,0.0,0.0,0.0,0.0,0.0,0.0,0,0
ACAXV4V8PBCE3:validation:B005T3R9FM,tail,,,0,0.0,0.0,0.0,0.0,0.0,0.0,0,0
ACELEUBPR68AW:validation:B000FQ9IG6,head,,,0,0.0,0.0,0.0,0.0,0.0,0.0,0,0
ACH40GDEWZRJS:validation:B004GW3CAI,tail,,,0,0.0,0.0,0.0,0.0,0.0,0.0,0,0
ACJ4OWSC9AQ8E:validation:B000LFUKCM,head,,,0,0.0,0.0,0.0,0.0,0.0,0.0,0,0
ACPF5ZJFQ1ODK:validation:B003UHYU9C,tail,,,0,0.0,0.0,0.0,0.0,0.0,0.0,0,0
AD6OMM864N8KY:validation:B00C6PYQAM,head,,,0,0.0,0.0,0.0,0.0,0.0,0.0,0,0
AD9W9PR1YJYBL:validation:B0037UT3E4,head,,,0,0.0,0.0,0.0,0.0,0.0,0.0,0,0
ADF3WPM4HVIUN:validation:B008RU8GC4,head,,,0,0.0,0.0,0.0,0.0,0.0,0.0,0,0
ADL946XRPP5LE:validation:B0057MGKO6,head,,,0,0.0,0.0,0.0,0.0,0.0,0.0,0,0
ADQMHQ1ZHAG6X:validation:B001DOBMC2,tail,,,0,0.0,0.0,0.0,0.0,0.0,0.0,0,0
ADRH9RBV9NQS:validation:B004ZPENP4,tail,2,2,1,1.0,0.6309297535714575,1.0,1.0,0.6309297535714575,1.0,0,0
ADY8F6UYX2YAX:validation:B0015INKYO,tail,,,0,0.0,0.0,0.0,0.0,0.0,0.0,0,0
AE3J298SUOHLJ:validation:B007SA1QYO,tail,,,0,0.0,0.0,0.0,0.0,0.0,0.0,0,0
AE62182ZKLN85:validation:B004PR49EM,tail,,,0,0.0,0.0,0.0,0.0,0.0,0.0,0,0
AE8AT5NB4DDRM:validation:B00CMNX3RK,tail,,,0,0.0,0.0,0.0,0.0,0.0,0.0,0,0
AEDDGVEL0AEGO:validation:B00AFU6310,tail,,,0,0.0,0.0,0.0,0.0,0.0,0.0,0,0
AESQI52XM4NRI:validation:B003E1DVJY,tail,,,0,0.0,0.0,0.0,0.0,0.0,0.0,0,0
AEVO0UWFCAK02:validation:B00EY2706C,head,,,0,0.0,0.0,0.0,0.0,0.0,0.0,0,0
AF41ELZ2DWMV6:validation:B0006PJ0JG,head,,,0,0.0,0.0,0.0,0.0,0.0,0.0,0,0
AF43N9PXI79G3:validation:B003X3VGM2,tail,,,0,0.0,0.0,0.0,0.0,0.0,0.0,0,0
AF7MRK4CQWVXB:validation:B007X03IKO,head,,,0,0.0,0.0,0.0,0.0,0.0,0.0,0,0
AFABVAWRVSZBA:validation:B002BY2BVE,head,,,0,0.0,0.0,0.0,0.0,0.0,0.0,0,0
AFDJGY68CQL2X:validation:B0042MAKAW,head,,,0,0.0,0.0,0.0,0.0,0.0,0.0,0,0
AFYQ9V4XBVCJ1:validation:B00EDBZ9KI,tail,,,0,0.0,0.0,0.0,0.0,0.0,0.0,0,0
AGNHR40JQARSR:validation:B007J3F9U2,tail,,,0,0.0,0.0,0.0,0.0,0.0,0.0,0,0
AGV08F2R333CF:validation:B004RSGBSQ,tail,,,0,0.0,0.0,0.0,0.0,0.0,0.0,0,0
AGYPM2K9YMLX0:validation:B0028YVCBW,tail,,,0,0.0,0.0,0.0,0.0,0.0,0.0,0,0
AGZ6G2BHW0Q72:validation:B0095ZFA5Q,tail,,,0,0.0,0.0,0.0,0.0,0.0,0.0,0,0
AH7IDBNZ5T9YO:validation:B001543YEY,head,21,19,1,0.0,0.0,1.0,0.0,0.0,1.0,1,0
AHAR81QBHIN4B:validation:B004A2QTRC,head,23,18,1,0.0,0.0,1.0,0.0,0.0,1.0,1,0
AHCM2GKBTLDY6:validation:B0012J35XM,tail,,,0,0.0,0.0,0.0,0.0,0.0,0.0,0,0
AHG1CCYRUKT4D:validation:B004GX7EEW,tail,,,0,0.0,0.0,0.0,0.0,0.0,0.0,0,0
AHJSD182WGBUV:validation:B003F2636A,tail,4,4,1,1.0,0.43067655807339306,1.0,1.0,0.43067655807339306,1.0,0,0
AHQFMGLIDNKTI:validation:B0036INP7I,tail,1,1,1,1.0,1.0,1.0,1.0,1.0,1.0,0,0
AHYPTYSC79H1J:validation:B000N1NDHI,tail,,,0,0.0,0.0,0.0,0.0,0.0,0.0,0,0
AIDX2MKIIF2OO:validation:B000BNCA4K,head,,,0,0.0,0.0,0.0,0.0,0.0,0.0,0,0
AIH25VYUTQPQI:validation:B008JNPBYK,head,1,1,1,1.0,1.0,1.0,1.0,1.0,1.0,0,0
AIJSZ7ZSZO7B0:validation:B006O6F8VA,tail,,,0,0.0,0.0,0.0,0.0,0.0,0.0,0,0
AIPUDTMY1OIZP:validation:B00CKH9WOQ,head,,,0,0.0,0.0,0.0,0.0,0.0,0.0,0,0
AIW4CHZOM5W7D:validation:B00CM75VXA,head,23,22,1,0.0,0.0,1.0,0.0,0.0,1.0,1,0
AIXYHCKPXMAN8:validation:B0000789T0,tail,,,0,0.0,0.0,0.0,0.0,0.0,0.0,0,0
AJA559T22X0F0:validation:B00857SRVO,head,,,0,0.0,0.0,0.0,0.0,0.0,0.0,0,0
AJA8ABXYA9B5O:validation:B005CMR6XU,tail,,,0,0.0,0.0,0.0,0.0,0.0,0.0,0,0
AJK3BGAL8O25U:validation:B0007P95JA,tail,,,0,0.0,0.0,0.0,0.0,0.0,0.0,0,0
AJND8CKPNXSCX:validation:B000KI111Y,head,,,0,0.0,0.0,0.0,0.0,0.0,0.0,0,0
AJV85Y45CQ42R:validation:B008SP3H0O,tail,,,0,0.0,0.0,0.0,0.0,0.0,0.0,0,0
AJXB8N23GMST4:validation:B001A5SNXA,tail,,,0,0.0,0.0,0.0,0.0,0.0,0.0,0,0
AK5TM84P6KXU2:validation:B004289584,head,,,0,0.0,0.0,0.0,0.0,0.0,0.0,0,0
AKQ0QG8CHX6QE:validation:B00GBM5YQ6,tail,,74,1,0.0,0.0,0.0,0.0,0.0,0.0,1,0
AL4N6EDXCO8SC:validation:B000XQ51B4,head,,,0,0.0,0.0,0.0,0.0,0.0,0.0,0,0
AL5YF8ZADV353:validation:B00AWZB6PQ,tail,,,0,0.0,0.0,0.0,0.0,0.0,0.0,0,0
ALCPGPP1PT1T2:validation:B0033BM3K8,head,,,0,0.0,0.0,0.0,0.0,0.0,0.0,0,0
ALGI1LYA0YHQQ:validation:B00C6Q1Z6E,head,,,0,0.0,0.0,0.0,0.0,0.0,0.0,0,0
ALJ1AJ9K9AMJU:validation:B00BDMN3VC,tail,,90,1,0.0,0.0,0.0,0.0,0.0,0.0,1,0
ALJ56KALYHUVH:validation:B00FXB4Z4I,tail,,,0,0.0,0.0,0.0,0.0,0.0,0.0,0,0
ALKN1VH5GJ9RV:validation:B00A850UVG,head,3,3,1,1.0,0.5,1.0,1.0,0.5,1.0,0,0
ALKQIZJOJ6Z5Z:validation:B00BP48U6Q,tail,,,0,0.0,0.0,0.0,0.0,0.0,0.0,0,0
ALMP44RB15CHJ:validation:B00BU0AYHS,tail,,79,1,0.0,0.0,0.0,0.0,0.0,0.0,1,0
ALNFHVS3SC4FV:validation:B00GSXJIMO,head,3,3,1,1.0,0.5,1.0,1.0,0.5,1.0,0,0
ALQMZVXPJ0Y3A:validation:B00349MPQQ,head,1,1,1,1.0,1.0,1.0,1.0,1.0,1.0,0,0
AM3EHV20YJ91P:validation:B0015YT88A,tail,,,0,0.0,0.0,0.0,0.0,0.0,0.0,0,0
AM5N9DEP8YVG6:validation:B000099Z3R,tail,14,16,1,0.0,0.0,1.0,0.0,0.0,1.0,1,0
AM7AXHIZB0BSE:validation:B002LE8Z14,tail,,,0,0.0,0.0,0.0,0.0,0.0,0.0,0,0
AMB5L7WUBUVDM:validation:B00FNM35A2,head,,,0,0.0,0.0,0.0,0.0,0.0,0.0,0,0
AME9F4QS4JTDK:validation:B003Y7DQT8,tail,,,0,0.0,0.0,0.0,0.0,0.0,0.0,0,0
AMFIPCYDYWGVT:validation:B00BOZBK04,tail,,,0,0.0,0.0,0.0,0.0,0.0,0.0,0,0
AMGJTCL21SBOW:validation:B004S6DWDY,head,,,0,0.0,0.0,0.0,0.0,0.0,0.0,0,0
AMS2CPERWN7JV:validation:B00EAHXPAG,tail,4,4,1,1.0,0.43067655807339306,1.0,1.0,0.43067655807339306,1.0,0,0
AMT7B92325F35:validation:B00DPK11XM,head,8,15,1,1.0,0.31546487678572877,1.0,0.0,0.0,1.0,1,1
AMTKZ0I5BOYZV:validation:B006Y3RQ6I,tail,,,0,0.0,0.0,0.0,0.0,0.0,0.0,0,0
AMUUBLX8VWYC4:validation:B000283X2M,tail,,,0,0.0,0.0,0.0,0.0,0.0,0.0,0,0
AMVKI21J69KAJ:validation:B00295WCJQ,head,,,0,0.0,0.0,0.0,0.0,0.0,0.0,0,0
AMWBYRVJYWELX:validation:B0028P5R26,head,,,0,0.0,0.0,0.0,0.0,0.0,0.0,0,0
AMXMNAKN9G5FJ:validation:B001MY20X8,tail,,,0,0.0,0.0,0.0,0.0,0.0,0.0,0,0
AN2AMQMQOKEON:validation:B000BNENIG,head,,,0,0.0,0.0,0.0,0.0,0.0,0.0,0,0
ANH9F6M3RZT9Y:validation:B00019RB7K,tail,,,0,0.0,0.0,0.0,0.0,0.0,0.0,0,0
ANJ16XV3T2HBW:validation:B004TAYRQ0,head,,,0,0.0,0.0,0.0,0.0,0.0,0.0,0,0
ANJ3KTSJU3NIE:validation:B006ZZ8JO8,tail,,,0,0.0,0.0,0.0,0.0,0.0,0.0,0,0
ANJC18SBOHO1K:validation:B00C5XBANG,tail,2,2,1,1.0,0.6309297535714575,1.0,1.0,0.6309297535714575,1.0,0,0
ANQW5H8ZCG5LZ:validation:B00BQYQY8Q,head,,,0,0.0,0.0,0.0,0.0,0.0,0.0,0,0
ANUU7N1P5Q2QX:validation:B003B96AOW,head,30,23,1,0.0,0.0,1.0,0.0,0.0,1.0,1,0
ANXFFK9WAHFMX:validation:B00BZ8KN94,tail,,,0,0.0,0.0,0.0,0.0,0.0,0.0,0,0
AO1Z0TQWCRGL4:validation:B0073RJRZM,tail,,,0,0.0,0.0,0.0,0.0,0.0,0.0,0,0
AO3PQNT2PUA9H:validation:B000GKXY7U,head,,,0,0.0,0.0,0.0,0.0,0.0,0.0,0,0
AO9HR7WAPX7PW:validation:B001QXDIUO,tail,,,0,0.0,0.0,0.0,0.0,0.0,0.0,0,0
AOFH811LFT9MV:validation:B001GL4HOC,tail,,,0,0.0,0.0,0.0,0.0,0.0,0.0,0,0
AOPQLW9M43I1F:validation:B005VPRF16,head,4,3,1,1.0,0.43067655807339306,1.0,1.0,0.5,1.0,1,0
AOUQCCU5VU5QL:validation:B0036IMS7Q,tail,,,0,0.0,0.0,0.0,0.0,0.0,0.0,0,0
AP46H9K79UFYJ:validation:B0012SCMJG,tail,14,11,1,0.0,0.0,1.0,0.0,0.0,1.0,1,0
AP47GS6KLW8LO:validation:B00000IV3U,tail,,,0,0.0,0.0,0.0,0.0,0.0,0.0,0,0
AP4E6F0MP2ZE3:validation:B008B68IK4,head,28,22,1,0.0,0.0,1.0,0.0,0.0,1.0,1,0
APAZZ9W4H4F7M:validation:B00004UE4A,tail,,,0,0.0,0.0,0.0,0.0,0.0,0.0,0,0
APBUXYQ7IZ0N8:validation:B00FO0QDIY,tail,,,0,0.0,0.0,0.0,0.0,0.0,0.0,0,0
APID6J2IRZ4D4:validation:B004JGHLDK,tail,,,0,0.0,0.0,0.0,0.0,0.0,0.0,0,0
APJ1TC9USSF21:validation:B0014XCS6Q,tail,,,0,0.0,0.0,0.0,0.0,0.0,0.0,0,0
APJP6G8RNHVDC:validation:B007B7LTE6,tail,,,0,0.0,0.0,0.0,0.0,0.0,0.0,0,0
APVIZ9VRRICP7:validation:B00C6Q3UNK,tail,,,0,0.0,0.0,0.0,0.0,0.0,0.0,0,0
AQ8L8DO0EL2RH:validation:9269809579,tail,,54,1,0.0,0.0,0.0,0.0,0.0,0.0,1,0
AQG17YFAR1ANR:validation:B000GEALZO,head,,,0,0.0,0.0,0.0,0.0,0.0,0.0,0,0
AQGZ5KHH069ZC:validation:B00ATWUE1O,head,2,2,1,1.0,0.6309297535714575,1.0,1.0,0.6309297535714575,1.0,0,0
AQLNSJ7XZV90T:validation:B00A88F3UQ,tail,,,0,0.0,0.0,0.0,0.0,0.0,0.0,0,0
AQN14T2B6C16:validation:B007Q0O9UY,head,,,0,0.0,0.0,0.0,0.0,0.0,0.0,0,0
AQRGRPIEA654U:validation:B00CMNX7U8,head,,,0,0.0,0.0,0.0,0.0,0.0,0.0,0,0
AQWSPFJS2ENQK:validation:B0049B4DNQ,tail,,,0,0.0,0.0,0.0,0.0,0.0,0.0,0,0
AQWSZQAF87XJN:validation:B00BSN0K1C,tail,4,5,1,1.0,0.43067655807339306,1.0,1.0,0.38685280723454163,1.0,1,0
AQXL8AC8YZU01:validation:B0036FD7I8,tail,10,9,1,1.0,0.2890648263178879,1.0,1.0,0.3010299956639812,1.0,1,0
AR0QFCN5K2180:validation:B00CXLQIAU,head,2,2,1,1.0,0.6309297535714575,1.0,1.0,0.6309297535714575,1.0,0,0
ARE5A8U0I1BBB:validation:B00DQ9RM2Q,tail,,,0,0.0,0.0,0.0,0.0,0.0,0.0,0,0
ARFN9AAAEKIIO:validation:B00BK8VQ04,tail,5,48,1,1.0,0.38685280723454163,1.0,0.0,0.0,1.0,1,1
ARHFY2I738P1H:validation:B0019RH5P6,tail,,,0,0.0,0.0,0.0,0.0,0.0,0.0,0,0
ARHILUH38SG90:validation:B000KI111Y,head,,,0,0.0,0.0,0.0,0.0,0.0,0.0,0,0
ARILURHXP21AL:validation:B009QZ30FM,head,,,0,0.0,0.0,0.0,0.0,0.0,0.0,0,0
ARJ97ZO02Q2PX:validation:B00385L0FI,tail,,,0,0.0,0.0,0.0,0.0,0.0,0.0,0,0
ART4NGC3Q1CCC:validation:B00HUJNUSS,tail,1,1,1,1.0,1.0,1.0,1.0,1.0,1.0,0,0
ARTERMU59Z3HW:validation:B003D7F4YY,head,,,0,0.0,0.0,0.0,0.0,0.0,0.0,0,0
ARXLXD4LGIW19:validation:B003SAM6BU,tail,,,0,0.0,0.0,0.0,0.0,0.0,0.0,0,0
AS37FL33ORV7H:validation:B001RAOJC2,tail,4,4,1,1.0,0.43067655807339306,1.0,1.0,0.43067655807339306,1.0,0,0
ASE31AG5FF8D8:validation:B001Q8VPS6,tail,,,0,0.0,0.0,0.0,0.0,0.0,0.0,0,0
ASGGVJI9IOZAA:validation:B00CBG7NEW,tail,,,0,0.0,0.0,0.0,0.0,0.0,0.0,0,0
ASMAN2S0D2VF2:validation:B008IT5DAM,tail,,,0,0.0,0.0,0.0,0.0,0.0,0.0,0,0
ASTQMYNESCQKH:validation:B00000IZOU,head,13,13,1,0.0,0.0,1.0,0.0,0.0,1.0,0,0
ASWY1ECMJHAVE:validation:B004U5C392,tail,,,0,0.0,0.0,0.0,0.0,0.0,0.0,0,0
ASZ8W38C6GQPK:validation:B000BPN3JO,tail,,,0,0.0,0.0,0.0,0.0,0.0,0.0,0,0
ASZJ5CSFIPTB3:validation:B0038AJYSS,head,,,0,0.0,0.0,0.0,0.0,0.0,0.0,0,0
AT4W2YMLLC9H8:validation:B0009Z3MQU,tail,,,0,0.0,0.0,0.0,0.0,0.0,0.0,0,0
AT5R2MGCDESEA:validation:B00GSPFDXA,tail,,75,1,0.0,0.0,0.0,0.0,0.0,0.0,1,0
AT5TCJHPQBHWN:validation:B00AE5R2NO,tail,12,10,1,0.0,0.0,1.0,1.0,0.2890648263178879,1.0,1,0
AT7ETF5YJ1PX8:validation:B000AQJPQE,tail,,,0,0.0,0.0,0.0,0.0,0.0,0.0,0,0
AT9L9315LIYY:validation:B000084JMC,head,,,0,0.0,0.0,0.0,0.0,0.0,0.0,0,0
ATCFLWS85POA0:validation:B001FY2VDO,tail,,,0,0.0,0.0,0.0,0.0,0.0,0.0,0,0
ATCMMK2BT5TOV:validation:B001TR0742,head,,,0,0.0,0.0,0.0,0.0,0.0,0.0,0,0
ATM94ZHQDW4K:validation:B003NVJ9JG,tail,,,0,0.0,0.0,0.0,0.0,0.0,0.0,0,0
ATNXLGOASNPNX:validation:B006O6FL5I,tail,,,0,0.0,0.0,0.0,0.0,0.0,0.0,0,0
ATO06M2U1Q15L:validation:B00BNO8QOE,tail,,,0,0.0,0.0,0.0,0.0,0.0,0.0,0,0
ATQDVSU2TTW24:validation:B005LB9EUA,head,,,0,0.0,0.0,0.0,0.0,0.0,0.0,0,0
ATV7H2UQYGCOT:validation:B002RYVRH2,tail,,,0,0.0,0.0,0.0,0.0,0.0,0.0,0,0
ATXPBFY59CAI5:validation:B000REP3CO,tail,,,0,0.0,0.0,0.0,0.0,0.0,0.0,0,0
AU0CHKF1W1BO9:validation:B008B68IBI,head,4,4,1,1.0,0.43067655807339306,1.0,1.0,0.43067655807339306,1.0,0,0
AUDA5XUWPYHOR:validation:B00BH0G0TC,tail,,,0,0.0,0.0,0.0,0.0,0.0,0.0,0,0
AUJEF31CXWTCQ:validation:B00C6PV4QQ,head,,,0,0.0,0.0,0.0,0.0,0.0,0.0,0,0
AULDDIOHU5I60:validation:B006Y3RP14,tail,19,16,1,0.0,0.0,1.0,0.0,0.0,1.0,1,0
AUS5X6IMFLJBD:validation:B00EDBYHRO,tail,37,47,1,0.0,0.0,1.0,0.0,0.0,1.0,1,0
AV0MLZR2KDDX2:validation:B004083ELK,head,12,11,1,0.0,0.0,1.0,0.0,0.0,1.0,1,0
AV19W38S18KEF:validation:B007ADINLI,head,,,0,0.0,0.0,0.0,0.0,0.0,0.0,0,0
AV2JONP5LRMYZ:validation:B00627IS5Y,tail,,,0,0.0,0.0,0.0,0.0,0.0,0.0,0,0
AV5Q4JYAD8H1C:validation:B0015AM26E,head,,,0,0.0,0.0,0.0,0.0,0.0,0.0,0,0
AV7Z35OEJZEUI:validation:B002UAMBW8,tail,,,0,0.0,0.0,0.0,0.0,0.0,0.0,0,0
AVBLGXSWRN666:validation:B00349MPQQ,head,,,0,0.0,0.0,0.0,0.0,0.0,0.0,0,0
AVG16OSGL33PE:validation:B0009XBY30,head,,,0,0.0,0.0,0.0,0.0,0.0,0.0,0,0
AVKTUVAMAOAGY:validation:B005S8KR6Q,head,22,17,1,0.0,0.0,1.0,0.0,0.0,1.0,1,0
AVMD58XPG8LXN:validation:B00C6PRY24,tail,,,0,0.0,0.0,0.0,0.0,0.0,0.0,0,0
AVR3F6VQYIMZW:validation:B00ECV4DBA,tail,,,0,0.0,0.0,0.0,0.0,0.0,0.0,0,0
AVU3LE3F571TP:validation:B00C16YYVC,head,,,0,0.0,0.0,0.0,0.0,0.0,0.0,0,0
AWAXS66YMHMNW:validation:B00AHAJG94,tail,,,0,0.0,0.0,0.0,0.0,0.0,0.0,0,0
AWCX0EDFH2G8K:validation:B00840LB4C,tail,,,0,0.0,0.0,0.0,0.0,0.0,0.0,0,0
AWKN9MUVLYW4I:validation:B00CFELUXU,tail,,,0,0.0,0.0,0.0,0.0,0.0,0.0,0,0
AWKPFG2OHQJ8S:validation:B000P7PVYI,tail,,,0,0.0,0.0,0.0,0.0,0.0,0.0,0,0
AX4AW8LGWA1F6:validation:B00C18BWYW,head,,,0,0.0,0.0,0.0,0.0,0.0,0.0,0,0
AXAPYPM2S13MF:validation:B00AITWSZ8,tail,8,94,1,1.0,0.31546487678572877,1.0,0.0,0.0,0.0,1,1
AXDHDJG20T0OV:validation:B003KYTW4I,tail,1,1,1,1.0,1.0,1.0,1.0,1.0,1.0,0,0
AXKXPMR2MVYVY:validation:B00C67VJN2,tail,,,0,0.0,0.0,0.0,0.0,0.0,0.0,0,0
AXPX6ROF4C4DF:validation:B0040I9IS8,tail,,,0,0.0,0.0,0.0,0.0,0.0,0.0,0,0
AXQSVBTBF6SLA:validation:192978001X,head,,,0,0.0,0.0,0.0,0.0,0.0,0.0,0,0
AXR3CV6A4FMBG:validation:B00DQRV698,tail,,,0,0.0,0.0,0.0,0.0,0.0,0.0,0,0
AXSVM82N1LYSD:validation:B00D95E30G,tail,1,1,1,1.0,1.0,1.0,1.0,1.0,1.0,0,0
AXVKMYWNIHK7W:validation:B00IVFCCMA,tail,,,0,0.0,0.0,0.0,0.0,0.0,0.0,0,0
AXYM52DNK6NDF:validation:B000IBRD74,head,,,0,0.0,0.0,0.0,0.0,0.0,0.0,0,0
AY1I85LLDMETC:validation:B00DJQZMTG,tail,,,0,0.0,0.0,0.0,0.0,0.0,0.0,0,0
AY2SKI03794LF:validation:B00BOZ4C36,tail,,,0,0.0,0.0,0.0,0.0,0.0,0.0,0,0
AY3SK338CBF3L:validation:B007RTFZLQ,tail,,,0,0.0,0.0,0.0,0.0,0.0,0.0,0,0
AY57E8Z4CSIHO:validation:B0007WX0QC,head,,,0,0.0,0.0,0.0,0.0,0.0,0.0,0,0
AY8O2TXAR9S03:validation:B00B98HG18,tail,,,0,0.0,0.0,0.0,0.0,0.0,0.0,0,0
AY8OP9E9YAKP0:validation:B00FO0QDIY,tail,,,0,0.0,0.0,0.0,0.0,0.0,0.0,0,0
AYBHFECV8Y043:validation:B007XC9BSK,tail,,,0,0.0,0.0,0.0,0.0,0.0,0.0,0,0
AYNNJ0DBGL5H7:validation:B00FAQW0N4,head,7,7,1,1.0,0.3333333333333333,1.0,1.0,0.3333333333333333,1.0,0,0
AYWCV3WFU20JB:validation:B000809OAO,head,,,0,0.0,0.0,0.0,0.0,0.0,0.0,0,0
AZ6D2BR47RARU:validation:B004U52VPS,head,,,0,0.0,0.0,0.0,0.0,0.0,0.0,0,0
AZE16AY05PUZ0:validation:B001D0C70C,head,,,0,0.0,0.0,0.0,0.0,0.0,0.0,0,0
AZHOPYR1YH3TS:validation:B003O85K14,head,,,0,0.0,0.0,0.0,0.0,0.0,0.0,0,0
AZK5R1TK2PZPF:validation:B0053B65CI,tail,,,0,0.0,0.0,0.0,0.0,0.0,0.0,0,0
AZO7N6QUTBAS0:validation:B00A0TLM94,tail,,,0,0.0,0.0,0.0,0.0,0.0,0.0,0,0
AZSK4N4ZCZ16H:validation:B007X9034O,tail,,,0,0.0,0.0,0.0,0.0,0.0,0.0,0,0
AZVT0WAEWQNZJ:validation:B004JA7M4E,tail,,,0,0.0,0.0,0.0,0.0,0.0,0.0,0,0
