arm,sample_key,target_group,graph_covered,baseline_rank,candidate_rank,baseline_Recall@5,baseline_NDCG@5,baseline_Recall@10,baseline_NDCG@10,baseline_Recall@50,baseline_MRR,candidate_Recall@5,candidate_NDCG@5,candidate_Recall@10,candidate_NDCG@10,candidate_Recall@50,candidate_MRR,target_in_baseline_beam50,target_in_candidate_beam50,new_hit_at10_outside_A_beam,changed,broad_harm
A,A11ETVT8EYHOW2:4:B004HYLTTG,tail,1,1,1,1.0,1.0,1.0,1.0,1.0,1.0,1.0,1.0,1.0,1.0,1.0,1.0,1,1,0,0,0
A,A11K70GWSB7A5Z:1:B000K7E2G6,head,1,48,48,0.0,0.0,0.0,0.0,1.0,0.020833333333333332,0.0,0.0,0.0,0.0,1.0,0.020833333333333332,1,1,0,0,0
A,A11K70GWSB7A5Z:3:B007RTR9G0,head,1,4,4,1.0,0.43067655807339306,1.0,0.43067655807339306,1.0,0.25,1.0,0.43067655807339306,1.0,0.43067655807339306,1.0,0.25,1,1,0,0,0
A,A11KTJR5RL1F6:3:B009RNUH8G,tail,1,33,33,0.0,0.0,0.0,0.0,1.0,0.030303030303030304,0.0,0.0,0.0,0.0,1.0,0.030303030303030304,1,1,0,0,0
A,A12DQZKRKTNF5E:1:B001E6G6RU,head,1,1,1,1.0,1.0,1.0,1.0,1.0,1.0,1.0,1.0,1.0,1.0,1.0,1.0,1,1,0,0,0
A,A12PH6L5QSVTYN:19:B0000536F0,tail,1,,,0.0,0.0,0.0,0.0,0.0,0.0,0.0,0.0,0.0,0.0,0.0,0.0,0,0,0,0,0
A,A130VKD6760TV5:1:B004XNIR1E,tail,1,,,0.0,0.0,0.0,0.0,0.0,0.0,0.0,0.0,0.0,0.0,0.0,0.0,0,0,0,0,0
A,A13IIPSGKZZTFP:4:B000KVH1QU,head,1,6,6,0.0,0.0,1.0,0.3562071871080222,1.0,0.16666666666666666,0.0,0.0,1.0,0.3562071871080222,1.0,0.16666666666666666,1,1,0,0,0
A,A14CK20ZH4IAFV:2:B0036I8BPE,head,1,,,0.0,0.0,0.0,0.0,0.0,0.0,0.0,0.0,0.0,0.0,0.0,0.0,0,0,0,0,0
A,A1501C38OCSEMA:1:B007A592HU,head,1,1,1,1.0,1.0,1.0,1.0,1.0,1.0,1.0,1.0,1.0,1.0,1.0,1.0,1,1,0,0,0
A,A15EZUQ6Y2HZS3:1:B001FWXMGG,tail,1,,,0.0,0.0,0.0,0.0,0.0,0.0,0.0,0.0,0.0,0.0,0.0,0.0,0,0,0,0,0
A,A173YMJ9XFVRSY:5:B00CBD0M8Y,head,1,1,1,1.0,1.0,1.0,1.0,1.0,1.0,1.0,1.0,1.0,1.0,1.0,1.0,1,1,0,0,0
A,A18YRSWGVSOVOZ:6:B007B469MG,tail,1,3,3,1.0,0.5,1.0,0.5,1.0,0.3333333333333333,1.0,0.5,1.0,0.5,1.0,0.3333333333333333,1,1,0,0,0
A,A190EAFTGCQNED:8:B00111FL3I,tail,1,,,0.0,0.0,0.0,0.0,0.0,0.0,0.0,0.0,0.0,0.0,0.0,0.0,0,0,0,0,0
A,A19ZYWIWRT7TJF:4:B008JH1CB2,tail,1,,,0.0,0.0,0.0,0.0,0.0,0.0,0.0,0.0,0.0,0.0,0.0,0.0,0,0,0,0,0
A,A19ZYWIWRT7TJF:6:B000142C1A,head,1,4,4,1.0,0.43067655807339306,1.0,0.43067655807339306,1.0,0.25,1.0,0.43067655807339306,1.0,0.43067655807339306,1.0,0.25,1,1,0,0,0
A,A1AKHFY83NEUI:4:B005C5FP9Y,head,1,6,6,0.0,0.0,1.0,0.3562071871080222,1.0,0.16666666666666666,0.0,0.0,1.0,0.3562071871080222,1.0,0.16666666666666666,1,1,0,0,0
A,A1AQUTO5MZ12JV:1:B0009RFB76,head,1,,,0.0,0.0,0.0,0.0,0.0,0.0,0.0,0.0,0.0,0.0,0.0,0.0,0,0,0,0,0
A,A1C5NOACEJG24R:3:B001UQM73G,tail,1,,,0.0,0.0,0.0,0.0,0.0,0.0,0.0,0.0,0.0,0.0,0.0,0.0,0,0,0,0,0
A,A1CLZXR0B7YHA0:2:B000SASZ9K,tail,1,9,9,0.0,0.0,1.0,0.3010299956639812,1.0,0.1111111111111111,0.0,0.0,1.0,0.3010299956639812,1.0,0.1111111111111111,1,1,0,0,0
A,A1EAX5HVYV96EF:40:B001G7POOI,tail,1,3,3,1.0,0.5,1.0,0.5,1.0,0.3333333333333333,1.0,0.5,1.0,0.5,1.0,0.3333333333333333,1,1,0,0,0
A,A1EH7MY1LOTYDZ:3:B00188IFHS,head,1,,,0.0,0.0,0.0,0.0,0.0,0.0,0.0,0.0,0.0,0.0,0.0,0.0,0,0,0,0,0
A,A1EVGDOTGFZOSS:3:B00AUFS8I6,tail,1,,,0.0,0.0,0.0,0.0,0.0,0.0,0.0,0.0,0.0,0.0,0.0,0.0,0,0,0,0,0
A,A1FWFCJU2G7TRA:23:B00AE07GX0,head,1,3,3,1.0,0.5,1.0,0.5,1.0,0.3333333333333333,1.0,0.5,1.0,0.5,1.0,0.3333333333333333,1,1,0,0,0
A,A1FWFCJU2G7TRA:2:B001KYO2M2,head,1,,,0.0,0.0,0.0,0.0,0.0,0.0,0.0,0.0,0.0,0.0,0.0,0.0,0,0,0,0,0
A,A1G2T9YSX9OORD:1:B000NBBN1G,tail,1,,,0.0,0.0,0.0,0.0,0.0,0.0,0.0,0.0,0.0,0.0,0.0,0.0,0,0,0,0,0
A,A1HG9O4VJVGXPZ:11:B0002L2JLU,tail,1,4,4,1.0,0.43067655807339306,1.0,0.43067655807339306,1.0,0.25,1.0,0.43067655807339306,1.0,0.43067655807339306,1.0,0.25,1,1,0,0,0
A,A1HG9O4VJVGXPZ:5:B000L1AY3G,tail,1,,,0.0,0.0,0.0,0.0,0.0,0.0,0.0,0.0,0.0,0.0,0.0,0.0,0,0,0,0,0
A,A1HP0N7ZFE2FUF:3:B003VGMLSO,tail,1,,,0.0,0.0,0.0,0.0,0.0,0.0,0.0,0.0,0.0,0.0,0.0,0.0,0,0,0,0,0
A,A1II2ZRPKZAQQD:9:B00AO4EBOI,head,1,,,0.0,0.0,0.0,0.0,0.0,0.0,0.0,0.0,0.0,0.0,0.0,0.0,0,0,0,0,0
A,A1ILWPH1GHUXE2:1:B0020122ZS,head,1,15,15,0.0,0.0,0.0,0.0,1.0,0.06666666666666667,0.0,0.0,0.0,0.0,1.0,0.06666666666666667,1,1,0,0,0
A,A1K8Z5ANJIO449:2:B00006IV30,head,1,,,0.0,0.0,0.0,0.0,0.0,0.0,0.0,0.0,0.0,0.0,0.0,0.0,0,0,0,0,0
A,A1KZ4VRBIN9KCT:5:B00466RIH2,tail,1,,,0.0,0.0,0.0,0.0,0.0,0.0,0.0,0.0,0.0,0.0,0.0,0.0,0,0,0,0,0
A,A1L9ZTGO75717E:3:B006OMHTMK,tail,1,26,26,0.0,0.0,0.0,0.0,1.0,0.038461538461538464,0.0,0.0,0.0,0.0,1.0,0.038461538461538464,1,1,0,0,0
A,A1MULRLRNZDOFK:2:B001LZFUX0,tail,1,3,3,1.0,0.5,1.0,0.5,1.0,0.3333333333333333,1.0,0.5,1.0,0.5,1.0,0.3333333333333333,1,1,0,0,0
A,A1N8VZP6JAAMA4:5:B000O1NJZ8,tail,1,,,0.0,0.0,0.0,0.0,0.0,0.0,0.0,0.0,0.0,0.0,0.0,0.0,0,0,0,0,0
A,A1OD07ORS8TCC1:3:B0000536P3,head,1,,,0.0,0.0,0.0,0.0,0.0,0.0,0.0,0.0,0.0,0.0,0.0,0.0,0,0,0,0,0
A,A1OTUKJ8298TY5:1:B004KATCFK,head,1,,,0.0,0.0,0.0,0.0,0.0,0.0,0.0,0.0,0.0,0.0,0.0,0.0,0,0,0,0,0
A,A1P440A4H9585R:2:B000YC718S,tail,1,8,8,0.0,0.0,1.0,0.31546487678572877,1.0,0.125,0.0,0.0,1.0,0.31546487678572877,1.0,0.125,1,1,0,0,0
A,A1QS0JG4J81E1P:1:B003YCCLIA,head,1,,,0.0,0.0,0.0,0.0,0.0,0.0,0.0,0.0,0.0,0.0,0.0,0.0,0,0,0,0,0
A,A1S2HCN6WF93MF:4:B0057JCYYE,head,1,,,0.0,0.0,0.0,0.0,0.0,0.0,0.0,0.0,0.0,0.0,0.0,0.0,0,0,0,0,0
A,A1TXKHR1AXOCYF:2:B000W3WP1W,tail,1,,,0.0,0.0,0.0,0.0,0.0,0.0,0.0,0.0,0.0,0.0,0.0,0.0,0,0,0,0,0
A,A1U2HFSCT74J1R:3:B000RGZK02,head,1,34,34,0.0,0.0,0.0,0.0,1.0,0.029411764705882353,0.0,0.0,0.0,0.0,1.0,0.029411764705882353,1,1,0,0,0
A,A1VNFH9JQENIJ0:2:B002HHPTBO,tail,1,,,0.0,0.0,0.0,0.0,0.0,0.0,0.0,0.0,0.0,0.0,0.0,0.0,0,0,0,0,0
A,A1WKQ94M45D8MG:25:B00A0J084Y,head,1,1,1,1.0,1.0,1.0,1.0,1.0,1.0,1.0,1.0,1.0,1.0,1.0,1.0,1,1,0,0,0
A,A1WOGVKRFRNVOZ:4:B000GG1944,head,1,,,0.0,0.0,0.0,0.0,0.0,0.0,0.0,0.0,0.0,0.0,0.0,0.0,0,0,0,0,0
A,A1WSQ0QRWQC7VI:15:B0020122ZS,head,1,48,48,0.0,0.0,0.0,0.0,1.0,0.020833333333333332,0.0,0.0,0.0,0.0,1.0,0.020833333333333332,1,1,0,0,0
A,A1XLECOS11FFBF:2:B001G7PWD6,tail,1,,,0.0,0.0,0.0,0.0,0.0,0.0,0.0,0.0,0.0,0.0,0.0,0.0,0,0,0,0,0
A,A1XLECOS11FFBF:3:B001MCBWQ6,tail,1,1,1,1.0,1.0,1.0,1.0,1.0,1.0,1.0,1.0,1.0,1.0,1.0,1.0,1,1,0,0,0
A,A1XW5MPEN3P6EG:2:B001PKXTWA,tail,1,7,7,0.0,0.0,1.0,0.3333333333333333,1.0,0.14285714285714285,0.0,0.0,1.0,0.3333333333333333,1.0,0.14285714285714285,1,1,0,0,0
A,A1Y7JDCPP2ZOPA:1:B0013IT86U,tail,1,,,0.0,0.0,0.0,0.0,0.0,0.0,0.0,0.0,0.0,0.0,0.0,0.0,0,0,0,0,0
A,A1YB7U6KLFXZAZ:6:B008CC4FI6,tail,1,,,0.0,0.0,0.0,0.0,0.0,0.0,0.0,0.0,0.0,0.0,0.0,0.0,0,0,0,0,0
A,A1YEMA3KHCVSEZ:5:B00787QT6W,head,1,7,7,0.0,0.0,1.0,0.3333333333333333,1.0,0.14285714285714285,0.0,0.0,1.0,0.3333333333333333,1.0,0.14285714285714285,1,1,0,0,0
A,A1YEMA3KHCVSEZ:6:B002QI1E9K,head,1,21,21,0.0,0.0,0.0,0.0,1.0,0.047619047619047616,0.0,0.0,0.0,0.0,1.0,0.047619047619047616,1,1,0,0,0
A,A1YEMA3KHCVSEZ:9:B00154P3QQ,tail,1,,,0.0,0.0,0.0,0.0,0.0,0.0,0.0,0.0,0.0,0.0,0.0,0.0,0,0,0,0,0
A,A1YHCGT82C1B61:2:B00KAL5JAU,head,1,10,10,0.0,0.0,1.0,0.2890648263178879,1.0,0.1,0.0,0.0,1.0,0.2890648263178879,1.0,0.1,1,1,0,0,0
A,A1YVO5V1SO18DZ:3:B00AWLB9G6,head,1,,,0.0,0.0,0.0,0.0,0.0,0.0,0.0,0.0,0.0,0.0,0.0,0.0,0,0,0,0,0
A,A1ZRD3WNHP8O3T:17:B009GEUOXO,tail,1,,,0.0,0.0,0.0,0.0,0.0,0.0,0.0,0.0,0.0,0.0,0.0,0.0,0,0,0,0,0
A,A1ZRD3WNHP8O3T:22:B001QOP2KM,tail,1,1,1,1.0,1.0,1.0,1.0,1.0,1.0,1.0,1.0,1.0,1.0,1.0,1.0,1,1,0,0,0
A,A1ZRD3WNHP8O3T:6:B001E5ECV8,tail,1,,,0.0,0.0,0.0,0.0,0.0,0.0,0.0,0.0,0.0,0.0,0.0,0.0,0,0,0,0,0
A,A20A9P8EJ5BREG:8:B00AHF1GTM,head,1,5,5,1.0,0.38685280723454163,1.0,0.38685280723454163,1.0,0.2,1.0,0.38685280723454163,1.0,0.38685280723454163,1.0,0.2,1,1,0,0,0
A,A20VAHDMLHVWG1:16:B0092SVTGA,head,1,,,0.0,0.0,0.0,0.0,0.0,0.0,0.0,0.0,0.0,0.0,0.0,0.0,0,0,0,0,0
A,A20VPLFO9SFJNV:1:B000YC718S,tail,1,,,0.0,0.0,0.0,0.0,0.0,0.0,0.0,0.0,0.0,0.0,0.0,0.0,0,0,0,0,0
A,A215ZZFPVG5CX5:2:B0047WWDNO,head,1,,,0.0,0.0,0.0,0.0,0.0,0.0,0.0,0.0,0.0,0.0,0.0,0.0,0,0,0,0,0
A,A21SESEJ8E52B7:16:B00H2B2RLK,head,1,7,7,0.0,0.0,1.0,0.3333333333333333,1.0,0.14285714285714285,0.0,0.0,1.0,0.3333333333333333,1.0,0.14285714285714285,1,1,0,0,0
A,A21WBA2RH72WYC:1:B001HNNSIU,tail,1,,,0.0,0.0,0.0,0.0,0.0,0.0,0.0,0.0,0.0,0.0,0.0,0.0,0,0,0,0,0
A,A22NE96VVS6WXT:1:B005SHR4LS,tail,1,,,0.0,0.0,0.0,0.0,0.0,0.0,0.0,0.0,0.0,0.0,0.0,0.0,0,0,0,0,0
A,A22NETHJ4KTWJP:4:B008RTNSJQ,head,1,3,3,1.0,0.5,1.0,0.5,1.0,0.3333333333333333,1.0,0.5,1.0,0.5,1.0,0.3333333333333333,1,1,0,0,0
A,A22ZWWDP5FBEM6:2:B0073B3BUU,tail,1,,,0.0,0.0,0.0,0.0,0.0,0.0,0.0,0.0,0.0,0.0,0.0,0.0,0,0,0,0,0
A,A23OEXX9JTOJZY:7:B001TP2WCE,tail,1,35,35,0.0,0.0,0.0,0.0,1.0,0.02857142857142857,0.0,0.0,0.0,0.0,1.0,0.02857142857142857,1,1,0,0,0
A,A23QPM613TNZ2T:5:B001OAHF5I,tail,1,,,0.0,0.0,0.0,0.0,0.0,0.0,0.0,0.0,0.0,0.0,0.0,0.0,0,0,0,0,0
A,A23ZNGL704AW7O:13:B00AE07FXQ,head,1,,,0.0,0.0,0.0,0.0,0.0,0.0,0.0,0.0,0.0,0.0,0.0,0.0,0,0,0,0,0
A,A23ZNGL704AW7O:9:B002OSWW3O,tail,1,,,0.0,0.0,0.0,0.0,0.0,0.0,0.0,0.0,0.0,0.0,0.0,0.0,0,0,0,0,0
A,A24VASNAOK0TY:4:B000HEIRRM,head,1,,,0.0,0.0,0.0,0.0,0.0,0.0,0.0,0.0,0.0,0.0,0.0,0.0,0,0,0,0,0
A,A265TY8TEJ5N8G:2:B0061YRVMO,head,1,,,0.0,0.0,0.0,0.0,0.0,0.0,0.0,0.0,0.0,0.0,0.0,0.0,0,0,0,0,0
A,A271YL4ZLLQ3IQ:1:B000W0YAOA,head,1,31,31,0.0,0.0,0.0,0.0,1.0,0.03225806451612903,0.0,0.0,0.0,0.0,1.0,0.03225806451612903,1,1,0,0,0
A,A27X7XXOKMK879:14:B00106AC06,head,1,11,11,0.0,0.0,0.0,0.0,1.0,0.09090909090909091,0.0,0.0,0.0,0.0,1.0,0.09090909090909091,1,1,0,0,0
A,A28FIQZ46WLUI2:3:B00015GWQU,tail,1,,,0.0,0.0,0.0,0.0,0.0,0.0,0.0,0.0,0.0,0.0,0.0,0.0,0,0,0,0,0
A,A297LJ18W4UHLT:1:B000ZV3V46,tail,1,,,0.0,0.0,0.0,0.0,0.0,0.0,0.0,0.0,0.0,0.0,0.0,0.0,0,0,0,0,0
A,A29J95UBFWESG4:10:B007NNTAXK,tail,1,,,0.0,0.0,0.0,0.0,0.0,0.0,0.0,0.0,0.0,0.0,0.0,0.0,0,0,0,0,0
A,A2AE2G19CD2WMU:6:B0068Y6CA4,head,1,14,14,0.0,0.0,0.0,0.0,1.0,0.07142857142857142,0.0,0.0,0.0,0.0,1.0,0.07142857142857142,1,1,0,0,0
A,A2AIRFEAWEQC91:10:B00120IJSC,head,1,,,0.0,0.0,0.0,0.0,0.0,0.0,0.0,0.0,0.0,0.0,0.0,0.0,0,0,0,0,0
A,A2BCIJYRIKKQNX:1:B0069FDR96,head,1,1,1,1.0,1.0,1.0,1.0,1.0,1.0,1.0,1.0,1.0,1.0,1.0,1.0,1,1,0,0,0
A,A2BEXL96GIJ5S1:3:B0018SAJAY,head,1,,,0.0,0.0,0.0,0.0,0.0,0.0,0.0,0.0,0.0,0.0,0.0,0.0,0,0,0,0,0
A,A2BU57PMJ11MQF:3:B004X1QY20,head,1,3,3,1.0,0.5,1.0,0.5,1.0,0.3333333333333333,1.0,0.5,1.0,0.5,1.0,0.3333333333333333,1,1,0,0,0
A,A2E1EFNIZL2FVA:16:B00GLS58OS,head,1,1,1,1.0,1.0,1.0,1.0,1.0,1.0,1.0,1.0,1.0,1.0,1.0,1.0,1,1,0,0,0
A,A2EBR70V6P9W0N:2:B0006ZEVU4,tail,1,,,0.0,0.0,0.0,0.0,0.0,0.0,0.0,0.0,0.0,0.0,0.0,0.0,0,0,0,0,0
A,A2EBR70V6P9W0N:34:B001410OG4,head,1,,,0.0,0.0,0.0,0.0,0.0,0.0,0.0,0.0,0.0,0.0,0.0,0.0,0,0,0,0,0
A,A2F866KJ962NCM:3:B00385WMJ6,tail,1,,,0.0,0.0,0.0,0.0,0.0,0.0,0.0,0.0,0.0,0.0,0.0,0.0,0,0,0,0,0
A,A2FQ1Q3V31QLQB:1:B002CMLJU4,tail,1,6,6,0.0,0.0,1.0,0.3562071871080222,1.0,0.16666666666666666,0.0,0.0,1.0,0.3562071871080222,1.0,0.16666666666666666,1,1,0,0,0
A,A2G9UDL72YUTT8:4:B0060HOMHY,head,1,33,33,0.0,0.0,0.0,0.0,1.0,0.030303030303030304,0.0,0.0,0.0,0.0,1.0,0.030303030303030304,1,1,0,0,0
A,A2GF66IP0TAJJB:1:B003FBI9LS,head,1,,,0.0,0.0,0.0,0.0,0.0,0.0,0.0,0.0,0.0,0.0,0.0,0.0,0,0,0,0,0
A,A2H0O8QY5WZ1ZA:3:B002B9DWBC,head,1,13,13,0.0,0.0,0.0,0.0,1.0,0.07692307692307693,0.0,0.0,0.0,0.0,1.0,0.07692307692307693,1,1,0,0,0
A,A2HTPS0JV3Q8ZD:7:B00AE07EGO,head,1,4,4,1.0,0.43067655807339306,1.0,0.43067655807339306,1.0,0.25,1.0,0.43067655807339306,1.0,0.43067655807339306,1.0,0.25,1,1,0,0,0
A,A2J8SOVXJU5G1Q:1:B007WR91L8,tail,1,3,3,1.0,0.5,1.0,0.5,1.0,0.3333333333333333,1.0,0.5,1.0,0.5,1.0,0.3333333333333333,1,1,0,0,0
A,A2JJDROOLVYHXG:2:B0081E6YX4,tail,1,,,0.0,0.0,0.0,0.0,0.0,0.0,0.0,0.0,0.0,0.0,0.0,0.0,0,0,0,0,0
A,A2K7C1Y5SMPY6W:3:B001IB0NOS,tail,1,8,8,0.0,0.0,1.0,0.31546487678572877,1.0,0.125,0.0,0.0,1.0,0.31546487678572877,1.0,0.125,1,1,0,0,0
A,A2LOP5Z8HOS25L:2:B000QB77NQ,tail,1,3,3,1.0,0.5,1.0,0.5,1.0,0.3333333333333333,1.0,0.5,1.0,0.5,1.0,0.3333333333333333,1,1,0,0,0
A,A2MTPVW8JI634V:14:B00C8YCFU4,head,1,1,1,1.0,1.0,1.0,1.0,1.0,1.0,1.0,1.0,1.0,1.0,1.0,1.0,1,1,0,0,0
A,A2MTPVW8JI634V:3:B00IDWP4IA,head,1,24,24,0.0,0.0,0.0,0.0,1.0,0.041666666666666664,0.0,0.0,0.0,0.0,1.0,0.041666666666666664,1,1,0,0,0
A,A2N7MS3Z6F8KT6:1:B006DR2BO2,tail,1,,,0.0,0.0,0.0,0.0,0.0,0.0,0.0,0.0,0.0,0.0,0.0,0.0,0,0,0,0,0
A,A2NIPVK9QZF14B:5:B005OU2Y1E,tail,1,1,1,1.0,1.0,1.0,1.0,1.0,1.0,1.0,1.0,1.0,1.0,1.0,1.0,1,1,0,0,0
A,A2NKQ4Y5TPSU0J:4:B002ERZIPY,tail,1,1,1,1.0,1.0,1.0,1.0,1.0,1.0,1.0,1.0,1.0,1.0,1.0,1.0,1,1,0,0,0
A,A2QK3M98622I8P:6:B004J6WCBQ,head,1,9,9,0.0,0.0,1.0,0.3010299956639812,1.0,0.1111111111111111,0.0,0.0,1.0,0.3010299956639812,1.0,0.1111111111111111,1,1,0,0,0
A,A2RGE6WNAYPSD5:1:B004TSFE28,head,1,1,1,1.0,1.0,1.0,1.0,1.0,1.0,1.0,1.0,1.0,1.0,1.0,1.0,1,1,0,0,0
A,A2RNQ6GZV5IZY4:2:B005LZT9FG,tail,0,1,1,1.0,1.0,1.0,1.0,1.0,1.0,1.0,1.0,1.0,1.0,1.0,1.0,1,1,0,0,0
A,A2S6QCNNN8AK91:7:B009GEUOXO,tail,1,,,0.0,0.0,0.0,0.0,0.0,0.0,0.0,0.0,0.0,0.0,0.0,0.0,0,0,0,0,0
A,A2S7YBFPZX1IGQ:13:B000CSDDDG,head,1,11,11,0.0,0.0,0.0,0.0,1.0,0.09090909090909091,0.0,0.0,0.0,0.0,1.0,0.09090909090909091,1,1,0,0,0
A,A2S7YBFPZX1IGQ:21:B005OZW3ZG,head,1,,,0.0,0.0,0.0,0.0,0.0,0.0,0.0,0.0,0.0,0.0,0.0,0.0,0,0,0,0,0
A,A2S7YBFPZX1IGQ:28:B000UPRSKA,head,1,6,6,0.0,0.0,1.0,0.3562071871080222,1.0,0.16666666666666666,0.0,0.0,1.0,0.3562071871080222,1.0,0.16666666666666666,1,1,0,0,0
A,A2S7YBFPZX1IGQ:48:B000A0ADT8,tail,1,,,0.0,0.0,0.0,0.0,0.0,0.0,0.0,0.0,0.0,0.0,0.0,0.0,0,0,0,0,0
A,A2T146POE1RZTX:1:B000BIXP3U,tail,1,,,0.0,0.0,0.0,0.0,0.0,0.0,0.0,0.0,0.0,0.0,0.0,0.0,0,0,0,0,0
A,A2T3ZZTB6DJF8S:6:B0042L09HC,tail,1,,,0.0,0.0,0.0,0.0,0.0,0.0,0.0,0.0,0.0,0.0,0.0,0.0,0,0,0,0,0
A,A2TGPI8IHZ62KM:12:B00A3C06XG,head,1,15,15,0.0,0.0,0.0,0.0,1.0,0.06666666666666667,0.0,0.0,0.0,0.0,1.0,0.06666666666666667,1,1,0,0,0
A,A2U1C8IA3EQGRK:1:B001TJXI5U,head,1,,,0.0,0.0,0.0,0.0,0.0,0.0,0.0,0.0,0.0,0.0,0.0,0.0,0,0,0,0,0
A,A2UF98HFMVHA9F:10:B000ALBKGW,tail,1,,,0.0,0.0,0.0,0.0,0.0,0.0,0.0,0.0,0.0,0.0,0.0,0.0,0,0,0,0,0
A,A2VDXLMCECB039:2:B001KYRSHI,tail,1,,,0.0,0.0,0.0,0.0,0.0,0.0,0.0,0.0,0.0,0.0,0.0,0.0,0,0,0,0,0
A,A2VLNM3MDQCL32:2:B000F6RFX4,head,1,2,2,1.0,0.6309297535714575,1.0,0.6309297535714575,1.0,0.5,1.0,0.6309297535714575,1.0,0.6309297535714575,1.0,0.5,1,1,0,0,0
A,A2WFZWRYWLC20S:8:B00AFBSIPI,head,1,,,0.0,0.0,0.0,0.0,0.0,0.0,0.0,0.0,0.0,0.0,0.0,0.0,0,0,0,0,0
A,A2WFZWRYWLC20S:9:B00AE078YM,head,1,21,21,0.0,0.0,0.0,0.0,1.0,0.047619047619047616,0.0,0.0,0.0,0.0,1.0,0.047619047619047616,1,1,0,0,0
A,A2YNK7C1GPAZHE:3:B0061JQY40,head,1,,,0.0,0.0,0.0,0.0,0.0,0.0,0.0,0.0,0.0,0.0,0.0,0.0,0,0,0,0,0
A,A2YP323KXIBPQ9:2:B00021DDR4,tail,1,,,0.0,0.0,0.0,0.0,0.0,0.0,0.0,0.0,0.0,0.0,0.0,0.0,0,0,0,0,0
A,A2ZY49IDE6TY5I:72:B002MO3CG6,head,1,1,1,1.0,1.0,1.0,1.0,1.0,1.0,1.0,1.0,1.0,1.0,1.0,1.0,1,1,0,0,0
A,A3094EPI56GKZ6:16:B0034UBHNM,tail,1,,,0.0,0.0,0.0,0.0,0.0,0.0,0.0,0.0,0.0,0.0,0.0,0.0,0,0,0,0,0
A,A3094EPI56GKZ6:41:B009RNUH7M,head,1,8,8,0.0,0.0,1.0,0.31546487678572877,1.0,0.125,0.0,0.0,1.0,0.31546487678572877,1.0,0.125,1,1,0,0,0
A,A30Z0GG96D11EO:5:B000FNCS5M,tail,1,,,0.0,0.0,0.0,0.0,0.0,0.0,0.0,0.0,0.0,0.0,0.0,0.0,0,0,0,0,0
A,A31KY9R4V4Z3P5:2:B0042PEBMM,tail,1,1,1,1.0,1.0,1.0,1.0,1.0,1.0,1.0,1.0,1.0,1.0,1.0,1.0,1,1,0,0,0
A,A31QKASL261XL:2:B004Y9PLB6,tail,1,2,2,1.0,0.6309297535714575,1.0,0.6309297535714575,1.0,0.5,1.0,0.6309297535714575,1.0,0.6309297535714575,1.0,0.5,1,1,0,0,0
A,A32NEHE2C8F0AW:2:B00C0C6CNA,tail,1,,,0.0,0.0,0.0,0.0,0.0,0.0,0.0,0.0,0.0,0.0,0.0,0.0,0,0,0,0,0
A,A32R0HBCV9FCJM:3:B00014WW38,head,1,,,0.0,0.0,0.0,0.0,0.0,0.0,0.0,0.0,0.0,0.0,0.0,0.0,0,0,0,0,0
A,A33IYETJ5C08YM:1:B0062MAAAK,head,1,17,17,0.0,0.0,0.0,0.0,1.0,0.058823529411764705,0.0,0.0,0.0,0.0,1.0,0.058823529411764705,1,1,0,0,0
A,A33WV5UNJFBLTL:2:B001P2O06W,head,1,6,6,0.0,0.0,1.0,0.3562071871080222,1.0,0.16666666666666666,0.0,0.0,1.0,0.3562071871080222,1.0,0.16666666666666666,1,1,0,0,0
A,A34BZBVB8DUA69:2:B004V0SZNO,head,1,,,0.0,0.0,0.0,0.0,0.0,0.0,0.0,0.0,0.0,0.0,0.0,0.0,0,0,0,0,0
A,A34KGD6ZYDDVT0:6:B00CE9LPYA,tail,1,,,0.0,0.0,0.0,0.0,0.0,0.0,0.0,0.0,0.0,0.0,0.0,0.0,0,0,0,0,0
A,A34NLHHIBLIMDI:3:B0030HAF4G,head,1,,,0.0,0.0,0.0,0.0,0.0,0.0,0.0,0.0,0.0,0.0,0.0,0.0,0,0,0,0,0
A,A351XQSM1J6BXK:2:B004LRO7DO,tail,1,,,0.0,0.0,0.0,0.0,0.0,0.0,0.0,0.0,0.0,0.0,0.0,0.0,0,0,0,0,0
A,A35N4FNDV5L3LK:4:B000NE6PCA,tail,1,6,6,0.0,0.0,1.0,0.3562071871080222,1.0,0.16666666666666666,0.0,0.0,1.0,0.3562071871080222,1.0,0.16666666666666666,1,1,0,0,0
A,A366YFWGJ84JAJ:5:B000HRXCRE,head,1,,,0.0,0.0,0.0,0.0,0.0,0.0,0.0,0.0,0.0,0.0,0.0,0.0,0,0,0,0,0
A,A376I1C84R1XZM:1:B008CEDY5O,head,1,,,0.0,0.0,0.0,0.0,0.0,0.0,0.0,0.0,0.0,0.0,0.0,0.0,0,0,0,0,0
A,A37DJTGVUSINC0:2:B00A0IWRT4,head,1,,,0.0,0.0,0.0,0.0,0.0,0.0,0.0,0.0,0.0,0.0,0.0,0.0,0,0,0,0,0
A,A37JYIO1S2DMC3:1:B000ZMBSPE,head,1,21,21,0.0,0.0,0.0,0.0,1.0,0.047619047619047616,0.0,0.0,0.0,0.0,1.0,0.047619047619047616,1,1,0,0,0
A,A37JYIO1S2DMC3:3:B007JLUL1G,tail,1,,,0.0,0.0,0.0,0.0,0.0,0.0,0.0,0.0,0.0,0.0,0.0,0.0,0,0,0,0,0
A,A38CWC6MDL1PK6:5:B000XSBTM2,tail,1,,,0.0,0.0,0.0,0.0,0.0,0.0,0.0,0.0,0.0,0.0,0.0,0.0,0,0,0,0,0
A,A393G014Z2MQMT:2:B000GRB3SA,tail,1,,,0.0,0.0,0.0,0.0,0.0,0.0,0.0,0.0,0.0,0.0,0.0,0.0,0,0,0,0,0
A,A3AFF6XMHMG9TD:10:B00EWDP45C,tail,1,,,0.0,0.0,0.0,0.0,0.0,0.0,0.0,0.0,0.0,0.0,0.0,0.0,0,0,0,0,0
A,A3AK8ZGHM26KTM:1:B002B4EFCC,head,1,,,0.0,0.0,0.0,0.0,0.0,0.0,0.0,0.0,0.0,0.0,0.0,0.0,0,0,0,0,0
A,A3B7J2945PU1P0:5:B009LOJ5MA,head,1,3,3,1.0,0.5,1.0,0.5,1.0,0.3333333333333333,1.0,0.5,1.0,0.5,1.0,0.3333333333333333,1,1,0,0,0
A,A3BMI7VGJT60Y7:1:B000OC3L4Q,tail,1,,,0.0,0.0,0.0,0.0,0.0,0.0,0.0,0.0,0.0,0.0,0.0,0.0,0,0,0,0,0
A,A3BMI7VGJT60Y7:34:B000AAAWAI,tail,1,,,0.0,0.0,0.0,0.0,0.0,0.0,0.0,0.0,0.0,0.0,0.0,0.0,0,0,0,0,0
A,A3BMI7VGJT60Y7:7:B001NIWHCW,tail,1,4,4,1.0,0.43067655807339306,1.0,0.43067655807339306,1.0,0.25,1.0,0.43067655807339306,1.0,0.43067655807339306,1.0,0.25,1,1,0,0,0
A,A3C6CZC2JP67VK:18:B0063A432W,head,1,2,2,1.0,0.6309297535714575,1.0,0.6309297535714575,1.0,0.5,1.0,0.6309297535714575,1.0,0.6309297535714575,1.0,0.5,1,1,0,0,0
A,A3C6CZC2JP67VK:19:B007JT7AIK,head,1,7,7,0.0,0.0,1.0,0.3333333333333333,1.0,0.14285714285714285,0.0,0.0,1.0,0.3333333333333333,1.0,0.14285714285714285,1,1,0,0,0
A,A3C6CZC2JP67VK:32:B00HNKRWII,head,1,1,1,1.0,1.0,1.0,1.0,1.0,1.0,1.0,1.0,1.0,1.0,1.0,1.0,1,1,0,0,0
A,A3C89WADVMXRNL:6:B005UBN5AQ,head,1,,,0.0,0.0,0.0,0.0,0.0,0.0,0.0,0.0,0.0,0.0,0.0,0.0,0,0,0,0,0
A,A3DISSYWIF3W40:6:B0086LC0H6,tail,1,,,0.0,0.0,0.0,0.0,0.0,0.0,0.0,0.0,0.0,0.0,0.0,0.0,0,0,0,0,0
A,A3DKP8M0GSP8UK:12:B000N773K0,tail,1,17,17,0.0,0.0,0.0,0.0,1.0,0.058823529411764705,0.0,0.0,0.0,0.0,1.0,0.058823529411764705,1,1,0,0,0
A,A3EDB62V8SMP3:1:B0019SWVBI,tail,1,,,0.0,0.0,0.0,0.0,0.0,0.0,0.0,0.0,0.0,0.0,0.0,0.0,0,0,0,0,0
A,A3EF6FNX2G4FD3:2:B00CXDVRU4,tail,1,6,6,0.0,0.0,1.0,0.3562071871080222,1.0,0.16666666666666666,0.0,0.0,1.0,0.3562071871080222,1.0,0.16666666666666666,1,1,0,0,0
A,A3EV788FCRKQYM:3:B0038U4TRO,tail,1,8,8,0.0,0.0,1.0,0.31546487678572877,1.0,0.125,0.0,0.0,1.0,0.31546487678572877,1.0,0.125,1,1,0,0,0
A,A3EXWV8FNSSFL6:12:B004MBJKRC,head,1,,,0.0,0.0,0.0,0.0,0.0,0.0,0.0,0.0,0.0,0.0,0.0,0.0,0,0,0,0,0
A,A3EXWV8FNSSFL6:33:B00DSW9D7S,tail,1,3,3,1.0,0.5,1.0,0.5,1.0,0.3333333333333333,1.0,0.5,1.0,0.5,1.0,0.3333333333333333,1,1,0,0,0
A,A3F9EEHHEJ0088:1:B00027DDOQ,head,1,34,34,0.0,0.0,0.0,0.0,1.0,0.029411764705882353,0.0,0.0,0.0,0.0,1.0,0.029411764705882353,1,1,0,0,0
A,A3FQSDAMKM98B2:5:B0060A2QXI,tail,1,,,0.0,0.0,0.0,0.0,0.0,0.0,0.0,0.0,0.0,0.0,0.0,0.0,0,0,0,0,0
A,A3G007LQX6KGOD:11:B001T8MN16,head,1,1,1,1.0,1.0,1.0,1.0,1.0,1.0,1.0,1.0,1.0,1.0,1.0,1.0,1,1,0,0,0
A,A3G1XSJ5RD0PIA:2:B004Z40048,head,1,2,2,1.0,0.6309297535714575,1.0,0.6309297535714575,1.0,0.5,1.0,0.6309297535714575,1.0,0.6309297535714575,1.0,0.5,1,1,0,0,0
A,A3GAQQZKTZIGEX:5:B001CJJ5NQ,tail,1,1,1,1.0,1.0,1.0,1.0,1.0,1.0,1.0,1.0,1.0,1.0,1.0,1.0,1,1,0,0,0
A,A3GDEXMU9587JX:5:B000C230QM,tail,1,,,0.0,0.0,0.0,0.0,0.0,0.0,0.0,0.0,0.0,0.0,0.0,0.0,0,0,0,0,0
A,A3GDEXMU9587JX:9:B00EATZYFI,tail,1,2,2,1.0,0.6309297535714575,1.0,0.6309297535714575,1.0,0.5,1.0,0.6309297535714575,1.0,0.6309297535714575,1.0,0.5,1,1,0,0,0
A,A3GVD3O9QG6I0V:22:B00GTC1JVM,head,1,7,7,0.0,0.0,1.0,0.3333333333333333,1.0,0.14285714285714285,0.0,0.0,1.0,0.3333333333333333,1.0,0.14285714285714285,1,1,0,0,0
A,A3H2UW6OLVEWXA:5:B006T8BWUE,tail,1,,,0.0,0.0,0.0,0.0,0.0,0.0,0.0,0.0,0.0,0.0,0.0,0.0,0,0,0,0,0
A,A3H62VYLEK8X1V:14:B000ALFROS,tail,1,,,0.0,0.0,0.0,0.0,0.0,0.0,0.0,0.0,0.0,0.0,0.0,0.0,0,0,0,0,0
A,A3H62VYLEK8X1V:6:B00021DDR4,tail,1,,,0.0,0.0,0.0,0.0,0.0,0.0,0.0,0.0,0.0,0.0,0.0,0.0,0,0,0,0,0
A,A3HIDCZOYWOYW9:7:B00871KNHO,head,1,32,32,0.0,0.0,0.0,0.0,1.0,0.03125,0.0,0.0,0.0,0.0,1.0,0.03125,1,1,0,0,0
A,A3ID661BSD9PGZ:5:B002PBCABY,head,1,29,29,0.0,0.0,0.0,0.0,1.0,0.034482758620689655,0.0,0.0,0.0,0.0,1.0,0.034482758620689655,1,1,0,0,0
A,A3JS331R4TEBB8:10:B002T5OM1M,tail,1,1,1,1.0,1.0,1.0,1.0,1.0,1.0,1.0,1.0,1.0,1.0,1.0,1.0,1,1,0,0,0
A,A3KUPKI0NR77S2:5:B004UVRYQS,head,1,,,0.0,0.0,0.0,0.0,0.0,0.0,0.0,0.0,0.0,0.0,0.0,0.0,0,0,0,0,0
A,A3LHIRT4SR3F9T:8:B000GCKCDW,head,1,,,0.0,0.0,0.0,0.0,0.0,0.0,0.0,0.0,0.0,0.0,0.0,0.0,0,0,0,0,0
A,A3LMILRM9OC3SA:13:B002ZNJU7Y,head,1,,,0.0,0.0,0.0,0.0,0.0,0.0,0.0,0.0,0.0,0.0,0.0,0.0,0,0,0,0,0
A,A3LMILRM9OC3SA:8:B003OBE530,tail,1,1,1,1.0,1.0,1.0,1.0,1.0,1.0,1.0,1.0,1.0,1.0,1.0,1.0,1,1,0,0,0
A,A3LXS88UEQZKCP:5:B002JL1Y6C,head,1,8,8,0.0,0.0,1.0,0.31546487678572877,1.0,0.125,0.0,0.0,1.0,0.31546487678572877,1.0,0.125,1,1,0,0,0
A,A3M7R4PD0FEPUB:10:B009YSYNIY,tail,1,,,0.0,0.0,0.0,0.0,0.0,0.0,0.0,0.0,0.0,0.0,0.0,0.0,0,0,0,0,0
A,A3MNHS1HHTAP7O:21:B00BAZ7Y6M,tail,1,14,14,0.0,0.0,0.0,0.0,1.0,0.07142857142857142,0.0,0.0,0.0,0.0,1.0,0.07142857142857142,1,1,0,0,0
A,A3MNHS1HHTAP7O:22:B00KHGIK54,head,1,1,1,1.0,1.0,1.0,1.0,1.0,1.0,1.0,1.0,1.0,1.0,1.0,1.0,1,1,0,0,0
A,A3MNHS1HHTAP7O:28:B00IALDHDI,tail,1,20,20,0.0,0.0,0.0,0.0,1.0,0.05,0.0,0.0,0.0,0.0,1.0,0.05,1,1,0,0,0
A,A3N5Z9AKY4QR3V:2:B009YSTOE2,tail,1,1,1,1.0,1.0,1.0,1.0,1.0,1.0,1.0,1.0,1.0,1.0,1.0,1.0,1,1,0,0,0
A,A3N6JG64P2G9EV:8:B005CQM6RC,tail,1,,,0.0,0.0,0.0,0.0,0.0,0.0,0.0,0.0,0.0,0.0,0.0,0.0,0,0,0,0,0
A,A3O5PCUAXYP2DQ:4:B00164FVH6,tail,1,,,0.0,0.0,0.0,0.0,0.0,0.0,0.0,0.0,0.0,0.0,0.0,0.0,0,0,0,0,0
A,A3P84TZX9X1B3X:3:B001E96L9K,tail,1,,,0.0,0.0,0.0,0.0,0.0,0.0,0.0,0.0,0.0,0.0,0.0,0.0,0,0,0,0,0
A,A3PI8OSXZ82Y6X:1:B00CBK017Y,tail,1,1,1,1.0,1.0,1.0,1.0,1.0,1.0,1.0,1.0,1.0,1.0,1.0,1.0,1,1,0,0,0
A,A3PI8OSXZ82Y6X:4:B007D1VGSY,tail,1,1,1,1.0,1.0,1.0,1.0,1.0,1.0,1.0,1.0,1.0,1.0,1.0,1.0,1,1,0,0,0
A,A3Q1J68QY1MZQ9:11:B00G7U29KQ,head,1,16,16,0.0,0.0,0.0,0.0,1.0,0.0625,0.0,0.0,0.0,0.0,1.0,0.0625,1,1,0,0,0
A,A3QNJZ3BICKW2O:3:B0050NWCQ2,tail,1,,,0.0,0.0,0.0,0.0,0.0,0.0,0.0,0.0,0.0,0.0,0.0,0.0,0,0,0,0,0
A,A3S3KFARXX1MKW:1:B00008J2XQ,head,1,21,21,0.0,0.0,0.0,0.0,1.0,0.047619047619047616,0.0,0.0,0.0,0.0,1.0,0.047619047619047616,1,1,0,0,0
A,A3S5NM7I4LMHZ9:1:B005I0JWU6,tail,1,,,0.0,0.0,0.0,0.0,0.0,0.0,0.0,0.0,0.0,0.0,0.0,0.0,0,0,0,0,0
A,A3SE4NU7AGO47Q:6:B0012K1R3G,head,1,9,9,0.0,0.0,1.0,0.3010299956639812,1.0,0.1111111111111111,0.0,0.0,1.0,0.3010299956639812,1.0,0.1111111111111111,1,1,0,0,0
A,A3SSVI14J5S3UJ:4:B000WBO3W8,tail,1,,,0.0,0.0,0.0,0.0,0.0,0.0,0.0,0.0,0.0,0.0,0.0,0.0,0,0,0,0,0
A,A3T65F1NI9FVLC:4:B0045WBFAI,tail,1,,,0.0,0.0,0.0,0.0,0.0,0.0,0.0,0.0,0.0,0.0,0.0,0.0,0,0,0,0,0
A,A3T7MN2WPZ3M1O:3:B00264NW7G,head,1,,,0.0,0.0,0.0,0.0,0.0,0.0,0.0,0.0,0.0,0.0,0.0,0.0,0,0,0,0,0
A,A3TBTDQOTYXQ6W:1:B000ZMBSPE,head,1,1,1,1.0,1.0,1.0,1.0,1.0,1.0,1.0,1.0,1.0,1.0,1.0,1.0,1,1,0,0,0
A,A3TT3OIPXK7Q7X:2:B002TPQPEE,head,1,5,5,1.0,0.38685280723454163,1.0,0.38685280723454163,1.0,0.2,1.0,0.38685280723454163,1.0,0.38685280723454163,1.0,0.2,1,1,0,0,0
A,A3UL9L5O3EQ4ML:2:B0013ND45G,tail,1,1,1,1.0,1.0,1.0,1.0,1.0,1.0,1.0,1.0,1.0,1.0,1.0,1.0,1,1,0,0,0
A,A3VTMZYLG38AJU:1:B0000531WZ,head,1,,,0.0,0.0,0.0,0.0,0.0,0.0,0.0,0.0,0.0,0.0,0.0,0.0,0,0,0,0,0
A,A4EWK1BCKU4OC:5:B005MZ4A7C,tail,1,,,0.0,0.0,0.0,0.0,0.0,0.0,0.0,0.0,0.0,0.0,0.0,0.0,0,0,0,0,0
A,A6B5LMF6CWT27:1:B001Q8560Y,head,1,30,30,0.0,0.0,0.0,0.0,1.0,0.03333333333333333,0.0,0.0,0.0,0.0,1.0,0.03333333333333333,1,1,0,0,0
A,A6VPK7X53QNAQ:16:B00FXXTEVA,tail,1,,,0.0,0.0,0.0,0.0,0.0,0.0,0.0,0.0,0.0,0.0,0.0,0.0,0,0,0,0,0
A,A7RH73YPZU94Z:2:B003B6S36S,tail,1,,,0.0,0.0,0.0,0.0,0.0,0.0,0.0,0.0,0.0,0.0,0.0,0.0,0,0,0,0,0
A,A7RH73YPZU94Z:3:B004JRU4YW,tail,1,,,0.0,0.0,0.0,0.0,0.0,0.0,0.0,0.0,0.0,0.0,0.0,0.0,0,0,0,0,0
A,A81XIM8XFKWX5:3:B003V21WO2,head,1,1,1,1.0,1.0,1.0,1.0,1.0,1.0,1.0,1.0,1.0,1.0,1.0,1.0,1,1,0,0,0
A,AB0Y33G717HOU:3:B0073P01RC,head,1,3,3,1.0,0.5,1.0,0.5,1.0,0.3333333333333333,1.0,0.5,1.0,0.5,1.0,0.3333333333333333,1,1,0,0,0
A,ABILF9646A13T:1:B00005NAOD,head,1,22,22,0.0,0.0,0.0,0.0,1.0,0.045454545454545456,0.0,0.0,0.0,0.0,1.0,0.045454545454545456,1,1,0,0,0
A,ABOTQXNUBA1MM:10:B00FF5B31U,head,1,42,42,0.0,0.0,0.0,0.0,1.0,0.023809523809523808,0.0,0.0,0.0,0.0,1.0,0.023809523809523808,1,1,0,0,0
A,ABOTQXNUBA1MM:9:B003JTF3VK,head,1,12,12,0.0,0.0,0.0,0.0,1.0,0.08333333333333333,0.0,0.0,0.0,0.0,1.0,0.08333333333333333,1,1,0,0,0
A,ACQ3M8CEMHRRI:1:B0000531SW,head,1,,,0.0,0.0,0.0,0.0,0.0,0.0,0.0,0.0,0.0,0.0,0.0,0.0,0,0,0,0,0
A,ACYMT1PL5FO9C:10:B00ATY942M,head,1,,,0.0,0.0,0.0,0.0,0.0,0.0,0.0,0.0,0.0,0.0,0.0,0.0,0,0,0,0,0
A,ADE5RB84FF9JP:1:B0043TURKC,head,1,,,0.0,0.0,0.0,0.0,0.0,0.0,0.0,0.0,0.0,0.0,0.0,0.0,0,0,0,0,0
A,ADLKEYA320P5G:1:B000629ZHG,head,1,3,3,1.0,0.5,1.0,0.5,1.0,0.3333333333333333,1.0,0.5,1.0,0.5,1.0,0.3333333333333333,1,1,0,0,0
A,ADW9M86DQAPXT:2:B001SXPSD2,tail,1,1,1,1.0,1.0,1.0,1.0,1.0,1.0,1.0,1.0,1.0,1.0,1.0,1.0,1,1,0,0,0
A,AE24ZJRHI2DU8:6:B003UI4WZS,tail,1,1,1,1.0,1.0,1.0,1.0,1.0,1.0,1.0,1.0,1.0,1.0,1.0,1.0,1,1,0,0,0
A,AEM73438F7E2Z:2:B000KBHG88,tail,1,,,0.0,0.0,0.0,0.0,0.0,0.0,0.0,0.0,0.0,0.0,0.0,0.0,0,0,0,0,0
A,AEV1APSPG9DDQ:1:B006QFCDDK,tail,1,1,1,1.0,1.0,1.0,1.0,1.0,1.0,1.0,1.0,1.0,1.0,1.0,1.0,1,1,0,0,0
A,AGEKVD8JPZQMT:18:B000YZJMHS,head,1,1,1,1.0,1.0,1.0,1.0,1.0,1.0,1.0,1.0,1.0,1.0,1.0,1.0,1,1,0,0,0
A,AGKAEFSFYWBDF:27:B008X5C8BI,tail,1,6,6,0.0,0.0,1.0,0.3562071871080222,1.0,0.16666666666666666,0.0,0.0,1.0,0.3562071871080222,1.0,0.16666666666666666,1,1,0,0,0
A,AGKAEFSFYWBDF:6:B0045W2UXO,tail,1,12,12,0.0,0.0,0.0,0.0,1.0,0.08333333333333333,0.0,0.0,0.0,0.0,1.0,0.08333333333333333,1,1,0,0,0
A,AGKAEFSFYWBDF:8:B005BF1M10,head,1,2,2,1.0,0.6309297535714575,1.0,0.6309297535714575,1.0,0.5,1.0,0.6309297535714575,1.0,0.6309297535714575,1.0,0.5,1,1,0,0,0
A,AGMONAK82UL7R:9:B004Z2NPK6,tail,1,,,0.0,0.0,0.0,0.0,0.0,0.0,0.0,0.0,0.0,0.0,0.0,0.0,0,0,0,0,0
A,AH7SS70GX0RC0:2:B004Y9M4DE,head,1,,,0.0,0.0,0.0,0.0,0.0,0.0,0.0,0.0,0.0,0.0,0.0,0.0,0,0,0,0,0
A,AHDUYK2PD0R9U:3:B000P9B3NY,tail,1,,,0.0,0.0,0.0,0.0,0.0,0.0,0.0,0.0,0.0,0.0,0.0,0.0,0,0,0,0,0
A,AHYO4HZWUQ40I:3:B005FYJB92,head,1,6,6,0.0,0.0,1.0,0.3562071871080222,1.0,0.16666666666666666,0.0,0.0,1.0,0.3562071871080222,1.0,0.16666666666666666,1,1,0,0,0
A,AIY87XJ0QFAMW:1:B003VMFITM,head,1,5,5,1.0,0.38685280723454163,1.0,0.38685280723454163,1.0,0.2,1.0,0.38685280723454163,1.0,0.38685280723454163,1.0,0.2,1,1,0,0,0
A,AJIJQ9DRVUV2:1:B008Q024GO,tail,1,1,1,1.0,1.0,1.0,1.0,1.0,1.0,1.0,1.0,1.0,1.0,1.0,1.0,1,1,0,0,0
A,AJRNC98E2ADGL:3:B00069FJUG,tail,1,,,0.0,0.0,0.0,0.0,0.0,0.0,0.0,0.0,0.0,0.0,0.0,0.0,0,0,0,0,0
A,AKZKKYT3VWEM4:3:B000VEN3RW,head,1,2,2,1.0,0.6309297535714575,1.0,0.6309297535714575,1.0,0.5,1.0,0.6309297535714575,1.0,0.6309297535714575,1.0,0.5,1,1,0,0,0
A,ALINBUW60CTR5:3:B005SRTDWQ,tail,1,,,0.0,0.0,0.0,0.0,0.0,0.0,0.0,0.0,0.0,0.0,0.0,0.0,0,0,0,0,0
A,AMFMVWHYF2Q6T:13:B0028RC5N8,head,1,,,0.0,0.0,0.0,0.0,0.0,0.0,0.0,0.0,0.0,0.0,0.0,0.0,0,0,0,0,0
A,AMGX9DJU7SUN5:1:B000XSPQ62,tail,1,,,0.0,0.0,0.0,0.0,0.0,0.0,0.0,0.0,0.0,0.0,0.0,0.0,0,0,0,0,0
A,ANWGU39XG6E1E:3:B004EDYQX6,head,1,,,0.0,0.0,0.0,0.0,0.0,0.0,0.0,0.0,0.0,0.0,0.0,0.0,0,0,0,0,0
A,AOD6SI4CEXXYD:3:B008PEXV3Q,head,1,6,6,0.0,0.0,1.0,0.3562071871080222,1.0,0.16666666666666666,0.0,0.0,1.0,0.3562071871080222,1.0,0.16666666666666666,1,1,0,0,0
A,APMYPD97EHUUZ:2:B00GTBZ85Q,head,1,,,0.0,0.0,0.0,0.0,0.0,0.0,0.0,0.0,0.0,0.0,0.0,0.0,0,0,0,0,0
A,AQPI5503POZ6E:2:B00128WK4I,head,1,3,3,1.0,0.5,1.0,0.5,1.0,0.3333333333333333,1.0,0.5,1.0,0.5,1.0,0.3333333333333333,1,1,0,0,0
A,AQRTYN99EMAW4:1:B001BODO2A,head,1,,,0.0,0.0,0.0,0.0,0.0,0.0,0.0,0.0,0.0,0.0,0.0,0.0,0,0,0,0,0
A,AQWDQAWQYDB2S:6:B00GXE29EM,tail,1,43,43,0.0,0.0,0.0,0.0,1.0,0.023255813953488372,0.0,0.0,0.0,0.0,1.0,0.023255813953488372,1,1,0,0,0
A,ARFRKID8WSIIL:15:B00JX979CQ,head,1,1,1,1.0,1.0,1.0,1.0,1.0,1.0,1.0,1.0,1.0,1.0,1.0,1.0,1,1,0,0,0
A,ASP7WZLP5C2MW:6:B00D76IPK6,tail,1,,,0.0,0.0,0.0,0.0,0.0,0.0,0.0,0.0,0.0,0.0,0.0,0.0,0,0,0,0,0
A,ASTCD6ATHMD5T:4:B001L1H8DY,tail,1,,,0.0,0.0,0.0,0.0,0.0,0.0,0.0,0.0,0.0,0.0,0.0,0.0,0,0,0,0,0
A,ASW0Q4I89SDRD:2:B00631JA8S,head,1,,,0.0,0.0,0.0,0.0,0.0,0.0,0.0,0.0,0.0,0.0,0.0,0.0,0,0,0,0,0
A,ATGMQF8WMGRY5:1:B001ET7EE6,tail,1,,,0.0,0.0,0.0,0.0,0.0,0.0,0.0,0.0,0.0,0.0,0.0,0.0,0,0,0,0,0
A,ATJZ2IBUD9NML:4:B0009ET6BQ,tail,1,,,0.0,0.0,0.0,0.0,0.0,0.0,0.0,0.0,0.0,0.0,0.0,0.0,0,0,0,0,0
A,AU5DPZ04JF6J3:1:B00107BB82,head,1,,,0.0,0.0,0.0,0.0,0.0,0.0,0.0,0.0,0.0,0.0,0.0,0.0,0,0,0,0,0
A,AV31W9WC1MWDN:4:B005OZF1S2,head,1,5,5,1.0,0.38685280723454163,1.0,0.38685280723454163,1.0,0.2,1.0,0.38685280723454163,1.0,0.38685280723454163,1.0,0.2,1,1,0,0,0
A,AVHN134ADVP4R:4:B00AILKE6G,head,1,,,0.0,0.0,0.0,0.0,0.0,0.0,0.0,0.0,0.0,0.0,0.0,0.0,0,0,0,0,0
A,AVYV7GG3JUKT3:1:B000NWDSAE,head,1,14,14,0.0,0.0,0.0,0.0,1.0,0.07142857142857142,0.0,0.0,0.0,0.0,1.0,0.07142857142857142,1,1,0,0,0
A,AWFGKB5SCJAO2:10:B00J5D8BY0,head,1,10,10,0.0,0.0,1.0,0.2890648263178879,1.0,0.1,0.0,0.0,1.0,0.2890648263178879,1.0,0.1,1,1,0,0,0
A,AWFGKB5SCJAO2:4:B00HAT8EKW,tail,1,4,4,1.0,0.43067655807339306,1.0,0.43067655807339306,1.0,0.25,1.0,0.43067655807339306,1.0,0.43067655807339306,1.0,0.25,1,1,0,0,0
A,AWFGKB5SCJAO2:7:B00IIB82FS,tail,1,7,7,0.0,0.0,1.0,0.3333333333333333,1.0,0.14285714285714285,0.0,0.0,1.0,0.3333333333333333,1.0,0.14285714285714285,1,1,0,0,0
A,AWNQ2PULUBHDH:10:B0009ET5JE,head,1,,,0.0,0.0,0.0,0.0,0.0,0.0,0.0,0.0,0.0,0.0,0.0,0.0,0,0,0,0,0
A,AY9HUIJWJ8TT7:3:B001P92FMG,tail,1,1,1,1.0,1.0,1.0,1.0,1.0,1.0,1.0,1.0,1.0,1.0,1.0,1.0,1,1,0,0,0
B,A11ETVT8EYHOW2:4:B004HYLTTG,tail,1,1,1,1.0,1.0,1.0,1.0,1.0,1.0,1.0,1.0,1.0,1.0,1.0,1.0,1,1,0,1,0
B,A11K70GWSB7A5Z:1:B000K7E2G6,head,1,48,47,0.0,0.0,0.0,0.0,1.0,0.020833333333333332,0.0,0.0,0.0,0.0,1.0,0.02127659574468085,1,1,0,1,0
B,A11K70GWSB7A5Z:3:B007RTR9G0,head,1,4,5,1.0,0.43067655807339306,1.0,0.43067655807339306,1.0,0.25,1.0,0.38685280723454163,1.0,0.38685280723454163,1.0,0.2,1,1,0,1,0
B,A11KTJR5RL1F6:3:B009RNUH8G,tail,1,33,39,0.0,0.0,0.0,0.0,1.0,0.030303030303030304,0.0,0.0,0.0,0.0,1.0,0.02564102564102564,1,1,0,1,0
B,A12DQZKRKTNF5E:1:B001E6G6RU,head,1,1,1,1.0,1.0,1.0,1.0,1.0,1.0,1.0,1.0,1.0,1.0,1.0,1.0,1,1,0,1,0
B,A12PH6L5QSVTYN:19:B0000536F0,tail,1,,,0.0,0.0,0.0,0.0,0.0,0.0,0.0,0.0,0.0,0.0,0.0,0.0,0,0,0,1,0
B,A130VKD6760TV5:1:B004XNIR1E,tail,1,,,0.0,0.0,0.0,0.0,0.0,0.0,0.0,0.0,0.0,0.0,0.0,0.0,0,0,0,1,0
B,A13IIPSGKZZTFP:4:B000KVH1QU,head,1,6,7,0.0,0.0,1.0,0.3562071871080222,1.0,0.16666666666666666,0.0,0.0,1.0,0.3333333333333333,1.0,0.14285714285714285,1,1,0,1,0
B,A14CK20ZH4IAFV:2:B0036I8BPE,head,1,,,0.0,0.0,0.0,0.0,0.0,0.0,0.0,0.0,0.0,0.0,0.0,0.0,0,0,0,1,0
B,A1501C38OCSEMA:1:B007A592HU,head,1,1,1,1.0,1.0,1.0,1.0,1.0,1.0,1.0,1.0,1.0,1.0,1.0,1.0,1,1,0,1,0
B,A15EZUQ6Y2HZS3:1:B001FWXMGG,tail,1,,,0.0,0.0,0.0,0.0,0.0,0.0,0.0,0.0,0.0,0.0,0.0,0.0,0,0,0,1,0
B,A173YMJ9XFVRSY:5:B00CBD0M8Y,head,1,1,1,1.0,1.0,1.0,1.0,1.0,1.0,1.0,1.0,1.0,1.0,1.0,1.0,1,1,0,1,0
B,A18YRSWGVSOVOZ:6:B007B469MG,tail,1,3,3,1.0,0.5,1.0,0.5,1.0,0.3333333333333333,1.0,0.5,1.0,0.5,1.0,0.3333333333333333,1,1,0,1,0
B,A190EAFTGCQNED:8:B00111FL3I,tail,1,,,0.0,0.0,0.0,0.0,0.0,0.0,0.0,0.0,0.0,0.0,0.0,0.0,0,0,0,1,0
B,A19ZYWIWRT7TJF:4:B008JH1CB2,tail,1,,,0.0,0.0,0.0,0.0,0.0,0.0,0.0,0.0,0.0,0.0,0.0,0.0,0,0,0,1,0
B,A19ZYWIWRT7TJF:6:B000142C1A,head,1,4,4,1.0,0.43067655807339306,1.0,0.43067655807339306,1.0,0.25,1.0,0.43067655807339306,1.0,0.43067655807339306,1.0,0.25,1,1,0,1,0
B,A1AKHFY83NEUI:4:B005C5FP9Y,head,1,6,7,0.0,0.0,1.0,0.3562071871080222,1.0,0.16666666666666666,0.0,0.0,1.0,0.3333333333333333,1.0,0.14285714285714285,1,1,0,1,0
B,A1AQUTO5MZ12JV:1:B0009RFB76,head,1,,,0.0,0.0,0.0,0.0,0.0,0.0,0.0,0.0,0.0,0.0,0.0,0.0,0,0,0,1,0
B,A1C5NOACEJG24R:3:B001UQM73G,tail,1,,,0.0,0.0,0.0,0.0,0.0,0.0,0.0,0.0,0.0,0.0,0.0,0.0,0,0,0,1,0
B,A1CLZXR0B7YHA0:2:B000SASZ9K,tail,1,9,9,0.0,0.0,1.0,0.3010299956639812,1.0,0.1111111111111111,0.0,0.0,1.0,0.3010299956639812,1.0,0.1111111111111111,1,1,0,1,0
B,A1EAX5HVYV96EF:40:B001G7POOI,tail,1,3,3,1.0,0.5,1.0,0.5,1.0,0.3333333333333333,1.0,0.5,1.0,0.5,1.0,0.3333333333333333,1,1,0,1,0
B,A1EH7MY1LOTYDZ:3:B00188IFHS,head,1,,45,0.0,0.0,0.0,0.0,0.0,0.0,0.0,0.0,0.0,0.0,1.0,0.022222222222222223,0,1,0,1,0
B,A1EVGDOTGFZOSS:3:B00AUFS8I6,tail,1,,,0.0,0.0,0.0,0.0,0.0,0.0,0.0,0.0,0.0,0.0,0.0,0.0,0,0,0,1,0
B,A1FWFCJU2G7TRA:23:B00AE07GX0,head,1,3,3,1.0,0.5,1.0,0.5,1.0,0.3333333333333333,1.0,0.5,1.0,0.5,1.0,0.3333333333333333,1,1,0,1,0
B,A1FWFCJU2G7TRA:2:B001KYO2M2,head,1,,,0.0,0.0,0.0,0.0,0.0,0.0,0.0,0.0,0.0,0.0,0.0,0.0,0,0,0,1,0
B,A1G2T9YSX9OORD:1:B000NBBN1G,tail,1,,,0.0,0.0,0.0,0.0,0.0,0.0,0.0,0.0,0.0,0.0,0.0,0.0,0,0,0,1,0
B,A1HG9O4VJVGXPZ:11:B0002L2JLU,tail,1,4,3,1.0,0.43067655807339306,1.0,0.43067655807339306,1.0,0.25,1.0,0.5,1.0,0.5,1.0,0.3333333333333333,1,1,0,1,0
B,A1HG9O4VJVGXPZ:5:B000L1AY3G,tail,1,,,0.0,0.0,0.0,0.0,0.0,0.0,0.0,0.0,0.0,0.0,0.0,0.0,0,0,0,1,0
B,A1HP0N7ZFE2FUF:3:B003VGMLSO,tail,1,,,0.0,0.0,0.0,0.0,0.0,0.0,0.0,0.0,0.0,0.0,0.0,0.0,0,0,0,1,0
B,A1II2ZRPKZAQQD:9:B00AO4EBOI,head,1,,,0.0,0.0,0.0,0.0,0.0,0.0,0.0,0.0,0.0,0.0,0.0,0.0,0,0,0,1,0
B,A1ILWPH1GHUXE2:1:B0020122ZS,head,1,15,14,0.0,0.0,0.0,0.0,1.0,0.06666666666666667,0.0,0.0,0.0,0.0,1.0,0.07142857142857142,1,1,0,1,0
B,A1K8Z5ANJIO449:2:B00006IV30,head,1,,,0.0,0.0,0.0,0.0,0.0,0.0,0.0,0.0,0.0,0.0,0.0,0.0,0,0,0,1,0
B,A1KZ4VRBIN9KCT:5:B00466RIH2,tail,1,,,0.0,0.0,0.0,0.0,0.0,0.0,0.0,0.0,0.0,0.0,0.0,0.0,0,0,0,1,0
B,A1L9ZTGO75717E:3:B006OMHTMK,tail,1,26,24,0.0,0.0,0.0,0.0,1.0,0.038461538461538464,0.0,0.0,0.0,0.0,1.0,0.041666666666666664,1,1,0,1,0
B,A1MULRLRNZDOFK:2:B001LZFUX0,tail,1,3,3,1.0,0.5,1.0,0.5,1.0,0.3333333333333333,1.0,0.5,1.0,0.5,1.0,0.3333333333333333,1,1,0,1,0
B,A1N8VZP6JAAMA4:5:B000O1NJZ8,tail,1,,,0.0,0.0,0.0,0.0,0.0,0.0,0.0,0.0,0.0,0.0,0.0,0.0,0,0,0,1,0
B,A1OD07ORS8TCC1:3:B0000536P3,head,1,,,0.0,0.0,0.0,0.0,0.0,0.0,0.0,0.0,0.0,0.0,0.0,0.0,0,0,0,1,0
B,A1OTUKJ8298TY5:1:B004KATCFK,head,1,,,0.0,0.0,0.0,0.0,0.0,0.0,0.0,0.0,0.0,0.0,0.0,0.0,0,0,0,1,0
B,A1P440A4H9585R:2:B000YC718S,tail,1,8,5,0.0,0.0,1.0,0.31546487678572877,1.0,0.125,1.0,0.38685280723454163,1.0,0.38685280723454163,1.0,0.2,1,1,0,1,0
B,A1QS0JG4J81E1P:1:B003YCCLIA,head,1,,,0.0,0.0,0.0,0.0,0.0,0.0,0.0,0.0,0.0,0.0,0.0,0.0,0,0,0,1,0
B,A1S2HCN6WF93MF:4:B0057JCYYE,head,1,,,0.0,0.0,0.0,0.0,0.0,0.0,0.0,0.0,0.0,0.0,0.0,0.0,0,0,0,1,0
B,A1TXKHR1AXOCYF:2:B000W3WP1W,tail,1,,,0.0,0.0,0.0,0.0,0.0,0.0,0.0,0.0,0.0,0.0,0.0,0.0,0,0,0,1,0
B,A1U2HFSCT74J1R:3:B000RGZK02,head,1,34,33,0.0,0.0,0.0,0.0,1.0,0.029411764705882353,0.0,0.0,0.0,0.0,1.0,0.030303030303030304,1,1,0,1,0
B,A1VNFH9JQENIJ0:2:B002HHPTBO,tail,1,,,0.0,0.0,0.0,0.0,0.0,0.0,0.0,0.0,0.0,0.0,0.0,0.0,0,0,0,1,0
B,A1WKQ94M45D8MG:25:B00A0J084Y,head,1,1,2,1.0,1.0,1.0,1.0,1.0,1.0,1.0,0.6309297535714575,1.0,0.6309297535714575,1.0,0.5,1,1,0,1,0
B,A1WOGVKRFRNVOZ:4:B000GG1944,head,1,,,0.0,0.0,0.0,0.0,0.0,0.0,0.0,0.0,0.0,0.0,0.0,0.0,0,0,0,1,0
B,A1WSQ0QRWQC7VI:15:B0020122ZS,head,1,48,,0.0,0.0,0.0,0.0,1.0,0.020833333333333332,0.0,0.0,0.0,0.0,0.0,0.0,1,0,0,1,0
B,A1XLECOS11FFBF:2:B001G7PWD6,tail,1,,,0.0,0.0,0.0,0.0,0.0,0.0,0.0,0.0,0.0,0.0,0.0,0.0,0,0,0,1,0
B,A1XLECOS11FFBF:3:B001MCBWQ6,tail,1,1,1,1.0,1.0,1.0,1.0,1.0,1.0,1.0,1.0,1.0,1.0,1.0,1.0,1,1,0,1,0
B,A1XW5MPEN3P6EG:2:B001PKXTWA,tail,1,7,7,0.0,0.0,1.0,0.3333333333333333,1.0,0.14285714285714285,0.0,0.0,1.0,0.3333333333333333,1.0,0.14285714285714285,1,1,0,1,0
B,A1Y7JDCPP2ZOPA:1:B0013IT86U,tail,1,,,0.0,0.0,0.0,0.0,0.0,0.0,0.0,0.0,0.0,0.0,0.0,0.0,0,0,0,1,0
B,A1YB7U6KLFXZAZ:6:B008CC4FI6,tail,1,,37,0.0,0.0,0.0,0.0,0.0,0.0,0.0,0.0,0.0,0.0,1.0,0.02702702702702703,0,1,0,1,0
B,A1YEMA3KHCVSEZ:5:B00787QT6W,head,1,7,6,0.0,0.0,1.0,0.3333333333333333,1.0,0.14285714285714285,0.0,0.0,1.0,0.3562071871080222,1.0,0.16666666666666666,1,1,0,1,0
B,A1YEMA3KHCVSEZ:6:B002QI1E9K,head,1,21,23,0.0,0.0,0.0,0.0,1.0,0.047619047619047616,0.0,0.0,0.0,0.0,1.0,0.043478260869565216,1,1,0,1,0
B,A1YEMA3KHCVSEZ:9:B00154P3QQ,tail,1,,,0.0,0.0,0.0,0.0,0.0,0.0,0.0,0.0,0.0,0.0,0.0,0.0,0,0,0,1,0
B,A1YHCGT82C1B61:2:B00KAL5JAU,head,1,10,11,0.0,0.0,1.0,0.2890648263178879,1.0,0.1,0.0,0.0,0.0,0.0,1.0,0.09090909090909091,1,1,0,1,1
B,A1YVO5V1SO18DZ:3:B00AWLB9G6,head,1,,,0.0,0.0,0.0,0.0,0.0,0.0,0.0,0.0,0.0,0.0,0.0,0.0,0,0,0,1,0
B,A1ZRD3WNHP8O3T:17:B009GEUOXO,tail,1,,,0.0,0.0,0.0,0.0,0.0,0.0,0.0,0.0,0.0,0.0,0.0,0.0,0,0,0,1,0
B,A1ZRD3WNHP8O3T:22:B001QOP2KM,tail,1,1,1,1.0,1.0,1.0,1.0,1.0,1.0,1.0,1.0,1.0,1.0,1.0,1.0,1,1,0,1,0
B,A1ZRD3WNHP8O3T:6:B001E5ECV8,tail,1,,,0.0,0.0,0.0,0.0,0.0,0.0,0.0,0.0,0.0,0.0,0.0,0.0,0,0,0,1,0
B,A20A9P8EJ5BREG:8:B00AHF1GTM,head,1,5,4,1.0,0.38685280723454163,1.0,0.38685280723454163,1.0,0.2,1.0,0.43067655807339306,1.0,0.43067655807339306,1.0,0.25,1,1,0,1,0
B,A20VAHDMLHVWG1:16:B0092SVTGA,head,1,,50,0.0,0.0,0.0,0.0,0.0,0.0,0.0,0.0,0.0,0.0,1.0,0.02,0,1,0,1,0
B,A20VPLFO9SFJNV:1:B000YC718S,tail,1,,,0.0,0.0,0.0,0.0,0.0,0.0,0.0,0.0,0.0,0.0,0.0,0.0,0,0,0,1,0
B,A215ZZFPVG5CX5:2:B0047WWDNO,head,1,,,0.0,0.0,0.0,0.0,0.0,0.0,0.0,0.0,0.0,0.0,0.0,0.0,0,0,0,1,0
B,A21SESEJ8E52B7:16:B00H2B2RLK,head,1,7,5,0.0,0.0,1.0,0.3333333333333333,1.0,0.14285714285714285,1.0,0.38685280723454163,1.0,0.38685280723454163,1.0,0.2,1,1,0,1,0
B,A21WBA2RH72WYC:1:B001HNNSIU,tail,1,,,0.0,0.0,0.0,0.0,0.0,0.0,0.0,0.0,0.0,0.0,0.0,0.0,0,0,0,1,0
B,A22NE96VVS6WXT:1:B005SHR4LS,tail,1,,,0.0,0.0,0.0,0.0,0.0,0.0,0.0,0.0,0.0,0.0,0.0,0.0,0,0,0,1,0
B,A22NETHJ4KTWJP:4:B008RTNSJQ,head,1,3,3,1.0,0.5,1.0,0.5,1.0,0.3333333333333333,1.0,0.5,1.0,0.5,1.0,0.3333333333333333,1,1,0,1,0
B,A22ZWWDP5FBEM6:2:B0073B3BUU,tail,1,,,0.0,0.0,0.0,0.0,0.0,0.0,0.0,0.0,0.0,0.0,0.0,0.0,0,0,0,1,0
B,A23OEXX9JTOJZY:7:B001TP2WCE,tail,1,35,37,0.0,0.0,0.0,0.0,1.0,0.02857142857142857,0.0,0.0,0.0,0.0,1.0,0.02702702702702703,1,1,0,1,0
B,A23QPM613TNZ2T:5:B001OAHF5I,tail,1,,,0.0,0.0,0.0,0.0,0.0,0.0,0.0,0.0,0.0,0.0,0.0,0.0,0,0,0,1,0
B,A23ZNGL704AW7O:13:B00AE07FXQ,head,1,,,0.0,0.0,0.0,0.0,0.0,0.0,0.0,0.0,0.0,0.0,0.0,0.0,0,0,0,1,0
B,A23ZNGL704AW7O:9:B002OSWW3O,tail,1,,,0.0,0.0,0.0,0.0,0.0,0.0,0.0,0.0,0.0,0.0,0.0,0.0,0,0,0,1,0
B,A24VASNAOK0TY:4:B000HEIRRM,head,1,,,0.0,0.0,0.0,0.0,0.0,0.0,0.0,0.0,0.0,0.0,0.0,0.0,0,0,0,1,0
B,A265TY8TEJ5N8G:2:B0061YRVMO,head,1,,,0.0,0.0,0.0,0.0,0.0,0.0,0.0,0.0,0.0,0.0,0.0,0.0,0,0,0,1,0
B,A271YL4ZLLQ3IQ:1:B000W0YAOA,head,1,31,31,0.0,0.0,0.0,0.0,1.0,0.03225806451612903,0.0,0.0,0.0,0.0,1.0,0.03225806451612903,1,1,0,1,0
B,A27X7XXOKMK879:14:B00106AC06,head,1,11,8,0.0,0.0,0.0,0.0,1.0,0.09090909090909091,0.0,0.0,1.0,0.31546487678572877,1.0,0.125,1,1,0,1,0
B,A28FIQZ46WLUI2:3:B00015GWQU,tail,1,,,0.0,0.0,0.0,0.0,0.0,0.0,0.0,0.0,0.0,0.0,0.0,0.0,0,0,0,1,0
B,A297LJ18W4UHLT:1:B000ZV3V46,tail,1,,,0.0,0.0,0.0,0.0,0.0,0.0,0.0,0.0,0.0,0.0,0.0,0.0,0,0,0,1,0
B,A29J95UBFWESG4:10:B007NNTAXK,tail,1,,,0.0,0.0,0.0,0.0,0.0,0.0,0.0,0.0,0.0,0.0,0.0,0.0,0,0,0,1,0
B,A2AE2G19CD2WMU:6:B0068Y6CA4,head,1,14,14,0.0,0.0,0.0,0.0,1.0,0.07142857142857142,0.0,0.0,0.0,0.0,1.0,0.07142857142857142,1,1,0,1,0
B,A2AIRFEAWEQC91:10:B00120IJSC,head,1,,,0.0,0.0,0.0,0.0,0.0,0.0,0.0,0.0,0.0,0.0,0.0,0.0,0,0,0,1,0
B,A2BCIJYRIKKQNX:1:B0069FDR96,head,1,1,1,1.0,1.0,1.0,1.0,1.0,1.0,1.0,1.0,1.0,1.0,1.0,1.0,1,1,0,1,0
B,A2BEXL96GIJ5S1:3:B0018SAJAY,head,1,,,0.0,0.0,0.0,0.0,0.0,0.0,0.0,0.0,0.0,0.0,0.0,0.0,0,0,0,1,0
B,A2BU57PMJ11MQF:3:B004X1QY20,head,1,3,3,1.0,0.5,1.0,0.5,1.0,0.3333333333333333,1.0,0.5,1.0,0.5,1.0,0.3333333333333333,1,1,0,1,0
B,A2E1EFNIZL2FVA:16:B00GLS58OS,head,1,1,1,1.0,1.0,1.0,1.0,1.0,1.0,1.0,1.0,1.0,1.0,1.0,1.0,1,1,0,1,0
B,A2EBR70V6P9W0N:2:B0006ZEVU4,tail,1,,,0.0,0.0,0.0,0.0,0.0,0.0,0.0,0.0,0.0,0.0,0.0,0.0,0,0,0,1,0
B,A2EBR70V6P9W0N:34:B001410OG4,head,1,,,0.0,0.0,0.0,0.0,0.0,0.0,0.0,0.0,0.0,0.0,0.0,0.0,0,0,0,1,0
B,A2F866KJ962NCM:3:B00385WMJ6,tail,1,,,0.0,0.0,0.0,0.0,0.0,0.0,0.0,0.0,0.0,0.0,0.0,0.0,0,0,0,1,0
B,A2FQ1Q3V31QLQB:1:B002CMLJU4,tail,1,6,7,0.0,0.0,1.0,0.3562071871080222,1.0,0.16666666666666666,0.0,0.0,1.0,0.3333333333333333,1.0,0.14285714285714285,1,1,0,1,0
B,A2G9UDL72YUTT8:4:B0060HOMHY,head,1,33,33,0.0,0.0,0.0,0.0,1.0,0.030303030303030304,0.0,0.0,0.0,0.0,1.0,0.030303030303030304,1,1,0,1,0
B,A2GF66IP0TAJJB:1:B003FBI9LS,head,1,,,0.0,0.0,0.0,0.0,0.0,0.0,0.0,0.0,0.0,0.0,0.0,0.0,0,0,0,1,0
B,A2H0O8QY5WZ1ZA:3:B002B9DWBC,head,1,13,15,0.0,0.0,0.0,0.0,1.0,0.07692307692307693,0.0,0.0,0.0,0.0,1.0,0.06666666666666667,1,1,0,1,0
B,A2HTPS0JV3Q8ZD:7:B00AE07EGO,head,1,4,5,1.0,0.43067655807339306,1.0,0.43067655807339306,1.0,0.25,1.0,0.38685280723454163,1.0,0.38685280723454163,1.0,0.2,1,1,0,1,0
B,A2J8SOVXJU5G1Q:1:B007WR91L8,tail,1,3,3,1.0,0.5,1.0,0.5,1.0,0.3333333333333333,1.0,0.5,1.0,0.5,1.0,0.3333333333333333,1,1,0,1,0
B,A2JJDROOLVYHXG:2:B0081E6YX4,tail,1,,,0.0,0.0,0.0,0.0,0.0,0.0,0.0,0.0,0.0,0.0,0.0,0.0,0,0,0,1,0
B,A2K7C1Y5SMPY6W:3:B001IB0NOS,tail,1,8,7,0.0,0.0,1.0,0.31546487678572877,1.0,0.125,0.0,0.0,1.0,0.3333333333333333,1.0,0.14285714285714285,1,1,0,1,0
B,A2LOP5Z8HOS25L:2:B000QB77NQ,tail,1,3,3,1.0,0.5,1.0,0.5,1.0,0.3333333333333333,1.0,0.5,1.0,0.5,1.0,0.3333333333333333,1,1,0,1,0
B,A2MTPVW8JI634V:14:B00C8YCFU4,head,1,1,4,1.0,1.0,1.0,1.0,1.0,1.0,1.0,0.43067655807339306,1.0,0.43067655807339306,1.0,0.25,1,1,0,1,0
B,A2MTPVW8JI634V:3:B00IDWP4IA,head,1,24,25,0.0,0.0,0.0,0.0,1.0,0.041666666666666664,0.0,0.0,0.0,0.0,1.0,0.04,1,1,0,1,0
B,A2N7MS3Z6F8KT6:1:B006DR2BO2,tail,1,,,0.0,0.0,0.0,0.0,0.0,0.0,0.0,0.0,0.0,0.0,0.0,0.0,0,0,0,1,0
B,A2NIPVK9QZF14B:5:B005OU2Y1E,tail,1,1,1,1.0,1.0,1.0,1.0,1.0,1.0,1.0,1.0,1.0,1.0,1.0,1.0,1,1,0,1,0
B,A2NKQ4Y5TPSU0J:4:B002ERZIPY,tail,1,1,2,1.0,1.0,1.0,1.0,1.0,1.0,1.0,0.6309297535714575,1.0,0.6309297535714575,1.0,0.5,1,1,0,1,0
B,A2QK3M98622I8P:6:B004J6WCBQ,head,1,9,6,0.0,0.0,1.0,0.3010299956639812,1.0,0.1111111111111111,0.0,0.0,1.0,0.3562071871080222,1.0,0.16666666666666666,1,1,0,1,0
B,A2RGE6WNAYPSD5:1:B004TSFE28,head,1,1,1,1.0,1.0,1.0,1.0,1.0,1.0,1.0,1.0,1.0,1.0,1.0,1.0,1,1,0,1,0
B,A2RNQ6GZV5IZY4:2:B005LZT9FG,tail,0,1,1,1.0,1.0,1.0,1.0,1.0,1.0,1.0,1.0,1.0,1.0,1.0,1.0,1,1,0,1,0
B,A2S6QCNNN8AK91:7:B009GEUOXO,tail,1,,,0.0,0.0,0.0,0.0,0.0,0.0,0.0,0.0,0.0,0.0,0.0,0.0,0,0,0,1,0
B,A2S7YBFPZX1IGQ:13:B000CSDDDG,head,1,11,,0.0,0.0,0.0,0.0,1.0,0.09090909090909091,0.0,0.0,0.0,0.0,0.0,0.0,1,0,0,1,0
B,A2S7YBFPZX1IGQ:21:B005OZW3ZG,head,1,,,0.0,0.0,0.0,0.0,0.0,0.0,0.0,0.0,0.0,0.0,0.0,0.0,0,0,0,1,0
B,A2S7YBFPZX1IGQ:28:B000UPRSKA,head,1,6,8,0.0,0.0,1.0,0.3562071871080222,1.0,0.16666666666666666,0.0,0.0,1.0,0.31546487678572877,1.0,0.125,1,1,0,1,0
B,A2S7YBFPZX1IGQ:48:B000A0ADT8,tail,1,,,0.0,0.0,0.0,0.0,0.0,0.0,0.0,0.0,0.0,0.0,0.0,0.0,0,0,0,1,0
B,A2T146POE1RZTX:1:B000BIXP3U,tail,1,,,0.0,0.0,0.0,0.0,0.0,0.0,0.0,0.0,0.0,0.0,0.0,0.0,0,0,0,1,0
B,A2T3ZZTB6DJF8S:6:B0042L09HC,tail,1,,,0.0,0.0,0.0,0.0,0.0,0.0,0.0,0.0,0.0,0.0,0.0,0.0,0,0,0,1,0
B,A2TGPI8IHZ62KM:12:B00A3C06XG,head,1,15,18,0.0,0.0,0.0,0.0,1.0,0.06666666666666667,0.0,0.0,0.0,0.0,1.0,0.05555555555555555,1,1,0,1,0
B,A2U1C8IA3EQGRK:1:B001TJXI5U,head,1,,,0.0,0.0,0.0,0.0,0.0,0.0,0.0,0.0,0.0,0.0,0.0,0.0,0,0,0,1,0
B,A2UF98HFMVHA9F:10:B000ALBKGW,tail,1,,,0.0,0.0,0.0,0.0,0.0,0.0,0.0,0.0,0.0,0.0,0.0,0.0,0,0,0,1,0
B,A2VDXLMCECB039:2:B001KYRSHI,tail,1,,,0.0,0.0,0.0,0.0,0.0,0.0,0.0,0.0,0.0,0.0,0.0,0.0,0,0,0,1,0
B,A2VLNM3MDQCL32:2:B000F6RFX4,head,1,2,2,1.0,0.6309297535714575,1.0,0.6309297535714575,1.0,0.5,1.0,0.6309297535714575,1.0,0.6309297535714575,1.0,0.5,1,1,0,1,0
B,A2WFZWRYWLC20S:8:B00AFBSIPI,head,1,,,0.0,0.0,0.0,0.0,0.0,0.0,0.0,0.0,0.0,0.0,0.0,0.0,0,0,0,1,0
B,A2WFZWRYWLC20S:9:B00AE078YM,head,1,21,24,0.0,0.0,0.0,0.0,1.0,0.047619047619047616,0.0,0.0,0.0,0.0,1.0,0.041666666666666664,1,1,0,1,0
B,A2YNK7C1GPAZHE:3:B0061JQY40,head,1,,,0.0,0.0,0.0,0.0,0.0,0.0,0.0,0.0,0.0,0.0,0.0,0.0,0,0,0,1,0
B,A2YP323KXIBPQ9:2:B00021DDR4,tail,1,,,0.0,0.0,0.0,0.0,0.0,0.0,0.0,0.0,0.0,0.0,0.0,0.0,0,0,0,1,0
B,A2ZY49IDE6TY5I:72:B002MO3CG6,head,1,1,2,1.0,1.0,1.0,1.0,1.0,1.0,1.0,0.6309297535714575,1.0,0.6309297535714575,1.0,0.5,1,1,0,1,0
B,A3094EPI56GKZ6:16:B0034UBHNM,tail,1,,,0.0,0.0,0.0,0.0,0.0,0.0,0.0,0.0,0.0,0.0,0.0,0.0,0,0,0,1,0
B,A3094EPI56GKZ6:41:B009RNUH7M,head,1,8,10,0.0,0.0,1.0,0.31546487678572877,1.0,0.125,0.0,0.0,1.0,0.2890648263178879,1.0,0.1,1,1,0,1,0
B,A30Z0GG96D11EO:5:B000FNCS5M,tail,1,,,0.0,0.0,0.0,0.0,0.0,0.0,0.0,0.0,0.0,0.0,0.0,0.0,0,0,0,1,0
B,A31KY9R4V4Z3P5:2:B0042PEBMM,tail,1,1,1,1.0,1.0,1.0,1.0,1.0,1.0,1.0,1.0,1.0,1.0,1.0,1.0,1,1,0,1,0
B,A31QKASL261XL:2:B004Y9PLB6,tail,1,2,2,1.0,0.6309297535714575,1.0,0.6309297535714575,1.0,0.5,1.0,0.6309297535714575,1.0,0.6309297535714575,1.0,0.5,1,1,0,1,0
B,A32NEHE2C8F0AW:2:B00C0C6CNA,tail,1,,,0.0,0.0,0.0,0.0,0.0,0.0,0.0,0.0,0.0,0.0,0.0,0.0,0,0,0,1,0
B,A32R0HBCV9FCJM:3:B00014WW38,head,1,,,0.0,0.0,0.0,0.0,0.0,0.0,0.0,0.0,0.0,0.0,0.0,0.0,0,0,0,1,0
B,A33IYETJ5C08YM:1:B0062MAAAK,head,1,17,17,0.0,0.0,0.0,0.0,1.0,0.058823529411764705,0.0,0.0,0.0,0.0,1.0,0.058823529411764705,1,1,0,1,0
B,A33WV5UNJFBLTL:2:B001P2O06W,head,1,6,6,0.0,0.0,1.0,0.3562071871080222,1.0,0.16666666666666666,0.0,0.0,1.0,0.3562071871080222,1.0,0.16666666666666666,1,1,0,1,0
B,A34BZBVB8DUA69:2:B004V0SZNO,head,1,,,0.0,0.0,0.0,0.0,0.0,0.0,0.0,0.0,0.0,0.0,0.0,0.0,0,0,0,1,0
B,A34KGD6ZYDDVT0:6:B00CE9LPYA,tail,1,,,0.0,0.0,0.0,0.0,0.0,0.0,0.0,0.0,0.0,0.0,0.0,0.0,0,0,0,1,0
B,A34NLHHIBLIMDI:3:B0030HAF4G,head,1,,,0.0,0.0,0.0,0.0,0.0,0.0,0.0,0.0,0.0,0.0,0.0,0.0,0,0,0,1,0
B,A351XQSM1J6BXK:2:B004LRO7DO,tail,1,,,0.0,0.0,0.0,0.0,0.0,0.0,0.0,0.0,0.0,0.0,0.0,0.0,0,0,0,1,0
B,A35N4FNDV5L3LK:4:B000NE6PCA,tail,1,6,6,0.0,0.0,1.0,0.3562071871080222,1.0,0.16666666666666666,0.0,0.0,1.0,0.3562071871080222,1.0,0.16666666666666666,1,1,0,1,0
B,A366YFWGJ84JAJ:5:B000HRXCRE,head,1,,,0.0,0.0,0.0,0.0,0.0,0.0,0.0,0.0,0.0,0.0,0.0,0.0,0,0,0,1,0
B,A376I1C84R1XZM:1:B008CEDY5O,head,1,,,0.0,0.0,0.0,0.0,0.0,0.0,0.0,0.0,0.0,0.0,0.0,0.0,0,0,0,1,0
B,A37DJTGVUSINC0:2:B00A0IWRT4,head,1,,38,0.0,0.0,0.0,0.0,0.0,0.0,0.0,0.0,0.0,0.0,1.0,0.02631578947368421,0,1,0,1,0
B,A37JYIO1S2DMC3:1:B000ZMBSPE,head,1,21,16,0.0,0.0,0.0,0.0,1.0,0.047619047619047616,0.0,0.0,0.0,0.0,1.0,0.0625,1,1,0,1,0
B,A37JYIO1S2DMC3:3:B007JLUL1G,tail,1,,,0.0,0.0,0.0,0.0,0.0,0.0,0.0,0.0,0.0,0.0,0.0,0.0,0,0,0,1,0
B,A38CWC6MDL1PK6:5:B000XSBTM2,tail,1,,,0.0,0.0,0.0,0.0,0.0,0.0,0.0,0.0,0.0,0.0,0.0,0.0,0,0,0,1,0
B,A393G014Z2MQMT:2:B000GRB3SA,tail,1,,,0.0,0.0,0.0,0.0,0.0,0.0,0.0,0.0,0.0,0.0,0.0,0.0,0,0,0,1,0
B,A3AFF6XMHMG9TD:10:B00EWDP45C,tail,1,,,0.0,0.0,0.0,0.0,0.0,0.0,0.0,0.0,0.0,0.0,0.0,0.0,0,0,0,1,0
B,A3AK8ZGHM26KTM:1:B002B4EFCC,head,1,,,0.0,0.0,0.0,0.0,0.0,0.0,0.0,0.0,0.0,0.0,0.0,0.0,0,0,0,1,0
B,A3B7J2945PU1P0:5:B009LOJ5MA,head,1,3,5,1.0,0.5,1.0,0.5,1.0,0.3333333333333333,1.0,0.38685280723454163,1.0,0.38685280723454163,1.0,0.2,1,1,0,1,0
B,A3BMI7VGJT60Y7:1:B000OC3L4Q,tail,1,,,0.0,0.0,0.0,0.0,0.0,0.0,0.0,0.0,0.0,0.0,0.0,0.0,0,0,0,1,0
B,A3BMI7VGJT60Y7:34:B000AAAWAI,tail,1,,,0.0,0.0,0.0,0.0,0.0,0.0,0.0,0.0,0.0,0.0,0.0,0.0,0,0,0,1,0
B,A3BMI7VGJT60Y7:7:B001NIWHCW,tail,1,4,4,1.0,0.43067655807339306,1.0,0.43067655807339306,1.0,0.25,1.0,0.43067655807339306,1.0,0.43067655807339306,1.0,0.25,1,1,0,1,0
B,A3C6CZC2JP67VK:18:B0063A432W,head,1,2,2,1.0,0.6309297535714575,1.0,0.6309297535714575,1.0,0.5,1.0,0.6309297535714575,1.0,0.6309297535714575,1.0,0.5,1,1,0,1,0
B,A3C6CZC2JP67VK:19:B007JT7AIK,head,1,7,5,0.0,0.0,1.0,0.3333333333333333,1.0,0.14285714285714285,1.0,0.38685280723454163,1.0,0.38685280723454163,1.0,0.2,1,1,0,1,0
B,A3C6CZC2JP67VK:32:B00HNKRWII,head,1,1,1,1.0,1.0,1.0,1.0,1.0,1.0,1.0,1.0,1.0,1.0,1.0,1.0,1,1,0,1,0
B,A3C89WADVMXRNL:6:B005UBN5AQ,head,1,,,0.0,0.0,0.0,0.0,0.0,0.0,0.0,0.0,0.0,0.0,0.0,0.0,0,0,0,1,0
B,A3DISSYWIF3W40:6:B0086LC0H6,tail,1,,,0.0,0.0,0.0,0.0,0.0,0.0,0.0,0.0,0.0,0.0,0.0,0.0,0,0,0,1,0
B,A3DKP8M0GSP8UK:12:B000N773K0,tail,1,17,24,0.0,0.0,0.0,0.0,1.0,0.058823529411764705,0.0,0.0,0.0,0.0,1.0,0.041666666666666664,1,1,0,1,0
B,A3EDB62V8SMP3:1:B0019SWVBI,tail,1,,,0.0,0.0,0.0,0.0,0.0,0.0,0.0,0.0,0.0,0.0,0.0,0.0,0,0,0,1,0
B,A3EF6FNX2G4FD3:2:B00CXDVRU4,tail,1,6,5,0.0,0.0,1.0,0.3562071871080222,1.0,0.16666666666666666,1.0,0.38685280723454163,1.0,0.38685280723454163,1.0,0.2,1,1,0,1,0
B,A3EV788FCRKQYM:3:B0038U4TRO,tail,1,8,8,0.0,0.0,1.0,0.31546487678572877,1.0,0.125,0.0,0.0,1.0,0.31546487678572877,1.0,0.125,1,1,0,1,0
B,A3EXWV8FNSSFL6:12:B004MBJKRC,head,1,,,0.0,0.0,0.0,0.0,0.0,0.0,0.0,0.0,0.0,0.0,0.0,0.0,0,0,0,1,0
B,A3EXWV8FNSSFL6:33:B00DSW9D7S,tail,1,3,4,1.0,0.5,1.0,0.5,1.0,0.3333333333333333,1.0,0.43067655807339306,1.0,0.43067655807339306,1.0,0.25,1,1,0,1,0
B,A3F9EEHHEJ0088:1:B00027DDOQ,head,1,34,,0.0,0.0,0.0,0.0,1.0,0.029411764705882353,0.0,0.0,0.0,0.0,0.0,0.0,1,0,0,1,0
B,A3FQSDAMKM98B2:5:B0060A2QXI,tail,1,,,0.0,0.0,0.0,0.0,0.0,0.0,0.0,0.0,0.0,0.0,0.0,0.0,0,0,0,1,0
B,A3G007LQX6KGOD:11:B001T8MN16,head,1,1,1,1.0,1.0,1.0,1.0,1.0,1.0,1.0,1.0,1.0,1.0,1.0,1.0,1,1,0,1,0
B,A3G1XSJ5RD0PIA:2:B004Z40048,head,1,2,3,1.0,0.6309297535714575,1.0,0.6309297535714575,1.0,0.5,1.0,0.5,1.0,0.5,1.0,0.3333333333333333,1,1,0,1,0
B,A3GAQQZKTZIGEX:5:B001CJJ5NQ,tail,1,1,1,1.0,1.0,1.0,1.0,1.0,1.0,1.0,1.0,1.0,1.0,1.0,1.0,1,1,0,1,0
B,A3GDEXMU9587JX:5:B000C230QM,tail,1,,,0.0,0.0,0.0,0.0,0.0,0.0,0.0,0.0,0.0,0.0,0.0,0.0,0,0,0,1,0
B,A3GDEXMU9587JX:9:B00EATZYFI,tail,1,2,2,1.0,0.6309297535714575,1.0,0.6309297535714575,1.0,0.5,1.0,0.6309297535714575,1.0,0.6309297535714575,1.0,0.5,1,1,0,1,0
B,A3GVD3O9QG6I0V:22:B00GTC1JVM,head,1,7,7,0.0,0.0,1.0,0.3333333333333333,1.0,0.14285714285714285,0.0,0.0,1.0,0.3333333333333333,1.0,0.14285714285714285,1,1,0,1,0
B,A3H2UW6OLVEWXA:5:B006T8BWUE,tail,1,,,0.0,0.0,0.0,0.0,0.0,0.0,0.0,0.0,0.0,0.0,0.0,0.0,0,0,0,1,0
B,A3H62VYLEK8X1V:14:B000ALFROS,tail,1,,,0.0,0.0,0.0,0.0,0.0,0.0,0.0,0.0,0.0,0.0,0.0,0.0,0,0,0,1,0
B,A3H62VYLEK8X1V:6:B00021DDR4,tail,1,,,0.0,0.0,0.0,0.0,0.0,0.0,0.0,0.0,0.0,0.0,0.0,0.0,0,0,0,1,0
B,A3HIDCZOYWOYW9:7:B00871KNHO,head,1,32,34,0.0,0.0,0.0,0.0,1.0,0.03125,0.0,0.0,0.0,0.0,1.0,0.029411764705882353,1,1,0,1,0
B,A3ID661BSD9PGZ:5:B002PBCABY,head,1,29,21,0.0,0.0,0.0,0.0,1.0,0.034482758620689655,0.0,0.0,0.0,0.0,1.0,0.047619047619047616,1,1,0,1,0
B,A3JS331R4TEBB8:10:B002T5OM1M,tail,1,1,1,1.0,1.0,1.0,1.0,1.0,1.0,1.0,1.0,1.0,1.0,1.0,1.0,1,1,0,1,0
B,A3KUPKI0NR77S2:5:B004UVRYQS,head,1,,,0.0,0.0,0.0,0.0,0.0,0.0,0.0,0.0,0.0,0.0,0.0,0.0,0,0,0,1,0
B,A3LHIRT4SR3F9T:8:B000GCKCDW,head,1,,,0.0,0.0,0.0,0.0,0.0,0.0,0.0,0.0,0.0,0.0,0.0,0.0,0,0,0,1,0
B,A3LMILRM9OC3SA:13:B002ZNJU7Y,head,1,,,0.0,0.0,0.0,0.0,0.0,0.0,0.0,0.0,0.0,0.0,0.0,0.0,0,0,0,1,0
B,A3LMILRM9OC3SA:8:B003OBE530,tail,1,1,1,1.0,1.0,1.0,1.0,1.0,1.0,1.0,1.0,1.0,1.0,1.0,1.0,1,1,0,1,0
B,A3LXS88UEQZKCP:5:B002JL1Y6C,head,1,8,7,0.0,0.0,1.0,0.31546487678572877,1.0,0.125,0.0,0.0,1.0,0.3333333333333333,1.0,0.14285714285714285,1,1,0,1,0
B,A3M7R4PD0FEPUB:10:B009YSYNIY,tail,1,,,0.0,0.0,0.0,0.0,0.0,0.0,0.0,0.0,0.0,0.0,0.0,0.0,0,0,0,1,0
B,A3MNHS1HHTAP7O:21:B00BAZ7Y6M,tail,1,14,16,0.0,0.0,0.0,0.0,1.0,0.07142857142857142,0.0,0.0,0.0,0.0,1.0,0.0625,1,1,0,1,0
B,A3MNHS1HHTAP7O:22:B00KHGIK54,head,1,1,1,1.0,1.0,1.0,1.0,1.0,1.0,1.0,1.0,1.0,1.0,1.0,1.0,1,1,0,1,0
B,A3MNHS1HHTAP7O:28:B00IALDHDI,tail,1,20,24,0.0,0.0,0.0,0.0,1.0,0.05,0.0,0.0,0.0,0.0,1.0,0.041666666666666664,1,1,0,1,0
B,A3N5Z9AKY4QR3V:2:B009YSTOE2,tail,1,1,1,1.0,1.0,1.0,1.0,1.0,1.0,1.0,1.0,1.0,1.0,1.0,1.0,1,1,0,1,0
B,A3N6JG64P2G9EV:8:B005CQM6RC,tail,1,,,0.0,0.0,0.0,0.0,0.0,0.0,0.0,0.0,0.0,0.0,0.0,0.0,0,0,0,1,0
B,A3O5PCUAXYP2DQ:4:B00164FVH6,tail,1,,,0.0,0.0,0.0,0.0,0.0,0.0,0.0,0.0,0.0,0.0,0.0,0.0,0,0,0,1,0
B,A3P84TZX9X1B3X:3:B001E96L9K,tail,1,,,0.0,0.0,0.0,0.0,0.0,0.0,0.0,0.0,0.0,0.0,0.0,0.0,0,0,0,1,0
B,A3PI8OSXZ82Y6X:1:B00CBK017Y,tail,1,1,1,1.0,1.0,1.0,1.0,1.0,1.0,1.0,1.0,1.0,1.0,1.0,1.0,1,1,0,1,0
B,A3PI8OSXZ82Y6X:4:B007D1VGSY,tail,1,1,1,1.0,1.0,1.0,1.0,1.0,1.0,1.0,1.0,1.0,1.0,1.0,1.0,1,1,0,1,0
B,A3Q1J68QY1MZQ9:11:B00G7U29KQ,head,1,16,12,0.0,0.0,0.0,0.0,1.0,0.0625,0.0,0.0,0.0,0.0,1.0,0.08333333333333333,1,1,0,1,0
B,A3QNJZ3BICKW2O:3:B0050NWCQ2,tail,1,,,0.0,0.0,0.0,0.0,0.0,0.0,0.0,0.0,0.0,0.0,0.0,0.0,0,0,0,1,0
B,A3S3KFARXX1MKW:1:B00008J2XQ,head,1,21,16,0.0,0.0,0.0,0.0,1.0,0.047619047619047616,0.0,0.0,0.0,0.0,1.0,0.0625,1,1,0,1,0
B,A3S5NM7I4LMHZ9:1:B005I0JWU6,tail,1,,,0.0,0.0,0.0,0.0,0.0,0.0,0.0,0.0,0.0,0.0,0.0,0.0,0,0,0,1,0
B,A3SE4NU7AGO47Q:6:B0012K1R3G,head,1,9,11,0.0,0.0,1.0,0.3010299956639812,1.0,0.1111111111111111,0.0,0.0,0.0,0.0,1.0,0.09090909090909091,1,1,0,1,1
B,A3SSVI14J5S3UJ:4:B000WBO3W8,tail,1,,,0.0,0.0,0.0,0.0,0.0,0.0,0.0,0.0,0.0,0.0,0.0,0.0,0,0,0,1,0
B,A3T65F1NI9FVLC:4:B0045WBFAI,tail,1,,,0.0,0.0,0.0,0.0,0.0,0.0,0.0,0.0,0.0,0.0,0.0,0.0,0,0,0,1,0
B,A3T7MN2WPZ3M1O:3:B00264NW7G,head,1,,,0.0,0.0,0.0,0.0,0.0,0.0,0.0,0.0,0.0,0.0,0.0,0.0,0,0,0,1,0
B,A3TBTDQOTYXQ6W:1:B000ZMBSPE,head,1,1,1,1.0,1.0,1.0,1.0,1.0,1.0,1.0,1.0,1.0,1.0,1.0,1.0,1,1,0,1,0
B,A3TT3OIPXK7Q7X:2:B002TPQPEE,head,1,5,4,1.0,0.38685280723454163,1.0,0.38685280723454163,1.0,0.2,1.0,0.43067655807339306,1.0,0.43067655807339306,1.0,0.25,1,1,0,1,0
B,A3UL9L5O3EQ4ML:2:B0013ND45G,tail,1,1,1,1.0,1.0,1.0,1.0,1.0,1.0,1.0,1.0,1.0,1.0,1.0,1.0,1,1,0,1,0
B,A3VTMZYLG38AJU:1:B0000531WZ,head,1,,,0.0,0.0,0.0,0.0,0.0,0.0,0.0,0.0,0.0,0.0,0.0,0.0,0,0,0,1,0
B,A4EWK1BCKU4OC:5:B005MZ4A7C,tail,1,,,0.0,0.0,0.0,0.0,0.0,0.0,0.0,0.0,0.0,0.0,0.0,0.0,0,0,0,1,0
B,A6B5LMF6CWT27:1:B001Q8560Y,head,1,30,31,0.0,0.0,0.0,0.0,1.0,0.03333333333333333,0.0,0.0,0.0,0.0,1.0,0.03225806451612903,1,1,0,1,0
B,A6VPK7X53QNAQ:16:B00FXXTEVA,tail,1,,,0.0,0.0,0.0,0.0,0.0,0.0,0.0,0.0,0.0,0.0,0.0,0.0,0,0,0,1,0
B,A7RH73YPZU94Z:2:B003B6S36S,tail,1,,,0.0,0.0,0.0,0.0,0.0,0.0,0.0,0.0,0.0,0.0,0.0,0.0,0,0,0,1,0
B,A7RH73YPZU94Z:3:B004JRU4YW,tail,1,,,0.0,0.0,0.0,0.0,0.0,0.0,0.0,0.0,0.0,0.0,0.0,0.0,0,0,0,1,0
B,A81XIM8XFKWX5:3:B003V21WO2,head,1,1,1,1.0,1.0,1.0,1.0,1.0,1.0,1.0,1.0,1.0,1.0,1.0,1.0,1,1,0,1,0
B,AB0Y33G717HOU:3:B0073P01RC,head,1,3,3,1.0,0.5,1.0,0.5,1.0,0.3333333333333333,1.0,0.5,1.0,0.5,1.0,0.3333333333333333,1,1,0,1,0
B,ABILF9646A13T:1:B00005NAOD,head,1,22,22,0.0,0.0,0.0,0.0,1.0,0.045454545454545456,0.0,0.0,0.0,0.0,1.0,0.045454545454545456,1,1,0,1,0
B,ABOTQXNUBA1MM:10:B00FF5B31U,head,1,42,40,0.0,0.0,0.0,0.0,1.0,0.023809523809523808,0.0,0.0,0.0,0.0,1.0,0.025,1,1,0,1,0
B,ABOTQXNUBA1MM:9:B003JTF3VK,head,1,12,17,0.0,0.0,0.0,0.0,1.0,0.08333333333333333,0.0,0.0,0.0,0.0,1.0,0.058823529411764705,1,1,0,1,0
B,ACQ3M8CEMHRRI:1:B0000531SW,head,1,,,0.0,0.0,0.0,0.0,0.0,0.0,0.0,0.0,0.0,0.0,0.0,0.0,0,0,0,1,0
B,ACYMT1PL5FO9C:10:B00ATY942M,head,1,,,0.0,0.0,0.0,0.0,0.0,0.0,0.0,0.0,0.0,0.0,0.0,0.0,0,0,0,1,0
B,ADE5RB84FF9JP:1:B0043TURKC,head,1,,,0.0,0.0,0.0,0.0,0.0,0.0,0.0,0.0,0.0,0.0,0.0,0.0,0,0,0,1,0
B,ADLKEYA320P5G:1:B000629ZHG,head,1,3,3,1.0,0.5,1.0,0.5,1.0,0.3333333333333333,1.0,0.5,1.0,0.5,1.0,0.3333333333333333,1,1,0,1,0
B,ADW9M86DQAPXT:2:B001SXPSD2,tail,1,1,1,1.0,1.0,1.0,1.0,1.0,1.0,1.0,1.0,1.0,1.0,1.0,1.0,1,1,0,1,0
B,AE24ZJRHI2DU8:6:B003UI4WZS,tail,1,1,1,1.0,1.0,1.0,1.0,1.0,1.0,1.0,1.0,1.0,1.0,1.0,1.0,1,1,0,1,0
B,AEM73438F7E2Z:2:B000KBHG88,tail,1,,,0.0,0.0,0.0,0.0,0.0,0.0,0.0,0.0,0.0,0.0,0.0,0.0,0,0,0,1,0
B,AEV1APSPG9DDQ:1:B006QFCDDK,tail,1,1,1,1.0,1.0,1.0,1.0,1.0,1.0,1.0,1.0,1.0,1.0,1.0,1.0,1,1,0,1,0
B,AGEKVD8JPZQMT:18:B000YZJMHS,head,1,1,1,1.0,1.0,1.0,1.0,1.0,1.0,1.0,1.0,1.0,1.0,1.0,1.0,1,1,0,1,0
B,AGKAEFSFYWBDF:27:B008X5C8BI,tail,1,6,6,0.0,0.0,1.0,0.3562071871080222,1.0,0.16666666666666666,0.0,0.0,1.0,0.3562071871080222,1.0,0.16666666666666666,1,1,0,1,0
B,AGKAEFSFYWBDF:6:B0045W2UXO,tail,1,12,12,0.0,0.0,0.0,0.0,1.0,0.08333333333333333,0.0,0.0,0.0,0.0,1.0,0.08333333333333333,1,1,0,1,0
B,AGKAEFSFYWBDF:8:B005BF1M10,head,1,2,2,1.0,0.6309297535714575,1.0,0.6309297535714575,1.0,0.5,1.0,0.6309297535714575,1.0,0.6309297535714575,1.0,0.5,1,1,0,1,0
B,AGMONAK82UL7R:9:B004Z2NPK6,tail,1,,,0.0,0.0,0.0,0.0,0.0,0.0,0.0,0.0,0.0,0.0,0.0,0.0,0,0,0,1,0
B,AH7SS70GX0RC0:2:B004Y9M4DE,head,1,,,0.0,0.0,0.0,0.0,0.0,0.0,0.0,0.0,0.0,0.0,0.0,0.0,0,0,0,1,0
B,AHDUYK2PD0R9U:3:B000P9B3NY,tail,1,,,0.0,0.0,0.0,0.0,0.0,0.0,0.0,0.0,0.0,0.0,0.0,0.0,0,0,0,1,0
B,AHYO4HZWUQ40I:3:B005FYJB92,head,1,6,6,0.0,0.0,1.0,0.3562071871080222,1.0,0.16666666666666666,0.0,0.0,1.0,0.3562071871080222,1.0,0.16666666666666666,1,1,0,1,0
B,AIY87XJ0QFAMW:1:B003VMFITM,head,1,5,5,1.0,0.38685280723454163,1.0,0.38685280723454163,1.0,0.2,1.0,0.38685280723454163,1.0,0.38685280723454163,1.0,0.2,1,1,0,1,0
B,AJIJQ9DRVUV2:1:B008Q024GO,tail,1,1,1,1.0,1.0,1.0,1.0,1.0,1.0,1.0,1.0,1.0,1.0,1.0,1.0,1,1,0,1,0
B,AJRNC98E2ADGL:3:B00069FJUG,tail,1,,,0.0,0.0,0.0,0.0,0.0,0.0,0.0,0.0,0.0,0.0,0.0,0.0,0,0,0,1,0
B,AKZKKYT3VWEM4:3:B000VEN3RW,head,1,2,3,1.0,0.6309297535714575,1.0,0.6309297535714575,1.0,0.5,1.0,0.5,1.0,0.5,1.0,0.3333333333333333,1,1,0,1,0
B,ALINBUW60CTR5:3:B005SRTDWQ,tail,1,,,0.0,0.0,0.0,0.0,0.0,0.0,0.0,0.0,0.0,0.0,0.0,0.0,0,0,0,1,0
B,AMFMVWHYF2Q6T:13:B0028RC5N8,head,1,,,0.0,0.0,0.0,0.0,0.0,0.0,0.0,0.0,0.0,0.0,0.0,0.0,0,0,0,1,0
B,AMGX9DJU7SUN5:1:B000XSPQ62,tail,1,,,0.0,0.0,0.0,0.0,0.0,0.0,0.0,0.0,0.0,0.0,0.0,0.0,0,0,0,1,0
B,ANWGU39XG6E1E:3:B004EDYQX6,head,1,,,0.0,0.0,0.0,0.0,0.0,0.0,0.0,0.0,0.0,0.0,0.0,0.0,0,0,0,1,0
B,AOD6SI4CEXXYD:3:B008PEXV3Q,head,1,6,6,0.0,0.0,1.0,0.3562071871080222,1.0,0.16666666666666666,0.0,0.0,1.0,0.3562071871080222,1.0,0.16666666666666666,1,1,0,1,0
B,APMYPD97EHUUZ:2:B00GTBZ85Q,head,1,,,0.0,0.0,0.0,0.0,0.0,0.0,0.0,0.0,0.0,0.0,0.0,0.0,0,0,0,1,0
B,AQPI5503POZ6E:2:B00128WK4I,head,1,3,3,1.0,0.5,1.0,0.5,1.0,0.3333333333333333,1.0,0.5,1.0,0.5,1.0,0.3333333333333333,1,1,0,1,0
B,AQRTYN99EMAW4:1:B001BODO2A,head,1,,,0.0,0.0,0.0,0.0,0.0,0.0,0.0,0.0,0.0,0.0,0.0,0.0,0,0,0,1,0
B,AQWDQAWQYDB2S:6:B00GXE29EM,tail,1,43,39,0.0,0.0,0.0,0.0,1.0,0.023255813953488372,0.0,0.0,0.0,0.0,1.0,0.02564102564102564,1,1,0,1,0
B,ARFRKID8WSIIL:15:B00JX979CQ,head,1,1,1,1.0,1.0,1.0,1.0,1.0,1.0,1.0,1.0,1.0,1.0,1.0,1.0,1,1,0,1,0
B,ASP7WZLP5C2MW:6:B00D76IPK6,tail,1,,,0.0,0.0,0.0,0.0,0.0,0.0,0.0,0.0,0.0,0.0,0.0,0.0,0,0,0,1,0
B,ASTCD6ATHMD5T:4:B001L1H8DY,tail,1,,,0.0,0.0,0.0,0.0,0.0,0.0,0.0,0.0,0.0,0.0,0.0,0.0,0,0,0,1,0
B,ASW0Q4I89SDRD:2:B00631JA8S,head,1,,,0.0,0.0,0.0,0.0,0.0,0.0,0.0,0.0,0.0,0.0,0.0,0.0,0,0,0,1,0
B,ATGMQF8WMGRY5:1:B001ET7EE6,tail,1,,,0.0,0.0,0.0,0.0,0.0,0.0,0.0,0.0,0.0,0.0,0.0,0.0,0,0,0,1,0
B,ATJZ2IBUD9NML:4:B0009ET6BQ,tail,1,,,0.0,0.0,0.0,0.0,0.0,0.0,0.0,0.0,0.0,0.0,0.0,0.0,0,0,0,1,0
B,AU5DPZ04JF6J3:1:B00107BB82,head,1,,,0.0,0.0,0.0,0.0,0.0,0.0,0.0,0.0,0.0,0.0,0.0,0.0,0,0,0,1,0
B,AV31W9WC1MWDN:4:B005OZF1S2,head,1,5,7,1.0,0.38685280723454163,1.0,0.38685280723454163,1.0,0.2,0.0,0.0,1.0,0.3333333333333333,1.0,0.14285714285714285,1,1,0,1,0
B,AVHN134ADVP4R:4:B00AILKE6G,head,1,,,0.0,0.0,0.0,0.0,0.0,0.0,0.0,0.0,0.0,0.0,0.0,0.0,0,0,0,1,0
B,AVYV7GG3JUKT3:1:B000NWDSAE,head,1,14,15,0.0,0.0,0.0,0.0,1.0,0.07142857142857142,0.0,0.0,0.0,0.0,1.0,0.06666666666666667,1,1,0,1,0
B,AWFGKB5SCJAO2:10:B00J5D8BY0,head,1,10,10,0.0,0.0,1.0,0.2890648263178879,1.0,0.1,0.0,0.0,1.0,0.2890648263178879,1.0,0.1,1,1,0,1,0
B,AWFGKB5SCJAO2:4:B00HAT8EKW,tail,1,4,5,1.0,0.43067655807339306,1.0,0.43067655807339306,1.0,0.25,1.0,0.38685280723454163,1.0,0.38685280723454163,1.0,0.2,1,1,0,1,0
B,AWFGKB5SCJAO2:7:B00IIB82FS,tail,1,7,8,0.0,0.0,1.0,0.3333333333333333,1.0,0.14285714285714285,0.0,0.0,1.0,0.31546487678572877,1.0,0.125,1,1,0,1,0
B,AWNQ2PULUBHDH:10:B0009ET5JE,head,1,,,0.0,0.0,0.0,0.0,0.0,0.0,0.0,0.0,0.0,0.0,0.0,0.0,0,0,0,1,0
B,AY9HUIJWJ8TT7:3:B001P92FMG,tail,1,1,1,1.0,1.0,1.0,1.0,1.0,1.0,1.0,1.0,1.0,1.0,1.0,1.0,1,1,0,1,0
C,A11ETVT8EYHOW2:4:B004HYLTTG,tail,1,1,1,1.0,1.0,1.0,1.0,1.0,1.0,1.0,1.0,1.0,1.0,1.0,1.0,1,1,0,1,0
C,A11K70GWSB7A5Z:1:B000K7E2G6,head,1,48,40,0.0,0.0,0.0,0.0,1.0,0.020833333333333332,0.0,0.0,0.0,0.0,1.0,0.025,1,1,0,1,0
C,A11K70GWSB7A5Z:3:B007RTR9G0,head,1,4,3,1.0,0.43067655807339306,1.0,0.43067655807339306,1.0,0.25,1.0,0.5,1.0,0.5,1.0,0.3333333333333333,1,1,0,1,0
C,A11KTJR5RL1F6:3:B009RNUH8G,tail,1,33,37,0.0,0.0,0.0,0.0,1.0,0.030303030303030304,0.0,0.0,0.0,0.0,1.0,0.02702702702702703,1,1,0,1,0
C,A12DQZKRKTNF5E:1:B001E6G6RU,head,1,1,1,1.0,1.0,1.0,1.0,1.0,1.0,1.0,1.0,1.0,1.0,1.0,1.0,1,1,0,1,0
C,A12PH6L5QSVTYN:19:B0000536F0,tail,1,,,0.0,0.0,0.0,0.0,0.0,0.0,0.0,0.0,0.0,0.0,0.0,0.0,0,0,0,1,0
C,A130VKD6760TV5:1:B004XNIR1E,tail,1,,,0.0,0.0,0.0,0.0,0.0,0.0,0.0,0.0,0.0,0.0,0.0,0.0,0,0,0,1,0
C,A13IIPSGKZZTFP:4:B000KVH1QU,head,1,6,8,0.0,0.0,1.0,0.3562071871080222,1.0,0.16666666666666666,0.0,0.0,1.0,0.31546487678572877,1.0,0.125,1,1,0,1,0
C,A14CK20ZH4IAFV:2:B0036I8BPE,head,1,,,0.0,0.0,0.0,0.0,0.0,0.0,0.0,0.0,0.0,0.0,0.0,0.0,0,0,0,1,0
C,A1501C38OCSEMA:1:B007A592HU,head,1,1,1,1.0,1.0,1.0,1.0,1.0,1.0,1.0,1.0,1.0,1.0,1.0,1.0,1,1,0,1,0
C,A15EZUQ6Y2HZS3:1:B001FWXMGG,tail,1,,,0.0,0.0,0.0,0.0,0.0,0.0,0.0,0.0,0.0,0.0,0.0,0.0,0,0,0,1,0
C,A173YMJ9XFVRSY:5:B00CBD0M8Y,head,1,1,2,1.0,1.0,1.0,1.0,1.0,1.0,1.0,0.6309297535714575,1.0,0.6309297535714575,1.0,0.5,1,1,0,1,0
C,A18YRSWGVSOVOZ:6:B007B469MG,tail,1,3,3,1.0,0.5,1.0,0.5,1.0,0.3333333333333333,1.0,0.5,1.0,0.5,1.0,0.3333333333333333,1,1,0,1,0
C,A190EAFTGCQNED:8:B00111FL3I,tail,1,,,0.0,0.0,0.0,0.0,0.0,0.0,0.0,0.0,0.0,0.0,0.0,0.0,0,0,0,1,0
C,A19ZYWIWRT7TJF:4:B008JH1CB2,tail,1,,,0.0,0.0,0.0,0.0,0.0,0.0,0.0,0.0,0.0,0.0,0.0,0.0,0,0,0,1,0
C,A19ZYWIWRT7TJF:6:B000142C1A,head,1,4,3,1.0,0.43067655807339306,1.0,0.43067655807339306,1.0,0.25,1.0,0.5,1.0,0.5,1.0,0.3333333333333333,1,1,0,1,0
C,A1AKHFY83NEUI:4:B005C5FP9Y,head,1,6,5,0.0,0.0,1.0,0.3562071871080222,1.0,0.16666666666666666,1.0,0.38685280723454163,1.0,0.38685280723454163,1.0,0.2,1,1,0,1,0
C,A1AQUTO5MZ12JV:1:B0009RFB76,head,1,,,0.0,0.0,0.0,0.0,0.0,0.0,0.0,0.0,0.0,0.0,0.0,0.0,0,0,0,1,0
C,A1C5NOACEJG24R:3:B001UQM73G,tail,1,,,0.0,0.0,0.0,0.0,0.0,0.0,0.0,0.0,0.0,0.0,0.0,0.0,0,0,0,1,0
C,A1CLZXR0B7YHA0:2:B000SASZ9K,tail,1,9,9,0.0,0.0,1.0,0.3010299956639812,1.0,0.1111111111111111,0.0,0.0,1.0,0.3010299956639812,1.0,0.1111111111111111,1,1,0,1,0
C,A1EAX5HVYV96EF:40:B001G7POOI,tail,1,3,1,1.0,0.5,1.0,0.5,1.0,0.3333333333333333,1.0,1.0,1.0,1.0,1.0,1.0,1,1,0,1,0
C,A1EH7MY1LOTYDZ:3:B00188IFHS,head,1,,42,0.0,0.0,0.0,0.0,0.0,0.0,0.0,0.0,0.0,0.0,1.0,0.023809523809523808,0,1,0,1,0
C,A1EVGDOTGFZOSS:3:B00AUFS8I6,tail,1,,,0.0,0.0,0.0,0.0,0.0,0.0,0.0,0.0,0.0,0.0,0.0,0.0,0,0,0,1,0
C,A1FWFCJU2G7TRA:23:B00AE07GX0,head,1,3,3,1.0,0.5,1.0,0.5,1.0,0.3333333333333333,1.0,0.5,1.0,0.5,1.0,0.3333333333333333,1,1,0,1,0
C,A1FWFCJU2G7TRA:2:B001KYO2M2,head,1,,,0.0,0.0,0.0,0.0,0.0,0.0,0.0,0.0,0.0,0.0,0.0,0.0,0,0,0,1,0
C,A1G2T9YSX9OORD:1:B000NBBN1G,tail,1,,,0.0,0.0,0.0,0.0,0.0,0.0,0.0,0.0,0.0,0.0,0.0,0.0,0,0,0,1,0
C,A1HG9O4VJVGXPZ:11:B0002L2JLU,tail,1,4,3,1.0,0.43067655807339306,1.0,0.43067655807339306,1.0,0.25,1.0,0.5,1.0,0.5,1.0,0.3333333333333333,1,1,0,1,0
C,A1HG9O4VJVGXPZ:5:B000L1AY3G,tail,1,,,0.0,0.0,0.0,0.0,0.0,0.0,0.0,0.0,0.0,0.0,0.0,0.0,0,0,0,1,0
C,A1HP0N7ZFE2FUF:3:B003VGMLSO,tail,1,,,0.0,0.0,0.0,0.0,0.0,0.0,0.0,0.0,0.0,0.0,0.0,0.0,0,0,0,1,0
C,A1II2ZRPKZAQQD:9:B00AO4EBOI,head,1,,,0.0,0.0,0.0,0.0,0.0,0.0,0.0,0.0,0.0,0.0,0.0,0.0,0,0,0,1,0
C,A1ILWPH1GHUXE2:1:B0020122ZS,head,1,15,16,0.0,0.0,0.0,0.0,1.0,0.06666666666666667,0.0,0.0,0.0,0.0,1.0,0.0625,1,1,0,1,0
C,A1K8Z5ANJIO449:2:B00006IV30,head,1,,,0.0,0.0,0.0,0.0,0.0,0.0,0.0,0.0,0.0,0.0,0.0,0.0,0,0,0,1,0
C,A1KZ4VRBIN9KCT:5:B00466RIH2,tail,1,,,0.0,0.0,0.0,0.0,0.0,0.0,0.0,0.0,0.0,0.0,0.0,0.0,0,0,0,1,0
C,A1L9ZTGO75717E:3:B006OMHTMK,tail,1,26,31,0.0,0.0,0.0,0.0,1.0,0.038461538461538464,0.0,0.0,0.0,0.0,1.0,0.03225806451612903,1,1,0,1,0
C,A1MULRLRNZDOFK:2:B001LZFUX0,tail,1,3,2,1.0,0.5,1.0,0.5,1.0,0.3333333333333333,1.0,0.6309297535714575,1.0,0.6309297535714575,1.0,0.5,1,1,0,1,0
C,A1N8VZP6JAAMA4:5:B000O1NJZ8,tail,1,,,0.0,0.0,0.0,0.0,0.0,0.0,0.0,0.0,0.0,0.0,0.0,0.0,0,0,0,1,0
C,A1OD07ORS8TCC1:3:B0000536P3,head,1,,,0.0,0.0,0.0,0.0,0.0,0.0,0.0,0.0,0.0,0.0,0.0,0.0,0,0,0,1,0
C,A1OTUKJ8298TY5:1:B004KATCFK,head,1,,,0.0,0.0,0.0,0.0,0.0,0.0,0.0,0.0,0.0,0.0,0.0,0.0,0,0,0,1,0
C,A1P440A4H9585R:2:B000YC718S,tail,1,8,7,0.0,0.0,1.0,0.31546487678572877,1.0,0.125,0.0,0.0,1.0,0.3333333333333333,1.0,0.14285714285714285,1,1,0,1,0
C,A1QS0JG4J81E1P:1:B003YCCLIA,head,1,,,0.0,0.0,0.0,0.0,0.0,0.0,0.0,0.0,0.0,0.0,0.0,0.0,0,0,0,1,0
C,A1S2HCN6WF93MF:4:B0057JCYYE,head,1,,,0.0,0.0,0.0,0.0,0.0,0.0,0.0,0.0,0.0,0.0,0.0,0.0,0,0,0,1,0
C,A1TXKHR1AXOCYF:2:B000W3WP1W,tail,1,,,0.0,0.0,0.0,0.0,0.0,0.0,0.0,0.0,0.0,0.0,0.0,0.0,0,0,0,1,0
C,A1U2HFSCT74J1R:3:B000RGZK02,head,1,34,46,0.0,0.0,0.0,0.0,1.0,0.029411764705882353,0.0,0.0,0.0,0.0,1.0,0.021739130434782608,1,1,0,1,0
C,A1VNFH9JQENIJ0:2:B002HHPTBO,tail,1,,,0.0,0.0,0.0,0.0,0.0,0.0,0.0,0.0,0.0,0.0,0.0,0.0,0,0,0,1,0
C,A1WKQ94M45D8MG:25:B00A0J084Y,head,1,1,1,1.0,1.0,1.0,1.0,1.0,1.0,1.0,1.0,1.0,1.0,1.0,1.0,1,1,0,1,0
C,A1WOGVKRFRNVOZ:4:B000GG1944,head,1,,,0.0,0.0,0.0,0.0,0.0,0.0,0.0,0.0,0.0,0.0,0.0,0.0,0,0,0,1,0
C,A1WSQ0QRWQC7VI:15:B0020122ZS,head,1,48,47,0.0,0.0,0.0,0.0,1.0,0.020833333333333332,0.0,0.0,0.0,0.0,1.0,0.02127659574468085,1,1,0,1,0
C,A1XLECOS11FFBF:2:B001G7PWD6,tail,1,,,0.0,0.0,0.0,0.0,0.0,0.0,0.0,0.0,0.0,0.0,0.0,0.0,0,0,0,1,0
C,A1XLECOS11FFBF:3:B001MCBWQ6,tail,1,1,1,1.0,1.0,1.0,1.0,1.0,1.0,1.0,1.0,1.0,1.0,1.0,1.0,1,1,0,1,0
C,A1XW5MPEN3P6EG:2:B001PKXTWA,tail,1,7,10,0.0,0.0,1.0,0.3333333333333333,1.0,0.14285714285714285,0.0,0.0,1.0,0.2890648263178879,1.0,0.1,1,1,0,1,0
C,A1Y7JDCPP2ZOPA:1:B0013IT86U,tail,1,,,0.0,0.0,0.0,0.0,0.0,0.0,0.0,0.0,0.0,0.0,0.0,0.0,0,0,0,1,0
C,A1YB7U6KLFXZAZ:6:B008CC4FI6,tail,1,,,0.0,0.0,0.0,0.0,0.0,0.0,0.0,0.0,0.0,0.0,0.0,0.0,0,0,0,1,0
C,A1YEMA3KHCVSEZ:5:B00787QT6W,head,1,7,7,0.0,0.0,1.0,0.3333333333333333,1.0,0.14285714285714285,0.0,0.0,1.0,0.3333333333333333,1.0,0.14285714285714285,1,1,0,1,0
C,A1YEMA3KHCVSEZ:6:B002QI1E9K,head,1,21,21,0.0,0.0,0.0,0.0,1.0,0.047619047619047616,0.0,0.0,0.0,0.0,1.0,0.047619047619047616,1,1,0,1,0
C,A1YEMA3KHCVSEZ:9:B00154P3QQ,tail,1,,,0.0,0.0,0.0,0.0,0.0,0.0,0.0,0.0,0.0,0.0,0.0,0.0,0,0,0,1,0
C,A1YHCGT82C1B61:2:B00KAL5JAU,head,1,10,6,0.0,0.0,1.0,0.2890648263178879,1.0,0.1,0.0,0.0,1.0,0.3562071871080222,1.0,0.16666666666666666,1,1,0,1,0
C,A1YVO5V1SO18DZ:3:B00AWLB9G6,head,1,,,0.0,0.0,0.0,0.0,0.0,0.0,0.0,0.0,0.0,0.0,0.0,0.0,0,0,0,1,0
C,A1ZRD3WNHP8O3T:17:B009GEUOXO,tail,1,,,0.0,0.0,0.0,0.0,0.0,0.0,0.0,0.0,0.0,0.0,0.0,0.0,0,0,0,1,0
C,A1ZRD3WNHP8O3T:22:B001QOP2KM,tail,1,1,1,1.0,1.0,1.0,1.0,1.0,1.0,1.0,1.0,1.0,1.0,1.0,1.0,1,1,0,1,0
C,A1ZRD3WNHP8O3T:6:B001E5ECV8,tail,1,,,0.0,0.0,0.0,0.0,0.0,0.0,0.0,0.0,0.0,0.0,0.0,0.0,0,0,0,1,0
C,A20A9P8EJ5BREG:8:B00AHF1GTM,head,1,5,1,1.0,0.38685280723454163,1.0,0.38685280723454163,1.0,0.2,1.0,1.0,1.0,1.0,1.0,1.0,1,1,0,1,0
C,A20VAHDMLHVWG1:16:B0092SVTGA,head,1,,39,0.0,0.0,0.0,0.0,0.0,0.0,0.0,0.0,0.0,0.0,1.0,0.02564102564102564,0,1,0,1,0
C,A20VPLFO9SFJNV:1:B000YC718S,tail,1,,,0.0,0.0,0.0,0.0,0.0,0.0,0.0,0.0,0.0,0.0,0.0,0.0,0,0,0,1,0
C,A215ZZFPVG5CX5:2:B0047WWDNO,head,1,,,0.0,0.0,0.0,0.0,0.0,0.0,0.0,0.0,0.0,0.0,0.0,0.0,0,0,0,1,0
C,A21SESEJ8E52B7:16:B00H2B2RLK,head,1,7,7,0.0,0.0,1.0,0.3333333333333333,1.0,0.14285714285714285,0.0,0.0,1.0,0.3333333333333333,1.0,0.14285714285714285,1,1,0,1,0
C,A21WBA2RH72WYC:1:B001HNNSIU,tail,1,,,0.0,0.0,0.0,0.0,0.0,0.0,0.0,0.0,0.0,0.0,0.0,0.0,0,0,0,1,0
C,A22NE96VVS6WXT:1:B005SHR4LS,tail,1,,,0.0,0.0,0.0,0.0,0.0,0.0,0.0,0.0,0.0,0.0,0.0,0.0,0,0,0,1,0
C,A22NETHJ4KTWJP:4:B008RTNSJQ,head,1,3,3,1.0,0.5,1.0,0.5,1.0,0.3333333333333333,1.0,0.5,1.0,0.5,1.0,0.3333333333333333,1,1,0,1,0
C,A22ZWWDP5FBEM6:2:B0073B3BUU,tail,1,,,0.0,0.0,0.0,0.0,0.0,0.0,0.0,0.0,0.0,0.0,0.0,0.0,0,0,0,1,0
C,A23OEXX9JTOJZY:7:B001TP2WCE,tail,1,35,44,0.0,0.0,0.0,0.0,1.0,0.02857142857142857,0.0,0.0,0.0,0.0,1.0,0.022727272727272728,1,1,0,1,0
C,A23QPM613TNZ2T:5:B001OAHF5I,tail,1,,,0.0,0.0,0.0,0.0,0.0,0.0,0.0,0.0,0.0,0.0,0.0,0.0,0,0,0,1,0
C,A23ZNGL704AW7O:13:B00AE07FXQ,head,1,,,0.0,0.0,0.0,0.0,0.0,0.0,0.0,0.0,0.0,0.0,0.0,0.0,0,0,0,1,0
C,A23ZNGL704AW7O:9:B002OSWW3O,tail,1,,,0.0,0.0,0.0,0.0,0.0,0.0,0.0,0.0,0.0,0.0,0.0,0.0,0,0,0,1,0
C,A24VASNAOK0TY:4:B000HEIRRM,head,1,,,0.0,0.0,0.0,0.0,0.0,0.0,0.0,0.0,0.0,0.0,0.0,0.0,0,0,0,1,0
C,A265TY8TEJ5N8G:2:B0061YRVMO,head,1,,,0.0,0.0,0.0,0.0,0.0,0.0,0.0,0.0,0.0,0.0,0.0,0.0,0,0,0,1,0
C,A271YL4ZLLQ3IQ:1:B000W0YAOA,head,1,31,25,0.0,0.0,0.0,0.0,1.0,0.03225806451612903,0.0,0.0,0.0,0.0,1.0,0.04,1,1,0,1,0
C,A27X7XXOKMK879:14:B00106AC06,head,1,11,14,0.0,0.0,0.0,0.0,1.0,0.09090909090909091,0.0,0.0,0.0,0.0,1.0,0.07142857142857142,1,1,0,1,0
C,A28FIQZ46WLUI2:3:B00015GWQU,tail,1,,,0.0,0.0,0.0,0.0,0.0,0.0,0.0,0.0,0.0,0.0,0.0,0.0,0,0,0,1,0
C,A297LJ18W4UHLT:1:B000ZV3V46,tail,1,,,0.0,0.0,0.0,0.0,0.0,0.0,0.0,0.0,0.0,0.0,0.0,0.0,0,0,0,1,0
C,A29J95UBFWESG4:10:B007NNTAXK,tail,1,,,0.0,0.0,0.0,0.0,0.0,0.0,0.0,0.0,0.0,0.0,0.0,0.0,0,0,0,1,0
C,A2AE2G19CD2WMU:6:B0068Y6CA4,head,1,14,24,0.0,0.0,0.0,0.0,1.0,0.07142857142857142,0.0,0.0,0.0,0.0,1.0,0.041666666666666664,1,1,0,1,0
C,A2AIRFEAWEQC91:10:B00120IJSC,head,1,,,0.0,0.0,0.0,0.0,0.0,0.0,0.0,0.0,0.0,0.0,0.0,0.0,0,0,0,1,0
C,A2BCIJYRIKKQNX:1:B0069FDR96,head,1,1,1,1.0,1.0,1.0,1.0,1.0,1.0,1.0,1.0,1.0,1.0,1.0,1.0,1,1,0,1,0
C,A2BEXL96GIJ5S1:3:B0018SAJAY,head,1,,,0.0,0.0,0.0,0.0,0.0,0.0,0.0,0.0,0.0,0.0,0.0,0.0,0,0,0,1,0
C,A2BU57PMJ11MQF:3:B004X1QY20,head,1,3,2,1.0,0.5,1.0,0.5,1.0,0.3333333333333333,1.0,0.6309297535714575,1.0,0.6309297535714575,1.0,0.5,1,1,0,1,0
C,A2E1EFNIZL2FVA:16:B00GLS58OS,head,1,1,1,1.0,1.0,1.0,1.0,1.0,1.0,1.0,1.0,1.0,1.0,1.0,1.0,1,1,0,1,0
C,A2EBR70V6P9W0N:2:B0006ZEVU4,tail,1,,,0.0,0.0,0.0,0.0,0.0,0.0,0.0,0.0,0.0,0.0,0.0,0.0,0,0,0,1,0
C,A2EBR70V6P9W0N:34:B001410OG4,head,1,,,0.0,0.0,0.0,0.0,0.0,0.0,0.0,0.0,0.0,0.0,0.0,0.0,0,0,0,1,0
C,A2F866KJ962NCM:3:B00385WMJ6,tail,1,,,0.0,0.0,0.0,0.0,0.0,0.0,0.0,0.0,0.0,0.0,0.0,0.0,0,0,0,1,0
C,A2FQ1Q3V31QLQB:1:B002CMLJU4,tail,1,6,5,0.0,0.0,1.0,0.3562071871080222,1.0,0.16666666666666666,1.0,0.38685280723454163,1.0,0.38685280723454163,1.0,0.2,1,1,0,1,0
C,A2G9UDL72YUTT8:4:B0060HOMHY,head,1,33,29,0.0,0.0,0.0,0.0,1.0,0.030303030303030304,0.0,0.0,0.0,0.0,1.0,0.034482758620689655,1,1,0,1,0
C,A2GF66IP0TAJJB:1:B003FBI9LS,head,1,,,0.0,0.0,0.0,0.0,0.0,0.0,0.0,0.0,0.0,0.0,0.0,0.0,0,0,0,1,0
C,A2H0O8QY5WZ1ZA:3:B002B9DWBC,head,1,13,10,0.0,0.0,0.0,0.0,1.0,0.07692307692307693,0.0,0.0,1.0,0.2890648263178879,1.0,0.1,1,1,0,1,0
C,A2HTPS0JV3Q8ZD:7:B00AE07EGO,head,1,4,5,1.0,0.43067655807339306,1.0,0.43067655807339306,1.0,0.25,1.0,0.38685280723454163,1.0,0.38685280723454163,1.0,0.2,1,1,0,1,0
C,A2J8SOVXJU5G1Q:1:B007WR91L8,tail,1,3,3,1.0,0.5,1.0,0.5,1.0,0.3333333333333333,1.0,0.5,1.0,0.5,1.0,0.3333333333333333,1,1,0,1,0
C,A2JJDROOLVYHXG:2:B0081E6YX4,tail,1,,,0.0,0.0,0.0,0.0,0.0,0.0,0.0,0.0,0.0,0.0,0.0,0.0,0,0,0,1,0
C,A2K7C1Y5SMPY6W:3:B001IB0NOS,tail,1,8,7,0.0,0.0,1.0,0.31546487678572877,1.0,0.125,0.0,0.0,1.0,0.3333333333333333,1.0,0.14285714285714285,1,1,0,1,0
C,A2LOP5Z8HOS25L:2:B000QB77NQ,tail,1,3,3,1.0,0.5,1.0,0.5,1.0,0.3333333333333333,1.0,0.5,1.0,0.5,1.0,0.3333333333333333,1,1,0,1,0
C,A2MTPVW8JI634V:14:B00C8YCFU4,head,1,1,4,1.0,1.0,1.0,1.0,1.0,1.0,1.0,0.43067655807339306,1.0,0.43067655807339306,1.0,0.25,1,1,0,1,0
C,A2MTPVW8JI634V:3:B00IDWP4IA,head,1,24,23,0.0,0.0,0.0,0.0,1.0,0.041666666666666664,0.0,0.0,0.0,0.0,1.0,0.043478260869565216,1,1,0,1,0
C,A2N7MS3Z6F8KT6:1:B006DR2BO2,tail,1,,,0.0,0.0,0.0,0.0,0.0,0.0,0.0,0.0,0.0,0.0,0.0,0.0,0,0,0,1,0
C,A2NIPVK9QZF14B:5:B005OU2Y1E,tail,1,1,1,1.0,1.0,1.0,1.0,1.0,1.0,1.0,1.0,1.0,1.0,1.0,1.0,1,1,0,1,0
C,A2NKQ4Y5TPSU0J:4:B002ERZIPY,tail,1,1,1,1.0,1.0,1.0,1.0,1.0,1.0,1.0,1.0,1.0,1.0,1.0,1.0,1,1,0,1,0
C,A2QK3M98622I8P:6:B004J6WCBQ,head,1,9,9,0.0,0.0,1.0,0.3010299956639812,1.0,0.1111111111111111,0.0,0.0,1.0,0.3010299956639812,1.0,0.1111111111111111,1,1,0,1,0
C,A2RGE6WNAYPSD5:1:B004TSFE28,head,1,1,1,1.0,1.0,1.0,1.0,1.0,1.0,1.0,1.0,1.0,1.0,1.0,1.0,1,1,0,1,0
C,A2RNQ6GZV5IZY4:2:B005LZT9FG,tail,0,1,1,1.0,1.0,1.0,1.0,1.0,1.0,1.0,1.0,1.0,1.0,1.0,1.0,1,1,0,1,0
C,A2S6QCNNN8AK91:7:B009GEUOXO,tail,1,,,0.0,0.0,0.0,0.0,0.0,0.0,0.0,0.0,0.0,0.0,0.0,0.0,0,0,0,1,0
C,A2S7YBFPZX1IGQ:13:B000CSDDDG,head,1,11,5,0.0,0.0,0.0,0.0,1.0,0.09090909090909091,1.0,0.38685280723454163,1.0,0.38685280723454163,1.0,0.2,1,1,0,1,0
C,A2S7YBFPZX1IGQ:21:B005OZW3ZG,head,1,,,0.0,0.0,0.0,0.0,0.0,0.0,0.0,0.0,0.0,0.0,0.0,0.0,0,0,0,1,0
C,A2S7YBFPZX1IGQ:28:B000UPRSKA,head,1,6,6,0.0,0.0,1.0,0.3562071871080222,1.0,0.16666666666666666,0.0,0.0,1.0,0.3562071871080222,1.0,0.16666666666666666,1,1,0,1,0
C,A2S7YBFPZX1IGQ:48:B000A0ADT8,tail,1,,,0.0,0.0,0.0,0.0,0.0,0.0,0.0,0.0,0.0,0.0,0.0,0.0,0,0,0,1,0
C,A2T146POE1RZTX:1:B000BIXP3U,tail,1,,,0.0,0.0,0.0,0.0,0.0,0.0,0.0,0.0,0.0,0.0,0.0,0.0,0,0,0,1,0
C,A2T3ZZTB6DJF8S:6:B0042L09HC,tail,1,,,0.0,0.0,0.0,0.0,0.0,0.0,0.0,0.0,0.0,0.0,0.0,0.0,0,0,0,1,0
C,A2TGPI8IHZ62KM:12:B00A3C06XG,head,1,15,14,0.0,0.0,0.0,0.0,1.0,0.06666666666666667,0.0,0.0,0.0,0.0,1.0,0.07142857142857142,1,1,0,1,0
C,A2U1C8IA3EQGRK:1:B001TJXI5U,head,1,,,0.0,0.0,0.0,0.0,0.0,0.0,0.0,0.0,0.0,0.0,0.0,0.0,0,0,0,1,0
C,A2UF98HFMVHA9F:10:B000ALBKGW,tail,1,,,0.0,0.0,0.0,0.0,0.0,0.0,0.0,0.0,0.0,0.0,0.0,0.0,0,0,0,1,0
C,A2VDXLMCECB039:2:B001KYRSHI,tail,1,,,0.0,0.0,0.0,0.0,0.0,0.0,0.0,0.0,0.0,0.0,0.0,0.0,0,0,0,1,0
C,A2VLNM3MDQCL32:2:B000F6RFX4,head,1,2,3,1.0,0.6309297535714575,1.0,0.6309297535714575,1.0,0.5,1.0,0.5,1.0,0.5,1.0,0.3333333333333333,1,1,0,1,0
C,A2WFZWRYWLC20S:8:B00AFBSIPI,head,1,,,0.0,0.0,0.0,0.0,0.0,0.0,0.0,0.0,0.0,0.0,0.0,0.0,0,0,0,1,0
C,A2WFZWRYWLC20S:9:B00AE078YM,head,1,21,18,0.0,0.0,0.0,0.0,1.0,0.047619047619047616,0.0,0.0,0.0,0.0,1.0,0.05555555555555555,1,1,0,1,0
C,A2YNK7C1GPAZHE:3:B0061JQY40,head,1,,,0.0,0.0,0.0,0.0,0.0,0.0,0.0,0.0,0.0,0.0,0.0,0.0,0,0,0,1,0
C,A2YP323KXIBPQ9:2:B00021DDR4,tail,1,,,0.0,0.0,0.0,0.0,0.0,0.0,0.0,0.0,0.0,0.0,0.0,0.0,0,0,0,1,0
C,A2ZY49IDE6TY5I:72:B002MO3CG6,head,1,1,1,1.0,1.0,1.0,1.0,1.0,1.0,1.0,1.0,1.0,1.0,1.0,1.0,1,1,0,1,0
C,A3094EPI56GKZ6:16:B0034UBHNM,tail,1,,,0.0,0.0,0.0,0.0,0.0,0.0,0.0,0.0,0.0,0.0,0.0,0.0,0,0,0,1,0
C,A3094EPI56GKZ6:41:B009RNUH7M,head,1,8,6,0.0,0.0,1.0,0.31546487678572877,1.0,0.125,0.0,0.0,1.0,0.3562071871080222,1.0,0.16666666666666666,1,1,0,1,0
C,A30Z0GG96D11EO:5:B000FNCS5M,tail,1,,,0.0,0.0,0.0,0.0,0.0,0.0,0.0,0.0,0.0,0.0,0.0,0.0,0,0,0,1,0
C,A31KY9R4V4Z3P5:2:B0042PEBMM,tail,1,1,1,1.0,1.0,1.0,1.0,1.0,1.0,1.0,1.0,1.0,1.0,1.0,1.0,1,1,0,1,0
C,A31QKASL261XL:2:B004Y9PLB6,tail,1,2,2,1.0,0.6309297535714575,1.0,0.6309297535714575,1.0,0.5,1.0,0.6309297535714575,1.0,0.6309297535714575,1.0,0.5,1,1,0,1,0
C,A32NEHE2C8F0AW:2:B00C0C6CNA,tail,1,,,0.0,0.0,0.0,0.0,0.0,0.0,0.0,0.0,0.0,0.0,0.0,0.0,0,0,0,1,0
C,A32R0HBCV9FCJM:3:B00014WW38,head,1,,,0.0,0.0,0.0,0.0,0.0,0.0,0.0,0.0,0.0,0.0,0.0,0.0,0,0,0,1,0
C,A33IYETJ5C08YM:1:B0062MAAAK,head,1,17,17,0.0,0.0,0.0,0.0,1.0,0.058823529411764705,0.0,0.0,0.0,0.0,1.0,0.058823529411764705,1,1,0,1,0
C,A33WV5UNJFBLTL:2:B001P2O06W,head,1,6,4,0.0,0.0,1.0,0.3562071871080222,1.0,0.16666666666666666,1.0,0.43067655807339306,1.0,0.43067655807339306,1.0,0.25,1,1,0,1,0
C,A34BZBVB8DUA69:2:B004V0SZNO,head,1,,,0.0,0.0,0.0,0.0,0.0,0.0,0.0,0.0,0.0,0.0,0.0,0.0,0,0,0,1,0
C,A34KGD6ZYDDVT0:6:B00CE9LPYA,tail,1,,,0.0,0.0,0.0,0.0,0.0,0.0,0.0,0.0,0.0,0.0,0.0,0.0,0,0,0,1,0
C,A34NLHHIBLIMDI:3:B0030HAF4G,head,1,,,0.0,0.0,0.0,0.0,0.0,0.0,0.0,0.0,0.0,0.0,0.0,0.0,0,0,0,1,0
C,A351XQSM1J6BXK:2:B004LRO7DO,tail,1,,,0.0,0.0,0.0,0.0,0.0,0.0,0.0,0.0,0.0,0.0,0.0,0.0,0,0,0,1,0
C,A35N4FNDV5L3LK:4:B000NE6PCA,tail,1,6,5,0.0,0.0,1.0,0.3562071871080222,1.0,0.16666666666666666,1.0,0.38685280723454163,1.0,0.38685280723454163,1.0,0.2,1,1,0,1,0
C,A366YFWGJ84JAJ:5:B000HRXCRE,head,1,,,0.0,0.0,0.0,0.0,0.0,0.0,0.0,0.0,0.0,0.0,0.0,0.0,0,0,0,1,0
C,A376I1C84R1XZM:1:B008CEDY5O,head,1,,,0.0,0.0,0.0,0.0,0.0,0.0,0.0,0.0,0.0,0.0,0.0,0.0,0,0,0,1,0
C,A37DJTGVUSINC0:2:B00A0IWRT4,head,1,,48,0.0,0.0,0.0,0.0,0.0,0.0,0.0,0.0,0.0,0.0,1.0,0.020833333333333332,0,1,0,1,0
C,A37JYIO1S2DMC3:1:B000ZMBSPE,head,1,21,38,0.0,0.0,0.0,0.0,1.0,0.047619047619047616,0.0,0.0,0.0,0.0,1.0,0.02631578947368421,1,1,0,1,0
C,A37JYIO1S2DMC3:3:B007JLUL1G,tail,1,,,0.0,0.0,0.0,0.0,0.0,0.0,0.0,0.0,0.0,0.0,0.0,0.0,0,0,0,1,0
C,A38CWC6MDL1PK6:5:B000XSBTM2,tail,1,,,0.0,0.0,0.0,0.0,0.0,0.0,0.0,0.0,0.0,0.0,0.0,0.0,0,0,0,1,0
C,A393G014Z2MQMT:2:B000GRB3SA,tail,1,,,0.0,0.0,0.0,0.0,0.0,0.0,0.0,0.0,0.0,0.0,0.0,0.0,0,0,0,1,0
C,A3AFF6XMHMG9TD:10:B00EWDP45C,tail,1,,,0.0,0.0,0.0,0.0,0.0,0.0,0.0,0.0,0.0,0.0,0.0,0.0,0,0,0,1,0
C,A3AK8ZGHM26KTM:1:B002B4EFCC,head,1,,,0.0,0.0,0.0,0.0,0.0,0.0,0.0,0.0,0.0,0.0,0.0,0.0,0,0,0,1,0
C,A3B7J2945PU1P0:5:B009LOJ5MA,head,1,3,3,1.0,0.5,1.0,0.5,1.0,0.3333333333333333,1.0,0.5,1.0,0.5,1.0,0.3333333333333333,1,1,0,1,0
C,A3BMI7VGJT60Y7:1:B000OC3L4Q,tail,1,,,0.0,0.0,0.0,0.0,0.0,0.0,0.0,0.0,0.0,0.0,0.0,0.0,0,0,0,1,0
C,A3BMI7VGJT60Y7:34:B000AAAWAI,tail,1,,,0.0,0.0,0.0,0.0,0.0,0.0,0.0,0.0,0.0,0.0,0.0,0.0,0,0,0,1,0
C,A3BMI7VGJT60Y7:7:B001NIWHCW,tail,1,4,3,1.0,0.43067655807339306,1.0,0.43067655807339306,1.0,0.25,1.0,0.5,1.0,0.5,1.0,0.3333333333333333,1,1,0,1,0
C,A3C6CZC2JP67VK:18:B0063A432W,head,1,2,2,1.0,0.6309297535714575,1.0,0.6309297535714575,1.0,0.5,1.0,0.6309297535714575,1.0,0.6309297535714575,1.0,0.5,1,1,0,1,0
C,A3C6CZC2JP67VK:19:B007JT7AIK,head,1,7,7,0.0,0.0,1.0,0.3333333333333333,1.0,0.14285714285714285,0.0,0.0,1.0,0.3333333333333333,1.0,0.14285714285714285,1,1,0,1,0
C,A3C6CZC2JP67VK:32:B00HNKRWII,head,1,1,1,1.0,1.0,1.0,1.0,1.0,1.0,1.0,1.0,1.0,1.0,1.0,1.0,1,1,0,1,0
C,A3C89WADVMXRNL:6:B005UBN5AQ,head,1,,,0.0,0.0,0.0,0.0,0.0,0.0,0.0,0.0,0.0,0.0,0.0,0.0,0,0,0,1,0
C,A3DISSYWIF3W40:6:B0086LC0H6,tail,1,,,0.0,0.0,0.0,0.0,0.0,0.0,0.0,0.0,0.0,0.0,0.0,0.0,0,0,0,1,0
C,A3DKP8M0GSP8UK:12:B000N773K0,tail,1,17,19,0.0,0.0,0.0,0.0,1.0,0.058823529411764705,0.0,0.0,0.0,0.0,1.0,0.05263157894736842,1,1,0,1,0
C,A3EDB62V8SMP3:1:B0019SWVBI,tail,1,,,0.0,0.0,0.0,0.0,0.0,0.0,0.0,0.0,0.0,0.0,0.0,0.0,0,0,0,1,0
C,A3EF6FNX2G4FD3:2:B00CXDVRU4,tail,1,6,5,0.0,0.0,1.0,0.3562071871080222,1.0,0.16666666666666666,1.0,0.38685280723454163,1.0,0.38685280723454163,1.0,0.2,1,1,0,1,0
C,A3EV788FCRKQYM:3:B0038U4TRO,tail,1,8,6,0.0,0.0,1.0,0.31546487678572877,1.0,0.125,0.0,0.0,1.0,0.3562071871080222,1.0,0.16666666666666666,1,1,0,1,0
C,A3EXWV8FNSSFL6:12:B004MBJKRC,head,1,,,0.0,0.0,0.0,0.0,0.0,0.0,0.0,0.0,0.0,0.0,0.0,0.0,0,0,0,1,0
C,A3EXWV8FNSSFL6:33:B00DSW9D7S,tail,1,3,2,1.0,0.5,1.0,0.5,1.0,0.3333333333333333,1.0,0.6309297535714575,1.0,0.6309297535714575,1.0,0.5,1,1,0,1,0
C,A3F9EEHHEJ0088:1:B00027DDOQ,head,1,34,38,0.0,0.0,0.0,0.0,1.0,0.029411764705882353,0.0,0.0,0.0,0.0,1.0,0.02631578947368421,1,1,0,1,0
C,A3FQSDAMKM98B2:5:B0060A2QXI,tail,1,,,0.0,0.0,0.0,0.0,0.0,0.0,0.0,0.0,0.0,0.0,0.0,0.0,0,0,0,1,0
C,A3G007LQX6KGOD:11:B001T8MN16,head,1,1,1,1.0,1.0,1.0,1.0,1.0,1.0,1.0,1.0,1.0,1.0,1.0,1.0,1,1,0,1,0
C,A3G1XSJ5RD0PIA:2:B004Z40048,head,1,2,2,1.0,0.6309297535714575,1.0,0.6309297535714575,1.0,0.5,1.0,0.6309297535714575,1.0,0.6309297535714575,1.0,0.5,1,1,0,1,0
C,A3GAQQZKTZIGEX:5:B001CJJ5NQ,tail,1,1,1,1.0,1.0,1.0,1.0,1.0,1.0,1.0,1.0,1.0,1.0,1.0,1.0,1,1,0,1,0
C,A3GDEXMU9587JX:5:B000C230QM,tail,1,,,0.0,0.0,0.0,0.0,0.0,0.0,0.0,0.0,0.0,0.0,0.0,0.0,0,0,0,1,0
C,A3GDEXMU9587JX:9:B00EATZYFI,tail,1,2,2,1.0,0.6309297535714575,1.0,0.6309297535714575,1.0,0.5,1.0,0.6309297535714575,1.0,0.6309297535714575,1.0,0.5,1,1,0,1,0
C,A3GVD3O9QG6I0V:22:B00GTC1JVM,head,1,7,10,0.0,0.0,1.0,0.3333333333333333,1.0,0.14285714285714285,0.0,0.0,1.0,0.2890648263178879,1.0,0.1,1,1,0,1,0
C,A3H2UW6OLVEWXA:5:B006T8BWUE,tail,1,,,0.0,0.0,0.0,0.0,0.0,0.0,0.0,0.0,0.0,0.0,0.0,0.0,0,0,0,1,0
C,A3H62VYLEK8X1V:14:B000ALFROS,tail,1,,,0.0,0.0,0.0,0.0,0.0,0.0,0.0,0.0,0.0,0.0,0.0,0.0,0,0,0,1,0
C,A3H62VYLEK8X1V:6:B00021DDR4,tail,1,,,0.0,0.0,0.0,0.0,0.0,0.0,0.0,0.0,0.0,0.0,0.0,0.0,0,0,0,1,0
C,A3HIDCZOYWOYW9:7:B00871KNHO,head,1,32,38,0.0,0.0,0.0,0.0,1.0,0.03125,0.0,0.0,0.0,0.0,1.0,0.02631578947368421,1,1,0,1,0
C,A3ID661BSD9PGZ:5:B002PBCABY,head,1,29,31,0.0,0.0,0.0,0.0,1.0,0.034482758620689655,0.0,0.0,0.0,0.0,1.0,0.03225806451612903,1,1,0,1,0
C,A3JS331R4TEBB8:10:B002T5OM1M,tail,1,1,2,1.0,1.0,1.0,1.0,1.0,1.0,1.0,0.6309297535714575,1.0,0.6309297535714575,1.0,0.5,1,1,0,1,0
C,A3KUPKI0NR77S2:5:B004UVRYQS,head,1,,,0.0,0.0,0.0,0.0,0.0,0.0,0.0,0.0,0.0,0.0,0.0,0.0,0,0,0,1,0
C,A3LHIRT4SR3F9T:8:B000GCKCDW,head,1,,,0.0,0.0,0.0,0.0,0.0,0.0,0.0,0.0,0.0,0.0,0.0,0.0,0,0,0,1,0
C,A3LMILRM9OC3SA:13:B002ZNJU7Y,head,1,,,0.0,0.0,0.0,0.0,0.0,0.0,0.0,0.0,0.0,0.0,0.0,0.0,0,0,0,1,0
C,A3LMILRM9OC3SA:8:B003OBE530,tail,1,1,1,1.0,1.0,1.0,1.0,1.0,1.0,1.0,1.0,1.0,1.0,1.0,1.0,1,1,0,1,0
C,A3LXS88UEQZKCP:5:B002JL1Y6C,head,1,8,8,0.0,0.0,1.0,0.31546487678572877,1.0,0.125,0.0,0.0,1.0,0.31546487678572877,1.0,0.125,1,1,0,1,0
C,A3M7R4PD0FEPUB:10:B009YSYNIY,tail,1,,,0.0,0.0,0.0,0.0,0.0,0.0,0.0,0.0,0.0,0.0,0.0,0.0,0,0,0,1,0
C,A3MNHS1HHTAP7O:21:B00BAZ7Y6M,tail,1,14,15,0.0,0.0,0.0,0.0,1.0,0.07142857142857142,0.0,0.0,0.0,0.0,1.0,0.06666666666666667,1,1,0,1,0
C,A3MNHS1HHTAP7O:22:B00KHGIK54,head,1,1,1,1.0,1.0,1.0,1.0,1.0,1.0,1.0,1.0,1.0,1.0,1.0,1.0,1,1,0,1,0
C,A3MNHS1HHTAP7O:28:B00IALDHDI,tail,1,20,21,0.0,0.0,0.0,0.0,1.0,0.05,0.0,0.0,0.0,0.0,1.0,0.047619047619047616,1,1,0,1,0
C,A3N5Z9AKY4QR3V:2:B009YSTOE2,tail,1,1,1,1.0,1.0,1.0,1.0,1.0,1.0,1.0,1.0,1.0,1.0,1.0,1.0,1,1,0,1,0
C,A3N6JG64P2G9EV:8:B005CQM6RC,tail,1,,,0.0,0.0,0.0,0.0,0.0,0.0,0.0,0.0,0.0,0.0,0.0,0.0,0,0,0,1,0
C,A3O5PCUAXYP2DQ:4:B00164FVH6,tail,1,,,0.0,0.0,0.0,0.0,0.0,0.0,0.0,0.0,0.0,0.0,0.0,0.0,0,0,0,1,0
C,A3P84TZX9X1B3X:3:B001E96L9K,tail,1,,,0.0,0.0,0.0,0.0,0.0,0.0,0.0,0.0,0.0,0.0,0.0,0.0,0,0,0,1,0
C,A3PI8OSXZ82Y6X:1:B00CBK017Y,tail,1,1,1,1.0,1.0,1.0,1.0,1.0,1.0,1.0,1.0,1.0,1.0,1.0,1.0,1,1,0,1,0
C,A3PI8OSXZ82Y6X:4:B007D1VGSY,tail,1,1,1,1.0,1.0,1.0,1.0,1.0,1.0,1.0,1.0,1.0,1.0,1.0,1.0,1,1,0,1,0
C,A3Q1J68QY1MZQ9:11:B00G7U29KQ,head,1,16,12,0.0,0.0,0.0,0.0,1.0,0.0625,0.0,0.0,0.0,0.0,1.0,0.08333333333333333,1,1,0,1,0
C,A3QNJZ3BICKW2O:3:B0050NWCQ2,tail,1,,,0.0,0.0,0.0,0.0,0.0,0.0,0.0,0.0,0.0,0.0,0.0,0.0,0,0,0,1,0
C,A3S3KFARXX1MKW:1:B00008J2XQ,head,1,21,9,0.0,0.0,0.0,0.0,1.0,0.047619047619047616,0.0,0.0,1.0,0.3010299956639812,1.0,0.1111111111111111,1,1,0,1,0
C,A3S5NM7I4LMHZ9:1:B005I0JWU6,tail,1,,,0.0,0.0,0.0,0.0,0.0,0.0,0.0,0.0,0.0,0.0,0.0,0.0,0,0,0,1,0
C,A3SE4NU7AGO47Q:6:B0012K1R3G,head,1,9,9,0.0,0.0,1.0,0.3010299956639812,1.0,0.1111111111111111,0.0,0.0,1.0,0.3010299956639812,1.0,0.1111111111111111,1,1,0,1,0
C,A3SSVI14J5S3UJ:4:B000WBO3W8,tail,1,,,0.0,0.0,0.0,0.0,0.0,0.0,0.0,0.0,0.0,0.0,0.0,0.0,0,0,0,1,0
C,A3T65F1NI9FVLC:4:B0045WBFAI,tail,1,,,0.0,0.0,0.0,0.0,0.0,0.0,0.0,0.0,0.0,0.0,0.0,0.0,0,0,0,1,0
C,A3T7MN2WPZ3M1O:3:B00264NW7G,head,1,,,0.0,0.0,0.0,0.0,0.0,0.0,0.0,0.0,0.0,0.0,0.0,0.0,0,0,0,1,0
C,A3TBTDQOTYXQ6W:1:B000ZMBSPE,head,1,1,2,1.0,1.0,1.0,1.0,1.0,1.0,1.0,0.6309297535714575,1.0,0.6309297535714575,1.0,0.5,1,1,0,1,0
C,A3TT3OIPXK7Q7X:2:B002TPQPEE,head,1,5,6,1.0,0.38685280723454163,1.0,0.38685280723454163,1.0,0.2,0.0,0.0,1.0,0.3562071871080222,1.0,0.16666666666666666,1,1,0,1,0
C,A3UL9L5O3EQ4ML:2:B0013ND45G,tail,1,1,1,1.0,1.0,1.0,1.0,1.0,1.0,1.0,1.0,1.0,1.0,1.0,1.0,1,1,0,1,0
C,A3VTMZYLG38AJU:1:B0000531WZ,head,1,,,0.0,0.0,0.0,0.0,0.0,0.0,0.0,0.0,0.0,0.0,0.0,0.0,0,0,0,1,0
C,A4EWK1BCKU4OC:5:B005MZ4A7C,tail,1,,,0.0,0.0,0.0,0.0,0.0,0.0,0.0,0.0,0.0,0.0,0.0,0.0,0,0,0,1,0
C,A6B5LMF6CWT27:1:B001Q8560Y,head,1,30,32,0.0,0.0,0.0,0.0,1.0,0.03333333333333333,0.0,0.0,0.0,0.0,1.0,0.03125,1,1,0,1,0
C,A6VPK7X53QNAQ:16:B00FXXTEVA,tail,1,,,0.0,0.0,0.0,0.0,0.0,0.0,0.0,0.0,0.0,0.0,0.0,0.0,0,0,0,1,0
C,A7RH73YPZU94Z:2:B003B6S36S,tail,1,,,0.0,0.0,0.0,0.0,0.0,0.0,0.0,0.0,0.0,0.0,0.0,0.0,0,0,0,1,0
C,A7RH73YPZU94Z:3:B004JRU4YW,tail,1,,,0.0,0.0,0.0,0.0,0.0,0.0,0.0,0.0,0.0,0.0,0.0,0.0,0,0,0,1,0
C,A81XIM8XFKWX5:3:B003V21WO2,head,1,1,1,1.0,1.0,1.0,1.0,1.0,1.0,1.0,1.0,1.0,1.0,1.0,1.0,1,1,0,1,0
C,AB0Y33G717HOU:3:B0073P01RC,head,1,3,2,1.0,0.5,1.0,0.5,1.0,0.3333333333333333,1.0,0.6309297535714575,1.0,0.6309297535714575,1.0,0.5,1,1,0,1,0
C,ABILF9646A13T:1:B00005NAOD,head,1,22,37,0.0,0.0,0.0,0.0,1.0,0.045454545454545456,0.0,0.0,0.0,0.0,1.0,0.02702702702702703,1,1,0,1,0
C,ABOTQXNUBA1MM:10:B00FF5B31U,head,1,42,32,0.0,0.0,0.0,0.0,1.0,0.023809523809523808,0.0,0.0,0.0,0.0,1.0,0.03125,1,1,0,1,0
C,ABOTQXNUBA1MM:9:B003JTF3VK,head,1,12,9,0.0,0.0,0.0,0.0,1.0,0.08333333333333333,0.0,0.0,1.0,0.3010299956639812,1.0,0.1111111111111111,1,1,0,1,0
C,ACQ3M8CEMHRRI:1:B0000531SW,head,1,,,0.0,0.0,0.0,0.0,0.0,0.0,0.0,0.0,0.0,0.0,0.0,0.0,0,0,0,1,0
C,ACYMT1PL5FO9C:10:B00ATY942M,head,1,,,0.0,0.0,0.0,0.0,0.0,0.0,0.0,0.0,0.0,0.0,0.0,0.0,0,0,0,1,0
C,ADE5RB84FF9JP:1:B0043TURKC,head,1,,,0.0,0.0,0.0,0.0,0.0,0.0,0.0,0.0,0.0,0.0,0.0,0.0,0,0,0,1,0
C,ADLKEYA320P5G:1:B000629ZHG,head,1,3,2,1.0,0.5,1.0,0.5,1.0,0.3333333333333333,1.0,0.6309297535714575,1.0,0.6309297535714575,1.0,0.5,1,1,0,1,0
C,ADW9M86DQAPXT:2:B001SXPSD2,tail,1,1,1,1.0,1.0,1.0,1.0,1.0,1.0,1.0,1.0,1.0,1.0,1.0,1.0,1,1,0,1,0
C,AE24ZJRHI2DU8:6:B003UI4WZS,tail,1,1,1,1.0,1.0,1.0,1.0,1.0,1.0,1.0,1.0,1.0,1.0,1.0,1.0,1,1,0,1,0
C,AEM73438F7E2Z:2:B000KBHG88,tail,1,,,0.0,0.0,0.0,0.0,0.0,0.0,0.0,0.0,0.0,0.0,0.0,0.0,0,0,0,1,0
C,AEV1APSPG9DDQ:1:B006QFCDDK,tail,1,1,1,1.0,1.0,1.0,1.0,1.0,1.0,1.0,1.0,1.0,1.0,1.0,1.0,1,1,0,1,0
C,AGEKVD8JPZQMT:18:B000YZJMHS,head,1,1,1,1.0,1.0,1.0,1.0,1.0,1.0,1.0,1.0,1.0,1.0,1.0,1.0,1,1,0,1,0
C,AGKAEFSFYWBDF:27:B008X5C8BI,tail,1,6,7,0.0,0.0,1.0,0.3562071871080222,1.0,0.16666666666666666,0.0,0.0,1.0,0.3333333333333333,1.0,0.14285714285714285,1,1,0,1,0
C,AGKAEFSFYWBDF:6:B0045W2UXO,tail,1,12,11,0.0,0.0,0.0,0.0,1.0,0.08333333333333333,0.0,0.0,0.0,0.0,1.0,0.09090909090909091,1,1,0,1,0
C,AGKAEFSFYWBDF:8:B005BF1M10,head,1,2,2,1.0,0.6309297535714575,1.0,0.6309297535714575,1.0,0.5,1.0,0.6309297535714575,1.0,0.6309297535714575,1.0,0.5,1,1,0,1,0
C,AGMONAK82UL7R:9:B004Z2NPK6,tail,1,,,0.0,0.0,0.0,0.0,0.0,0.0,0.0,0.0,0.0,0.0,0.0,0.0,0,0,0,1,0
C,AH7SS70GX0RC0:2:B004Y9M4DE,head,1,,,0.0,0.0,0.0,0.0,0.0,0.0,0.0,0.0,0.0,0.0,0.0,0.0,0,0,0,1,0
C,AHDUYK2PD0R9U:3:B000P9B3NY,tail,1,,,0.0,0.0,0.0,0.0,0.0,0.0,0.0,0.0,0.0,0.0,0.0,0.0,0,0,0,1,0
C,AHYO4HZWUQ40I:3:B005FYJB92,head,1,6,8,0.0,0.0,1.0,0.3562071871080222,1.0,0.16666666666666666,0.0,0.0,1.0,0.31546487678572877,1.0,0.125,1,1,0,1,0
C,AIY87XJ0QFAMW:1:B003VMFITM,head,1,5,7,1.0,0.38685280723454163,1.0,0.38685280723454163,1.0,0.2,0.0,0.0,1.0,0.3333333333333333,1.0,0.14285714285714285,1,1,0,1,0
C,AJIJQ9DRVUV2:1:B008Q024GO,tail,1,1,1,1.0,1.0,1.0,1.0,1.0,1.0,1.0,1.0,1.0,1.0,1.0,1.0,1,1,0,1,0
C,AJRNC98E2ADGL:3:B00069FJUG,tail,1,,,0.0,0.0,0.0,0.0,0.0,0.0,0.0,0.0,0.0,0.0,0.0,0.0,0,0,0,1,0
C,AKZKKYT3VWEM4:3:B000VEN3RW,head,1,2,1,1.0,0.6309297535714575,1.0,0.6309297535714575,1.0,0.5,1.0,1.0,1.0,1.0,1.0,1.0,1,1,0,1,0
C,ALINBUW60CTR5:3:B005SRTDWQ,tail,1,,,0.0,0.0,0.0,0.0,0.0,0.0,0.0,0.0,0.0,0.0,0.0,0.0,0,0,0,1,0
C,AMFMVWHYF2Q6T:13:B0028RC5N8,head,1,,,0.0,0.0,0.0,0.0,0.0,0.0,0.0,0.0,0.0,0.0,0.0,0.0,0,0,0,1,0
C,AMGX9DJU7SUN5:1:B000XSPQ62,tail,1,,,0.0,0.0,0.0,0.0,0.0,0.0,0.0,0.0,0.0,0.0,0.0,0.0,0,0,0,1,0
C,ANWGU39XG6E1E:3:B004EDYQX6,head,1,,,0.0,0.0,0.0,0.0,0.0,0.0,0.0,0.0,0.0,0.0,0.0,0.0,0,0,0,1,0
C,AOD6SI4CEXXYD:3:B008PEXV3Q,head,1,6,6,0.0,0.0,1.0,0.3562071871080222,1.0,0.16666666666666666,0.0,0.0,1.0,0.3562071871080222,1.0,0.16666666666666666,1,1,0,1,0
C,APMYPD97EHUUZ:2:B00GTBZ85Q,head,1,,,0.0,0.0,0.0,0.0,0.0,0.0,0.0,0.0,0.0,0.0,0.0,0.0,0,0,0,1,0
C,AQPI5503POZ6E:2:B00128WK4I,head,1,3,4,1.0,0.5,1.0,0.5,1.0,0.3333333333333333,1.0,0.43067655807339306,1.0,0.43067655807339306,1.0,0.25,1,1,0,1,0
C,AQRTYN99EMAW4:1:B001BODO2A,head,1,,,0.0,0.0,0.0,0.0,0.0,0.0,0.0,0.0,0.0,0.0,0.0,0.0,0,0,0,1,0
C,AQWDQAWQYDB2S:6:B00GXE29EM,tail,1,43,45,0.0,0.0,0.0,0.0,1.0,0.023255813953488372,0.0,0.0,0.0,0.0,1.0,0.022222222222222223,1,1,0,1,0
C,ARFRKID8WSIIL:15:B00JX979CQ,head,1,1,1,1.0,1.0,1.0,1.0,1.0,1.0,1.0,1.0,1.0,1.0,1.0,1.0,1,1,0,1,0
C,ASP7WZLP5C2MW:6:B00D76IPK6,tail,1,,,0.0,0.0,0.0,0.0,0.0,0.0,0.0,0.0,0.0,0.0,0.0,0.0,0,0,0,1,0
C,ASTCD6ATHMD5T:4:B001L1H8DY,tail,1,,,0.0,0.0,0.0,0.0,0.0,0.0,0.0,0.0,0.0,0.0,0.0,0.0,0,0,0,1,0
C,ASW0Q4I89SDRD:2:B00631JA8S,head,1,,,0.0,0.0,0.0,0.0,0.0,0.0,0.0,0.0,0.0,0.0,0.0,0.0,0,0,0,1,0
C,ATGMQF8WMGRY5:1:B001ET7EE6,tail,1,,,0.0,0.0,0.0,0.0,0.0,0.0,0.0,0.0,0.0,0.0,0.0,0.0,0,0,0,1,0
C,ATJZ2IBUD9NML:4:B0009ET6BQ,tail,1,,,0.0,0.0,0.0,0.0,0.0,0.0,0.0,0.0,0.0,0.0,0.0,0.0,0,0,0,1,0
C,AU5DPZ04JF6J3:1:B00107BB82,head,1,,,0.0,0.0,0.0,0.0,0.0,0.0,0.0,0.0,0.0,0.0,0.0,0.0,0,0,0,1,0
C,AV31W9WC1MWDN:4:B005OZF1S2,head,1,5,5,1.0,0.38685280723454163,1.0,0.38685280723454163,1.0,0.2,1.0,0.38685280723454163,1.0,0.38685280723454163,1.0,0.2,1,1,0,1,0
C,AVHN134ADVP4R:4:B00AILKE6G,head,1,,,0.0,0.0,0.0,0.0,0.0,0.0,0.0,0.0,0.0,0.0,0.0,0.0,0,0,0,1,0
C,AVYV7GG3JUKT3:1:B000NWDSAE,head,1,14,17,0.0,0.0,0.0,0.0,1.0,0.07142857142857142,0.0,0.0,0.0,0.0,1.0,0.058823529411764705,1,1,0,1,0
C,AWFGKB5SCJAO2:10:B00J5D8BY0,head,1,10,9,0.0,0.0,1.0,0.2890648263178879,1.0,0.1,0.0,0.0,1.0,0.3010299956639812,1.0,0.1111111111111111,1,1,0,1,0
C,AWFGKB5SCJAO2:4:B00HAT8EKW,tail,1,4,5,1.0,0.43067655807339306,1.0,0.43067655807339306,1.0,0.25,1.0,0.38685280723454163,1.0,0.38685280723454163,1.0,0.2,1,1,0,1,0
C,AWFGKB5SCJAO2:7:B00IIB82FS,tail,1,7,7,0.0,0.0,1.0,0.3333333333333333,1.0,0.14285714285714285,0.0,0.0,1.0,0.3333333333333333,1.0,0.14285714285714285,1,1,0,1,0
C,AWNQ2PULUBHDH:10:B0009ET5JE,head,1,,,0.0,0.0,0.0,0.0,0.0,0.0,0.0,0.0,0.0,0.0,0.0,0.0,0,0,0,1,0
C,AY9HUIJWJ8TT7:3:B001P92FMG,tail,1,1,1,1.0,1.0,1.0,1.0,1.0,1.0,1.0,1.0,1.0,1.0,1.0,1.0,1,1,0,1,0
